-- MySQL dump 10.14  Distrib 5.5.60-MariaDB, for Linux (x86_64)
--
-- Host: localhost    Database: itwork
-- ------------------------------------------------------
-- Server version	5.5.60-MariaDB

/*!40101 SET @OLD_CHARACTER_SET_CLIENT=@@CHARACTER_SET_CLIENT */;
/*!40101 SET @OLD_CHARACTER_SET_RESULTS=@@CHARACTER_SET_RESULTS */;
/*!40101 SET @OLD_COLLATION_CONNECTION=@@COLLATION_CONNECTION */;
/*!40101 SET NAMES utf8 */;
/*!40103 SET @OLD_TIME_ZONE=@@TIME_ZONE */;
/*!40103 SET TIME_ZONE='+00:00' */;
/*!40014 SET @OLD_UNIQUE_CHECKS=@@UNIQUE_CHECKS, UNIQUE_CHECKS=0 */;
/*!40014 SET @OLD_FOREIGN_KEY_CHECKS=@@FOREIGN_KEY_CHECKS, FOREIGN_KEY_CHECKS=0 */;
/*!40101 SET @OLD_SQL_MODE=@@SQL_MODE, SQL_MODE='NO_AUTO_VALUE_ON_ZERO' */;
/*!40111 SET @OLD_SQL_NOTES=@@SQL_NOTES, SQL_NOTES=0 */;

--
-- Table structure for table `area`
--

DROP TABLE IF EXISTS `area`;
/*!40101 SET @saved_cs_client     = @@character_set_client */;
/*!40101 SET character_set_client = utf8 */;
CREATE TABLE `area` (
  `a_id` int(8) unsigned NOT NULL AUTO_INCREMENT COMMENT '地区id',
  `area` varchar(40) NOT NULL COMMENT '分公司地区',
  PRIMARY KEY (`a_id`)
) ENGINE=InnoDB AUTO_INCREMENT=3 DEFAULT CHARSET=utf8;
/*!40101 SET character_set_client = @saved_cs_client */;

--
-- Dumping data for table `area`
--

LOCK TABLES `area` WRITE;
/*!40000 ALTER TABLE `area` DISABLE KEYS */;
INSERT INTO `area` VALUES (1,'北京'),(2,'慈溪');
/*!40000 ALTER TABLE `area` ENABLE KEYS */;
UNLOCK TABLES;

--
-- Table structure for table `hardware_department`
--

DROP TABLE IF EXISTS `hardware_department`;
/*!40101 SET @saved_cs_client     = @@character_set_client */;
/*!40101 SET character_set_client = utf8 */;
CREATE TABLE `hardware_department` (
  `d_id` int(5) unsigned NOT NULL AUTO_INCREMENT COMMENT '部门ID',
  `department` char(20) NOT NULL COMMENT '门部名称',
  PRIMARY KEY (`d_id`)
) ENGINE=MyISAM AUTO_INCREMENT=33 DEFAULT CHARSET=utf8 COMMENT='部门';
/*!40101 SET character_set_client = @saved_cs_client */;

--
-- Dumping data for table `hardware_department`
--

LOCK TABLES `hardware_department` WRITE;
/*!40000 ALTER TABLE `hardware_department` DISABLE KEYS */;
INSERT INTO `hardware_department` VALUES (1,'IT部'),(2,'财务部'),(3,'原料采购部'),(4,'饲料厂'),(5,'设备部'),(6,'蛋鸡场'),(7,'工艺研发部'),(8,'青年鸡场'),(10,'饲料品管'),(11,'分级厂'),(12,'深加工'),(13,'仓储部'),(14,'计划部'),(16,'设备科'),(17,'物流部'),(18,'销管中心'),(19,'研发品保中心'),(21,'人力资源'),(22,'物料采购部'),(23,'总裁办'),(24,'行政部'),(25,'液蛋加工厂'),(26,'销售部');
/*!40000 ALTER TABLE `hardware_department` ENABLE KEYS */;
UNLOCK TABLES;

--
-- Table structure for table `hardware_object`
--

DROP TABLE IF EXISTS `hardware_object`;
/*!40101 SET @saved_cs_client     = @@character_set_client */;
/*!40101 SET character_set_client = utf8 */;
CREATE TABLE `hardware_object` (
  `o_id` int(5) unsigned NOT NULL AUTO_INCREMENT COMMENT '维护对象ID',
  `object` char(20) DEFAULT NULL COMMENT '护维对象',
  PRIMARY KEY (`o_id`)
) ENGINE=MyISAM AUTO_INCREMENT=12 DEFAULT CHARSET=utf8 COMMENT='维护对象';
/*!40101 SET character_set_client = @saved_cs_client */;

--
-- Dumping data for table `hardware_object`
--

LOCK TABLES `hardware_object` WRITE;
/*!40000 ALTER TABLE `hardware_object` DISABLE KEYS */;
INSERT INTO `hardware_object` VALUES (1,'电脑'),(2,'电话'),(3,'打印机'),(4,'服务器'),(5,'机器人'),(6,'网络'),(7,'监控'),(8,'布线施工'),(9,'其他'),(10,'订餐系统');
/*!40000 ALTER TABLE `hardware_object` ENABLE KEYS */;
UNLOCK TABLES;

--
-- Table structure for table `hardware_problem`
--

DROP TABLE IF EXISTS `hardware_problem`;
/*!40101 SET @saved_cs_client     = @@character_set_client */;
/*!40101 SET character_set_client = utf8 */;
CREATE TABLE `hardware_problem` (
  `p_id` int(8) unsigned NOT NULL AUTO_INCREMENT COMMENT '问题ID',
  `a_id` int(8) DEFAULT NULL COMMENT '地区id',
  `p_date` date NOT NULL COMMENT '提交日期',
  `d_id` int(5) NOT NULL COMMENT '部门ID',
  `submit_user` char(20) DEFAULT NULL COMMENT '报人提',
  `o_id` int(5) NOT NULL COMMENT '维护对象ID',
  `t_id` int(5) DEFAULT NULL COMMENT '维护类型ID',
  `problem` varchar(100) DEFAULT NULL COMMENT '问题',
  `method` varchar(100) DEFAULT NULL COMMENT '处理方法',
  `used` int(4) NOT NULL COMMENT '时用',
  `u_id` int(5) NOT NULL COMMENT '处理人ID',
  `week` int(8) unsigned DEFAULT NULL COMMENT '第几周',
  `ip_address` varchar(40) NOT NULL COMMENT 'ip地址',
  `create_time` timestamp NOT NULL DEFAULT CURRENT_TIMESTAMP ON UPDATE CURRENT_TIMESTAMP COMMENT '创建时间',
  PRIMARY KEY (`p_id`),
  KEY `u_id` (`u_id`)
) ENGINE=MyISAM AUTO_INCREMENT=1744 DEFAULT CHARSET=utf8 COMMENT='问题表';
/*!40101 SET character_set_client = @saved_cs_client */;

--
-- Dumping data for table `hardware_problem`
--

LOCK TABLES `hardware_problem` WRITE;
/*!40000 ALTER TABLE `hardware_problem` DISABLE KEYS */;
INSERT INTO `hardware_problem` VALUES (1,1,'2017-01-02',11,'刘轩瑞',1,14,'offce2010激活','用激活工具激活否',0,3,1,'','2018-02-22 06:47:15'),(2,1,'2017-01-03',4,'蔡德华',1,14,'offce2010激活','用激活工具激活否',0,3,1,'','2018-02-22 06:47:15'),(3,1,'2017-01-03',1,'刘永银',6,8,'蛋鸡厂opc电脑连不上网','重做水晶头',0,3,1,'','2018-02-22 06:47:15'),(4,1,'2017-01-03',4,'蔡德华',1,14,'需要offce2010激活设置Windows共享','offce2010激活设置Windows共享',0,3,1,'','2018-02-22 06:47:15'),(5,1,'2017-01-03',18,'杨洋',1,19,'需要系统垃圾软件清理，安装小助手，设置上网认证，设置VPN','系统垃圾软件清理，安装小助手，设置上网认证，设置VPN',0,3,1,'','2018-02-22 06:47:15'),(6,1,'2017-01-03',18,'朱琳',3,6,'打印机不打印，碳粉耗光','更换碳粉',0,3,1,'','2018-02-22 06:47:15'),(7,1,'2017-01-03',2,'王海霞',1,14,'协助北京总部财务登录SS系统处理事务，更新域账户Xinglx。','协助北京总部财务登录SS系统处理事务，更新域账户Xinglx。',0,3,1,'','2018-02-22 06:47:15'),(8,1,'2017-01-04',1,'刘永银',7,15,'监控无图像','断电，通电',0,3,1,'','2018-02-22 06:47:15'),(9,1,'2017-01-04',4,'蔡德华',6,14,'网络驱动器打不开','主机防火墙设置不当，调整后正常访问',0,3,1,'','2018-02-22 06:47:15'),(10,1,'2017-01-04',4,'贾豪磊',7,15,'断网','重启交换机',0,3,1,'','2018-02-22 06:47:15'),(11,1,'2017-01-05',23,'董伟国',3,5,'打印文档乱码','检查是“华文中宋”字体通病导致，换字体',0,3,1,'','2018-02-22 06:47:15'),(12,1,'2017-01-05',6,'赵琴琴',3,6,'打印机位置2卡纸','更换卡纸传感器拨杆，清洁打印机解决',0,3,1,'','2018-02-22 06:47:15'),(13,1,'2017-01-05',2,'许泽云',1,14,'安装Office2007','安装Office2007',0,3,1,'','2018-02-22 06:47:15'),(14,1,'2017-01-05',2,'何雪芹',3,5,'不会扫描','培训扫描',0,3,1,'','2018-02-22 06:47:15'),(15,1,'2017-01-06',18,'李小静',1,14,'VPN连接不上','重启电脑解决',0,3,1,'','2018-02-22 06:47:15'),(16,1,'2017-01-07',25,'高林',1,14,'安装VPN','安装VPN',0,3,1,'','2018-02-22 06:47:15'),(17,1,'2017-01-09',6,'赵琴琴',1,14,'安装VPN','安装VPN',0,3,2,'','2018-02-22 06:47:15'),(18,1,'2017-01-09',11,'刘雪梅',1,14,'二伪码生成不了','联系胡成飞调程序',0,3,2,'','2018-02-22 06:47:15'),(19,1,'2017-01-12',21,'张保英',3,5,'打印图案有压痕','清理打印机的出纸轮',0,3,2,'','2018-02-22 06:47:15'),(20,1,'2017-01-01',8,'陈正钢',6,17,'男宿舍101上不了网','路由器重置',0,3,52,'','2018-02-22 06:47:15'),(21,1,'2017-01-14',1,'刘永银',2,1,'消防泵房加装电话，宿舍西设备库房调试电话','消防泵房加装电话，宿舍西设备库房调试电话',0,3,2,'','2018-02-22 06:47:15'),(22,1,'2017-01-14',1,'刘永银',6,8,'加装深信服，双机热备','加装深信服，双机热备',0,3,2,'','2018-02-22 06:47:15'),(23,1,'2017-01-14',1,'刘永银',3,6,'打印机脏','清理打印机',0,3,2,'','2018-02-22 06:47:15'),(24,1,'2017-01-14',1,'刘永银',9,20,'UPS放电测试','UPS放电测试',0,3,2,'','2018-02-22 06:47:15'),(25,1,'2017-01-16',18,'彭晏楠',2,4,'电话通话有间断','换水电话水晶头解决',0,3,3,'','2018-02-22 06:47:15'),(26,1,'2017-01-16',23,'董伟国',3,5,'不能打印','重新启动打印程序',0,3,3,'','2018-02-22 06:47:15'),(27,1,'2017-01-16',21,'张宝英',6,17,'网络故障','安装无线网卡',0,3,3,'','2018-02-22 06:47:15'),(28,1,'2017-01-17',17,'陈晶伟',3,5,'不能共享','重新添加打印机',0,3,3,'','2018-02-22 06:47:15'),(29,1,'2017-01-17',25,'崔蓉蓉',1,14,'网络驱动器打不开','设置用户权限解决',0,3,3,'','2018-02-22 06:47:15'),(30,1,'2017-01-17',22,'冯渊',6,17,'断网','网卡禁用再启用',0,3,3,'','2018-02-22 06:47:15'),(31,1,'2017-01-18',22,'李淑贤',6,17,'IP地址冲突','重启电脑解决',0,5,3,'','2018-02-22 06:47:15'),(32,1,'2017-01-18',25,'崔蓉蓉',6,5,'E盘不能共享','重新设置',0,3,3,'','2018-02-22 06:47:15'),(33,1,'2017-01-18',25,'崔蓉蓉',6,5,'打印机共享','设置打印机共享',0,3,3,'','2018-02-22 06:47:15'),(34,1,'2017-01-18',25,'马世斌',2,1,'重新加装电话3部重新布置网络','重新加装电话3部重新布置网络',0,3,3,'','2018-02-22 06:47:15'),(35,1,'2017-01-19',8,'肖婧',6,17,'宿舍上不了网','重设路由',0,3,3,'','2018-02-22 06:47:15'),(36,1,'2017-01-20',18,'马红峪',3,5,'打印内容全黑','换硒鼓组件解决',0,3,3,'','2018-02-22 06:47:15'),(37,1,'2017-01-20',8,'肖婧',6,17,'BFN电脑连不网','网卡禁用再启用',0,3,3,'','2018-02-22 06:47:15'),(38,1,'2017-01-20',25,'梁丽艳',6,2,'液蛋新办公区太冷，用户移回旧办公室，连接网络，设置WIFI。','移回旧办公室，连接网络，设置WIFI。',0,3,3,'','2018-02-22 06:47:15'),(39,1,'2017-01-20',18,'杜爱宇',1,14,'销管打印机坏','安装大办公室打印机驱动',0,3,3,'','2018-02-22 06:47:15'),(40,1,'2017-01-20',19,'刘永银',1,14,'销管打印机坏','安装大办公室打印机驱动',0,3,3,'','2018-02-22 06:47:15'),(41,1,'2017-01-20',19,'刘琴',1,14,'销管打印机坏','安装大办公室打印机驱动',0,3,3,'','2018-02-22 06:47:15'),(42,1,'2017-01-20',18,'杨燕',1,14,'销管打印机坏','安装大办公室打印机驱动',0,3,3,'','2018-02-22 06:47:15'),(43,1,'2017-01-20',18,'马红峪',1,14,'销管打印机坏','安装大办公室打印机驱动',0,3,3,'','2018-02-22 06:47:15'),(44,1,'2017-01-20',18,'彭艳楠',1,14,'销管打印机坏','安装大办公室打印机驱动',0,3,3,'','2018-02-22 06:47:15'),(45,1,'2017-01-20',23,'刘璐',6,14,'笔记本连接ZD-OFFICE要求认证','在深信服里添加许可记录',0,3,3,'','2018-02-22 06:47:15'),(46,1,'2017-01-20',23,'陈云平',6,17,'电脑静态IP地址与王涛PC DHCP冲突','断开王涛电脑网络后解决',0,3,3,'','2018-02-22 06:47:15'),(47,1,'2017-01-20',25,'梁丽艳',3,5,'三星打印机在无卡纸的情况下报告卡纸','清洁打印机情况有好转',0,3,3,'','2018-02-22 06:47:15'),(48,1,'2017-01-22',22,'朱琳',3,5,'工位调整，重新安装设置打印机EPSON针式','工位调整，重新安装设置打印机EPSON针式',0,3,3,'','2018-02-22 06:47:15'),(49,1,'2017-01-22',23,'邓君平',1,19,'调整屏幕设置（屏幕旋转90度），清理垃圾软件','调整屏幕设置（屏幕旋转90度），清理垃圾软件',0,3,3,'','2018-02-22 06:47:15'),(50,1,'2017-01-22',25,'梁丽艳',1,14,'远程安装VPN','远程安装VPN',0,3,3,'','2018-02-22 06:47:15'),(51,1,'2017-01-22',26,'张宁',1,14,'手机安装VPN','手机安装VPN',0,5,3,'','2018-02-22 06:47:15'),(52,1,'2017-01-22',1,'胡海杰',1,17,'不能上网','深信服死机，重启深信服解决',0,3,3,'','2018-02-22 06:47:15'),(53,1,'2017-01-22',19,'曹静如',1,8,'电脑不能启动','检查为内存接触不良，擦拭重插解决',0,3,3,'','2018-02-22 06:47:15'),(54,1,'2017-01-23',2,'许泽云',1,14,'平板安装VPN','平板安装VPN',0,5,4,'','2018-02-22 06:47:15'),(55,1,'2017-01-23',18,'马红峪',1,14,'平板安装VPN','平板安装VPN',0,5,4,'','2018-02-22 06:47:15'),(56,1,'2017-01-23',25,'梁丽艳',6,17,'wifi连不上','wifi连不上，重新设置',0,3,4,'','2018-02-22 06:47:15'),(57,1,'2017-01-23',23,'陈云平',9,20,'中控室大屏幕有异物脱落','检查为设备塑料保护膜，扯下丢掉。',0,3,4,'','2018-02-22 06:47:15'),(58,1,'2017-01-24',1,'胡海杰',1,8,'笔记本电脑更换散热器ThinkPad T430。','笔记本电脑更换散热器ThinkPad T430。',0,3,4,'','2018-02-22 06:47:15'),(59,1,'2017-01-24',18,'张宁',1,14,'MAC笔记本设置VPN，安装Silverlight，设置远程访问SS系统','MAC笔记本设置VPN，安装Silverlight，设置远程访问SS系统',0,3,4,'','2018-02-22 06:47:15'),(60,1,'2017-01-24',16,'刘永银',1,18,'电脑换硬盘，安装操作系统','电脑换硬盘，安装操作系统',0,3,4,'','2018-02-22 06:47:15'),(61,1,'2017-01-25',25,'梁丽艳',1,14,'电脑死机，无响应。','电脑死机，无响应，强行关机重启。',0,3,4,'','2018-02-22 06:47:15'),(62,1,'2017-01-25',21,'石欣旺',2,4,'电话无声','电话无声，检查为电话线断，找到断点修复接线。',0,3,4,'','2018-02-22 06:47:15'),(63,1,'2017-02-03',5,'张小磊',6,4,'网络时断时续','重启交换机，重新插拔所有接头',0,3,5,'','2018-02-22 06:47:15'),(64,1,'2017-02-03',22,'冯渊',6,17,'电脑网线从墙壁插座脱落','电脑网线从墙壁插座脱落，重新插好',0,3,5,'','2018-02-22 06:47:15'),(65,1,'2017-02-04',17,'刘小二',3,6,'打出内容两行互相挤压','打出内容两行互相挤压，换打印机矽鼓',0,3,5,'','2018-02-22 06:47:15'),(66,1,'2017-02-04',4,'杜雪松',1,14,'笔记本电脑重装系统，Office,RTX, VPN','笔记本电脑重装系统，Office,RTX, VPN',0,3,5,'','2018-02-22 06:47:15'),(67,1,'2017-02-04',25,'梁丽艳',1,14,'远程安装VPN,设置WM访问','远程安装VPN,设置WM访问',0,3,5,'','2018-02-22 06:47:15'),(68,1,'2017-02-06',11,'宋宇航',1,14,'手机安装VPN','手机安装VPN',0,5,6,'','2018-02-22 06:47:15'),(69,1,'2017-02-06',25,'梁丽艳',1,14,'qq远程指导使用VPN','qq远程指导使用VPN',0,3,6,'','2018-02-22 06:47:15'),(70,1,'2017-02-08',19,'曹静如',1,8,'电脑不显示','电脑不显示，重新插拔主机内存条，重新插拔显示器连接线',0,3,6,'','2018-02-22 06:47:15'),(71,1,'2017-02-08',17,'何凤鹏',3,5,'打不到打印机','打不到打印机，关闭主机防火墙，重设共享',0,3,6,'','2018-02-22 06:47:15'),(72,1,'2017-02-09',4,'朱磊',3,6,'打印机不打印','打印机不打印，处理方法打印机内太脏，擦净',0,3,6,'','2018-02-22 06:47:15'),(73,1,'2017-02-09',4,'蔡德华',1,19,'程序缓慢，清理垃圾','程序缓慢，清理垃圾',0,3,6,'','2018-02-22 06:47:15'),(74,1,'2017-02-10',25,'马世斌',1,14,'远程桌面登不进去，用户名一栏补充上域名ctxng 解决','远程桌面登不进去，用户名一栏补充上域名ctxng 解决',0,3,6,'','2018-02-22 06:47:15'),(75,1,'2017-02-11',223,'刘奇',6,17,'连不上网，路由电源脱落，重新插好','连不上网，路由电源脱落，重新插好',0,3,6,'','2018-02-22 06:47:15'),(76,1,'2017-02-12',17,'范经理',1,19,'电脑运行慢，excle无法复制','电脑运行慢，excle无法复制，清垃圾，重装 office',0,3,6,'','2018-02-22 06:47:15'),(77,1,'2017-02-12',6,'刘永银',1,14,'电脑重启进不了4200，密码输错，','电脑重启进不了4200，密码输错，',0,3,6,'','2018-02-22 06:47:15'),(78,1,'2017-02-12',21,'崔进铮',1,14,'协助设置运行Excel VBA脚本','协助设置运行Excel VBA脚本',0,3,6,'','2018-02-22 06:47:15'),(79,1,'2017-02-01',4,'杨宝田',1,8,'监控电脑更换显卡用于连接拼接屏，但拼接屏控制器坏','监控电脑更换显卡用于连接拼接屏，但拼接屏控制器坏',0,3,5,'','2018-02-22 06:47:15'),(80,1,'2017-02-01',11,'宋宇航',3,5,'MOBA生产电脑无法打印，打印机USB电缆被插在打印机网口，重插解决','MOBA生产电脑无法打印，打印机USB电缆被插在打印机网口，重插解决',0,3,5,'','2018-02-22 06:47:15'),(81,1,'2017-02-01',11,'计划部(质检)',1,8,'电脑启动但显示器无显示，诊断为显卡解除不良，重新插拔显卡解决','电脑启动但显示器无显示，诊断为显卡解除不良，重新插拔显卡解决',0,3,5,'','2018-02-22 06:47:15'),(82,1,'2017-02-01',5,'张小磊',6,8,'水晶头接触不良，换水晶头','水晶头接触不良，换水晶头',0,3,5,'','2018-02-22 06:47:15'),(83,1,'2017-02-01',8,'肖婧',1,8,'电脑黑屏，重新插拔内存解决','电脑黑屏，重新插拔内存解决',0,3,5,'','2018-02-22 06:47:15'),(84,1,'2017-02-01',8,'肖婧',3,6,'无法扫描，扫描组件排线或电机坏。','无法扫描，扫描组件排线或电机坏。',0,3,5,'','2018-02-22 06:47:15'),(85,1,'2017-02-01',8,'肖婧',3,5,'设置打印机共享','设置打印机共享',0,3,5,'','2018-02-22 06:47:15'),(86,1,'2017-02-01',8,'李政',6,17,'宿舍上不去网，重置路由器解决','宿舍上不去网，重置路由器解决',0,3,5,'','2018-02-22 06:47:15'),(87,1,'2017-02-01',8,'李建立',6,17,'电工房水晶头坏','电工房水晶头坏，换水晶头',0,3,5,'','2018-02-22 06:47:15'),(88,1,'2017-02-14',5,'李国伟',1,8,'电脑报警','重新插拔内存解决',0,3,7,'','2018-02-22 06:47:15'),(89,1,'2017-02-14',1,'刘永银',1,14,'装teamwer,360杀毒，小助手，桌面管理软件，设置远程连接','装teamwer,360杀毒，小助手，桌面管理软件，设置远程连接',0,3,7,'','2018-02-22 06:47:15'),(90,1,'2017-02-15',22,'贾总',1,8,'拆硬盘，复制电脑数据','拆硬盘，复制电脑数据',0,3,7,'','2018-02-22 06:47:15'),(91,1,'2017-02-15',21,'李丹丹',6,17,'电脑上不了网','重启解决',0,3,7,'','2018-02-22 06:47:15'),(92,1,'2017-02-16',14,'于新卉',6,17,'电脑连不上网','重启电脑解决',0,3,7,'','2018-02-22 06:47:15'),(93,1,'2017-02-16',11,'宋宇航',3,6,'标签热敏打印机维修，打印机报错','打印机部件被漏装',0,3,7,'','2018-02-22 06:47:15'),(94,1,'2017-02-16',22,'贾立鹏',1,14,'Win10系统装虚拟机WIN7,在虚拟机上安装CISCO VPN','Win10系统装虚拟机WIN7,在虚拟机上安装CISCO VPN',0,3,7,'','2018-02-22 06:47:15'),(95,1,'2017-02-16',2,'王海霞',1,14,'USB证书不识别','微信自带浏览器不能运行ActiveX控件，改用IE',0,3,7,'','2018-02-22 06:47:15'),(96,1,'2017-02-16',21,'张保英',3,14,'安装销管办公室打印机驱动用于双面打印','安装销管办公室打印机驱动用于双面打印',0,3,7,'','2018-02-22 06:47:15'),(97,1,'2017-02-21',25,'梁丽艳',3,5,'安装针式打印机LQ-80KF','安装针式打印机LQ-80KF',0,3,8,'','2018-02-22 06:47:15'),(98,1,'2017-02-21',11,'宋宇航',6,8,'整理分级厂入库地磅工位计算机线缆与地磅仪表线缆','整理分级厂入库地磅工位计算机线缆与地磅仪表线缆',0,3,8,'','2018-02-22 06:47:15'),(99,1,'2017-02-21',23,'实习生',3,14,'实习生个人计算机安装设置小助手，打印机设定','实习生个人计算机安装设置小助手，打印机设定',0,3,8,'','2018-02-22 06:47:15'),(100,1,'2017-02-22',23,'泰国专家',1,8,'笔记本电脑散热器异响，拆开笔记本电脑清理灰尘及异物解决','笔记本电脑散热器异响，拆开笔记本电脑清理灰尘及异物解决',0,3,8,'','2018-02-22 06:47:15'),(101,1,'2017-02-22',12,'梁丽艳',3,5,'打印机打印票据调试设置','打印机打印票据调试设置',0,3,8,'','2018-02-22 06:47:15'),(102,1,'2017-02-22',23,'任健',3,5,'打印机双面复印设置','打印机双面复印设置',0,4,8,'','2018-02-22 06:47:15'),(103,1,'2017-02-22',24,'侍广杰',3,5,'打印机彩色复印设置','打印机彩色复印设置',0,4,8,'','2018-02-22 06:47:15'),(104,1,'2017-02-24',21,'杨天晨',6,17,'台式机无线不能上网，插拔外置网卡，重启系统网卡','台式机无线不能上网，插拔外置网卡，重启系统网卡',0,4,8,'','2018-02-22 06:47:15'),(105,1,'2017-02-25',14,'刘永银',8,2,'挪办公室，布线施工','挪办公室，布线施工',0,2,8,'','2018-02-22 06:47:15'),(106,1,'2017-02-27',18,'杨洋',6,17,'电脑不能上网','交换机对应台式机网线没插好，重插网线',0,4,9,'','2018-02-22 06:47:15'),(107,1,'2017-02-27',18,'杨洋',1,16,'电脑屏幕左旋90度','Ctrl+Alt+向上箭头 调整完毕',0,5,9,'','2018-02-22 06:47:15'),(108,1,'2017-02-27',14,'王欣燕',1,8,'电脑黑屏','重新插拔内存显卡解决',0,3,9,'','2018-02-22 06:47:15'),(109,1,'2017-02-27',17,'陈晶伟',6,17,'本地网络故障','测试中控到发货平台主线，插拔线路，连接打印机',0,2,9,'','2018-02-22 06:47:15'),(110,1,'2017-02-28',26,'马红峪',6,5,'扫描不成功','问题是ftp服务器上21端口被其他软件占用，导致扫描文件找不到文件路径，改端口可以',0,4,9,'','2018-02-22 06:47:15'),(111,1,'2017-02-28',26,'李建秋',6,5,'扫描网络中断','注销ftpadmin账号，登陆administr账号，开启扫描软件',0,4,9,'','2018-02-22 06:47:15'),(112,1,'2017-02-28',17,'曹英俊',3,5,'打印机不能打印','重调打印机共享',0,3,9,'','2018-02-22 06:47:15'),(113,1,'2017-02-28',17,'曹英俊',1,14,'SS系统登不上去','IP地址选错，选用正确的IP地址',0,3,9,'','2018-02-22 06:47:15'),(114,1,'2017-03-01',1,'何凤鹏',2,5,'1.不会连接打印机2.没有电话线','正确连接2.没有电话线，提供电话线接通电话',0,4,9,'','2018-02-22 06:47:15'),(115,1,'2017-03-01',1,'程俊',3,5,'win10笔记本：1.打印机安装驱动后报错：打印机端口状态错误','打印机端口状态错误，需要新建端口，选择本地打印机ip地址',0,4,9,'','2018-02-22 06:47:15'),(116,1,'2017-03-01',18,'杨洋',3,5,'打印机脱机','取消打印作业，重新打印',0,3,9,'','2018-02-22 06:47:15'),(117,1,'2017-03-02',2,'王海霞',3,5,'一摁扫面键报警，不能扫描','当前用户cw扫面权限设置有误，需要重新设置',0,4,9,'','2018-02-22 06:47:15'),(118,1,'2017-03-02',4,'刘永银',1,8,'不开机','电源无电，找到电源闸刀合上',0,3,9,'','2018-02-22 06:47:15'),(119,1,'2017-03-02',4,'刘永银',6,15,'不显示画面','换交换机端水晶头',0,3,9,'','2018-02-22 06:47:15'),(120,1,'2017-03-02',25,'高林',1,14,'上不了网，没有安装小助手','安装小助手',0,5,9,'','2018-02-22 06:47:15'),(121,1,'2017-03-02',11,'宋宇航',2,7,'分级场跟设备部电话串号','登录程控交换机后台调号',0,2,9,'','2018-02-22 06:47:15'),(122,1,'2017-03-02',1,'马仁涛',1,14,'新增服务器需要安装热备软件','安装热备软件',0,2,9,'','2018-02-22 06:47:15'),(123,1,'2017-03-02',11,'刘永银',3,5,'共享打印机','共享打印机',0,3,9,'','2018-02-22 06:47:15'),(124,1,'2017-03-02',11,'刘永银',2,1,'生产电话接分机','生产电话接分机',0,3,9,'','2018-02-22 06:47:15'),(125,1,'2017-03-03',23,'邓君平',3,6,'销售订单经常接收不到','更换传真机硬件',0,2,9,'','2018-02-22 06:47:15'),(126,1,'2017-03-03',11,'宋宇航',2,14,'无法拨打外线','增加外线权限',0,2,9,'','2018-02-22 06:47:15'),(127,1,'2017-03-03',2,'廉络',3,5,'无法打印','开启部门认证，重新确认',0,4,9,'','2018-02-22 06:47:15'),(128,1,'2017-03-03',2,'何凤鹏',3,5,'无法打印','开启部门认证，重新确认',0,4,9,'','2018-02-22 06:47:15'),(129,1,'2017-03-06',23,'何平',3,5,'无法打印A5图片','重新安装A4，A5驱动，ss系统A5驱动',0,4,10,'','2018-02-22 06:47:15'),(130,1,'2017-03-06',14,'张琳',3,5,'无法打印','卡纸严重，用螺丝刀和镊子取出卡纸',0,4,10,'','2018-02-22 06:47:15'),(131,1,'2017-03-06',2,'李晓东',3,5,'打印后，不能自己选择纸盒，需要人过去手动选，不然一直报警','打印机界面---效用---纸张设置---纸盒1--普通纸',0,4,10,'','2018-02-22 06:47:15'),(132,1,'2017-03-06',22,'秦鹏飞',3,5,'打印测试页可以，打印表格不行','更换驱动从PS-PCL-设置',0,4,10,'','2018-02-22 06:47:15'),(133,1,'2017-03-07',23,'李晓晓',3,5,'无法打印','开启部门认证，重新确认',0,4,10,'','2018-02-22 06:47:15'),(134,1,'2017-03-07',14,'杨雪梅',2,7,'1867需要外线，给开通市话，local','登录程控交换机后台调号',0,4,10,'','2018-02-22 06:47:15'),(135,1,'2017-03-07',8,'陈正钢',7,15,'无图像','把电源接好',0,3,10,'','2018-02-22 06:47:15'),(136,1,'2017-03-08',19,'吴宝川',3,5,'无法打印','开启部门认证，重新确认',0,4,10,'','2018-02-22 06:47:15'),(137,1,'2017-03-08',2,'王海霞',3,5,'开通彩打权限','开通彩打权限',0,5,10,'','2018-02-22 06:47:15'),(138,1,'2017-03-08',17,'赵志辉',3,6,'新租一台震旦打印机安装到储运部发货平台','连接网线，安装驱动，教同事使用',0,4,10,'','2018-02-22 06:47:15'),(139,1,'2017-03-08',2,'廉络',1,14,'office太卡，打不开表格','删除多余软件，重新安装office',0,4,10,'','2018-02-22 06:47:15'),(140,1,'2017-03-09',12,'马世斌',1,18,'商务笔记本1G内存，win7旗舰版太卡','安装xp系统',0,4,10,'','2018-02-22 06:47:15'),(141,1,'2017-03-09',23,'何平',3,5,'对现在的打印机驱动不满意，嫌使用麻烦','安装28-2SeriesPS代替PCL和A5打印驱动',0,4,10,'','2018-02-22 06:47:15'),(142,1,'2017-03-09',24,'苏满立',7,15,'停车场监控看不了当天录像','设置，调式，教会如何使用',0,4,10,'','2018-02-22 06:47:15'),(143,1,'2017-03-09',17,'朱军',3,14,'ss系统打印不能默认到针式打印机','从电脑上设置默认打印机，系统退出重进',0,4,10,'','2018-02-22 06:47:15'),(144,1,'2017-03-09',1,'刘永银',7,15,'大办公室门口不显示','重新插拔交换机端水晶头',0,3,10,'','2018-02-22 06:47:15'),(145,1,'2017-03-09',6,'泰国专家',1,8,'笔记本换风扇','笔记本换风风扇',0,3,10,'','2018-02-22 06:47:15'),(146,1,'2017-03-10',6,'李光伟',6,13,'蛋鸡场分发的其中一个平板需要上网','登录盈高后台添加信任84-BE-52-84-37-08',0,4,10,'','2018-02-22 06:47:15'),(147,1,'2017-03-10',12,'赵顺利',1,13,'新买笔记本需要上网','登录深信服绑定mac：98-54-1B-1C-71-63',0,4,10,'','2018-02-22 06:47:15'),(148,1,'2017-03-10',23,'杨关俊',1,14,'新买笔记本上网安装VPN更换系统显示语音','重新更换英文版操作系统、安装VPN软件',0,2,10,'','2018-02-22 06:47:15'),(149,1,'2017-03-10',23,'邓君平',3,6,'传真机无法接收订单','更换打印机传真机组件',0,2,10,'','2018-02-22 06:47:15'),(150,1,'2017-03-10',1,'马仁涛',9,20,'恒温恒湿加湿器组件漏水','更换加湿器容器',0,2,10,'','2018-02-22 06:47:15'),(151,1,'2017-03-10',11,'宋宇航',2,4,'电话无法拨打外线','登录程控交换机1850号码增加权限',0,2,10,'','2018-02-22 06:47:15'),(152,1,'2017-03-10',19,'王兴艳',3,5,'不能打印，新搬来工位，没有驱动','安装销管办公室打印机驱动',0,4,10,'','2018-02-22 06:47:15'),(153,1,'2017-03-01',23,'董伟国',3,5,'不能打印，打印及驱动掉线，更新失败','重新安装打印机驱动',0,4,9,'','2018-02-22 06:47:15'),(154,1,'2017-03-01',23,'任严民',3,5,'打印机软件暂停打印','取消暂停打印',0,4,9,'','2018-02-22 06:47:15'),(155,1,'2017-03-01',1,'刘永银',2,4,'电话无法拨打外线','登录程控交换机183号码增加权限',0,4,9,'','2018-02-22 06:47:15'),(156,1,'2017-03-01',23,'曹鹏辉',3,5,'打印机脱机','重启打印服务',0,4,9,'','2018-02-22 06:47:15'),(157,1,'2017-03-01',21,'金雨莹',3,5,'打印文件，出现文件夹保存窗口','设置打印机机为灰色打印，重新打开文件',0,4,9,'','2018-02-22 06:47:15'),(158,1,'2017-03-01',11,'胡伟鹏',6,13,'不能上网','mac绑定，安装准入小助手',0,4,9,'','2018-02-22 06:47:15'),(159,1,'2017-03-01',2,'王海霞',3,5,'需要彩色复印身份证彩色扫面','开彩色复印权限，并教如何复印身份证',0,4,9,'','2018-02-22 06:47:15'),(160,1,'2017-03-01',19,'刘琴',1,14,'需要安装SAP软件','根据安装操作说明下一步安装并配置',0,4,9,'','2018-02-22 06:47:15'),(161,1,'2017-03-01',2,'廉络',1,14,'需要安装SAP软件','根据安装操作说明下一步安装并配置',0,4,9,'','2018-02-22 06:47:15'),(162,1,'2017-03-01',2,'魏小颖',1,14,'需要安装SAP软件','根据安装操作说明下一步安装并配置',0,4,9,'','2018-02-22 06:47:15'),(163,1,'2017-03-01',2,'王涛',1,14,'需要安装SAP软件','根据安装操作说明下一步安装并配置',0,4,9,'','2018-02-22 06:47:15'),(164,1,'2017-03-01',6,'赵琴琴',1,14,'需要安装SAP软件','远程安装',0,4,9,'','2018-02-22 06:47:15'),(165,1,'2017-03-01',11,'宋宇航',1,14,'需要安装SAP软件','远程安装',0,4,9,'','2018-02-22 06:47:15'),(166,1,'2017-03-01',12,'梁丽艳',1,14,'需要安装SAP软件','远程安装',0,4,9,'','2018-02-22 06:47:15'),(167,1,'2017-03-01',5,'张晓磊',1,14,'需要安装SAP软件','远程安装',0,4,9,'','2018-02-22 06:47:15'),(168,1,'2017-03-01',4,'蔡得华',1,14,'需要安装SAP软件','远程安装',0,4,9,'','2018-02-22 06:47:15'),(169,1,'2017-03-01',8,'肖婧',1,14,'需要安装SAP软件','远程安装',0,4,9,'','2018-02-22 06:47:15'),(170,1,'2017-03-14',3,'贾豪磊',1,14,'需要安装SAP软件','远程安装',0,4,11,'','2018-02-22 06:47:15'),(171,1,'2017-03-14',25,'赵伟',1,14,'需要安装SAP软件','远程安装',0,4,11,'','2018-02-22 06:47:15'),(172,1,'2017-03-14',12,'李静',6,13,'笔记本需要上网办公','登录深信服绑定mac：98-54-1B-1C-71-63',0,4,11,'','2018-02-22 06:47:15'),(173,1,'2017-03-14',14,'王云',6,13,'笔记本需要上网办公--新来经理','登录深信服绑定mac：84-EF-18-E1-D1-5B',0,4,11,'','2018-02-22 06:47:15'),(174,1,'2017-03-14',26,'彭艳楠',3,5,'打印机不能打印，驱动正常','卸载，重启电脑，安装驱动，配置',0,4,11,'','2018-02-22 06:47:15'),(175,1,'2017-03-14',26,'杜爱宇',6,17,'一体机不能链接cp_egg参观网','重启参观网络AC控制器',0,4,11,'','2018-02-22 06:47:15'),(176,1,'2017-03-14',1,'刘永银',6,17,'食堂网络需要更换AP（H3C）','更换TP-link为AP，并设置交换机端口，配置',0,4,11,'','2018-02-22 06:47:15'),(177,1,'2017-03-14',12,'刘沧泉',2,4,'可以接座机电话，不能接手机电话','补充配置更换号码命令的后3行',0,2,11,'','2018-02-22 06:47:15'),(178,1,'2017-03-15',1,'刘永银',7,15,'Genetec上所有监控掉线','重启Genetec服务器',0,2,11,'','2018-02-22 06:47:15'),(179,1,'2017-03-15',2,'廉络',3,5,'打印机驱动正常不能打印','邀请工程师远程协助',0,4,11,'','2018-02-22 06:47:15'),(180,1,'2017-03-15',19,'贾帅',3,14,'新买笔记本需要安装打印机驱动','安装打印机驱动PCL并调式',0,4,11,'','2018-02-22 06:47:15'),(181,1,'2017-03-15',2,'赵佳丽',3,5,'不能扫描','重启ftp上扫描软件，清理扫描文件夹',0,4,11,'','2018-02-22 06:47:15'),(182,1,'2017-03-16',21,'石欣旺',6,17,'能上网，就是打不开网页','手动指定DNS',0,4,11,'','2018-02-22 06:47:15'),(183,1,'2017-03-16',6,'赵琴琴',6,17,'无线网卡被禁用上不了网','远程截图指导，开启无线网卡,盈高关闭多网卡限制，链接sap的VPN',0,4,11,'','2018-02-22 06:47:15'),(184,1,'2017-03-16',22,'朱琳',1,14,'需要安装SAP软件','根据安装操作说明下一步安装并配置',0,4,11,'','2018-02-22 06:47:15'),(185,1,'2017-03-16',4,'杜雪松',1,14,'需要安装SAP软件','远程安装',0,4,11,'','2018-02-22 06:47:15'),(186,1,'2017-03-16',5,'张晓磊',6,17,'设备部有线无线上不能上网','主线有问题，初步分析为光端机故障，重启ok，待观察',0,4,11,'','2018-02-22 06:47:15'),(187,1,'2017-03-16',5,'梁奎峰',6,17,'不能上网','1.连接无线网络，添加信任；2.接一根有线做备用',0,4,11,'','2018-02-22 06:47:15'),(188,1,'2017-03-17',2,'康媛媛',1,14,'配合SAP项目上线','按照要求办公区电脑安装SAP',0,2,11,'','2018-02-22 06:47:15'),(189,1,'2017-03-17',23,'陈云平',1,14,'安装USB驱动失败','用驱动人生，360安全卫士修复',0,3,11,'','2018-02-22 06:47:15'),(190,1,'2017-03-17',6,'于超房',7,14,'回放不了录像','把4200主预览调成4画面',0,3,11,'','2018-02-22 06:47:15'),(191,1,'2017-03-19',8,'刘明',3,5,'打印机不打印','所有共享打印机电脑无线都要连ZDOFFICE',0,3,11,'','2018-02-22 06:47:15'),(192,1,'2017-03-19',1,'刘永银',6,17,'交换机主线口假死，交换机所有口不能上网','6509设备所有连线拔掉，一个一个插回去排除',0,3,11,'','2018-02-22 06:47:15'),(193,1,'2017-03-20',23,'何平',1,14,'需要PDF转换为word','安装wps，直接装换',0,4,12,'','2018-02-22 06:47:15'),(194,1,'2017-03-20',2,'曹文利',1,14,'sap软件打开报错，不能使用','重新安装sap软件',0,4,12,'','2018-02-22 06:47:15'),(195,1,'2017-03-20',24,'张立海',7,12,'监控画面被锁，无法操作','重启电脑，重启监控程序',0,3,12,'','2018-02-22 06:47:15'),(196,1,'2017-03-22',11,'陈光',1,13,'新买电脑不能上网','安装小助手，绑定mac',0,4,12,'','2018-02-22 06:47:15'),(197,1,'2017-03-22',25,'韩庆阔',1,14,'配合SAP项目上线','远程安装sap软件，sap总部vpn',0,4,12,'','2018-02-22 06:47:15'),(198,1,'2017-03-24',18,'杜爱宇',3,5,'打印机无法正常扫描','更改FTP和打印机扫描端口',0,2,12,'','2018-02-22 06:47:15'),(199,1,'2017-03-24',23,'杨关俊',1,14,'谷总新买笔记本安装VPN软件','下载VPN和系统修复软件安装',0,2,12,'','2018-02-22 06:47:15'),(200,1,'2017-03-24',17,'刘小二',6,9,'SS系统与WM系统无法同步数据','重启第二台数据库服务器',0,2,12,'','2018-02-22 06:47:15'),(201,1,'2017-03-24',2,'康媛媛',1,14,'SAP与OA系统流程测试没有账户','OA系统建立账户',0,2,12,'','2018-02-22 06:47:15'),(202,1,'2017-03-24',12,'赵顺利',3,5,'共享打印机','共享打印机',0,1,12,'','2018-02-22 06:47:15'),(203,1,'2017-03-24',25,'王云',3,5,'共享打印机','共享打印机',0,1,12,'','2018-02-22 06:47:15'),(204,1,'2017-03-24',12,'杨立燕',7,3,'安装新监控','安装新监控',0,1,12,'','2018-02-22 06:47:15'),(205,1,'2017-03-24',25,'马世斌',2,1,'重新布置电话线','再原有线的基础上结线',0,1,12,'','2018-02-22 06:47:15'),(206,1,'2017-03-24',8,'肖婧',2,13,'深信服绑定MAC','深信服绑定MAC',0,3,12,'','2018-02-22 06:47:15'),(207,1,'2017-03-27',4,'蔡德华',7,15,'Genetec登陆不了，一直显示正在连接','不能远程服务器，去机房重启服务器',0,4,13,'','2018-02-22 06:47:15'),(208,1,'2017-03-27',23,'董伟国',3,5,'打印机卡纸','取出卡纸',0,4,13,'','2018-02-22 06:47:15'),(209,1,'2017-03-27',2,'赵佳丽',3,5,'发票针式打印机打印没有墨,打印不清晰','更换色带',0,4,13,'','2018-02-22 06:47:15'),(210,1,'2017-03-27',6,'赵琴琴',1,18,'office太卡，有时会打开报错,','安装系统',0,4,13,'','2018-02-22 06:47:15'),(211,1,'2017-03-28',19,'杨平',1,14,'IE浏览器被360篡改，office需要激活','改回IE浏览器，激活office',0,4,13,'','2018-02-22 06:47:15'),(212,1,'2017-03-28',19,'贾帅',1,14,'没有office办公室软件','安装office办公软件',0,4,13,'','2018-02-22 06:47:15'),(213,1,'2017-03-28',21,'杨天晨',3,18,'连接大办公室打印机','安装大办公室打印机驱动',0,3,13,'','2018-02-22 06:47:15'),(214,1,'2017-03-28',11,'高君',6,2,'连接分级办公室交换机和入库地磅电脑主线','连接分级办公室交换机和入库地磅电脑主线',0,1,13,'','2018-02-22 06:47:15'),(215,1,'2017-03-28',4,'马仁涛',6,2,'饲料厂机房向往原采办公室穿光纤和网线','饲料厂机房向往原采办公室穿光纤和网线',0,1,13,'','2018-02-22 06:47:15'),(216,1,'2017-03-28',11,'马仁涛',6,2,'中央机房往发货平台穿光纤','中央机房往发货平台穿光纤',0,1,13,'','2018-02-22 06:47:15'),(217,1,'2017-03-30',26,'杜爱宇',3,5,'打印机2层纸盒内卡纸，第2纸盒脱离打印机','抽出第二纸盒，取出卡纸，按键“停01”“停00”重新设置',0,4,13,'','2018-02-22 06:47:15'),(218,1,'2017-03-30',26,'马红峪',6,13,'新来一台台式机需要上网，连接打印机','绑定mac，安装小助手，安装打印机驱动调式',0,4,13,'','2018-02-22 06:47:15'),(219,1,'2017-03-30',17,'朱军',6,13,'新来一台台式机需要上网，连接打印机','绑定mac，安装小助手，安装打印机驱动调式',0,4,13,'','2018-02-22 06:47:15'),(220,1,'2017-03-30',17,'赵志辉',3,5,'需要扫描到自己电脑上','下载福昕阅读器，使用扫描功能，链接打印机',0,4,13,'','2018-02-22 06:47:15'),(221,1,'2017-03-30',4,'刘永银',1,8,'笔记本进水','拆笔记本硬盘拷数据，烘干主板',0,1,13,'','2018-02-22 06:47:15'),(222,1,'2017-03-30',2,'赵佳丽',1,18,'任务栏出错影响office使用，sap不能汉语搜索','安装操作系统，重装sap',0,4,13,'','2018-02-22 06:47:15'),(223,1,'2017-04-05',19,'刘轩瑞',1,18,'系统崩溃','安装操作系统和追溯系统',0,1,14,'','2018-02-22 06:47:15'),(224,1,'2017-04-05',12,'梁丽艳',1,14,'excel溢出报错','excel使用不能超过256列',0,1,14,'','2018-02-22 06:47:15'),(225,1,'2017-04-05',2,'何雪芹',1,14,'电脑桌面不显示我的电脑图标，键盘不能用','重新挺拔键盘，在开始我的电脑上点右键点显示我的电脑',0,3,14,'','2018-02-22 06:47:15'),(226,1,'2017-04-05',23,'任建',7,3,'蛋鸡场天燃气站安三个监控','安装新监控',0,3,14,'','2018-02-22 06:47:15'),(227,1,'2017-04-06',17,'刘小二',7,14,'EXCEL打印机报错，模式错误','设置EXCEl表的模式为水平垂直',0,4,14,'','2018-02-22 06:47:15'),(228,1,'2017-04-06',23,'任建',7,3,'蛋鸡厂天燃气站安装监控调试','蛋鸡厂天燃气站安装监控调试',0,3,14,'','2018-02-22 06:47:15'),(229,1,'2017-04-07',23,'任建',7,3,'青年鸡天燃气站安装监控调试','青年鸡天燃气站安装监控调试',0,3,14,'','2018-02-22 06:47:15'),(230,1,'2017-04-09',17,'陈海波',6,2,'原液蛋办公室整理网线','原液蛋办公室整理网线',0,3,14,'','2018-02-22 06:47:15'),(231,1,'2017-04-09',17,'刘永银',8,3,'房屋改造挪监控重新穿管','房屋改造挪监控重新穿管',0,3,14,'','2018-02-22 06:47:15'),(232,1,'2017-04-09',1,'胡海杰',6,17,'路由器连不上外网','把路由器插到交换机的端口换一下，换成5口',0,3,14,'','2018-02-22 06:47:15'),(233,1,'2017-04-10',17,'张超',2,7,'两个电话线对调','两个电话线对调',0,1,15,'','2018-02-22 06:47:15'),(234,1,'2017-04-10',4,'李鹏飞',1,14,'开机输入密码开卡顿死机','开机后恢复最后一次正确配置',0,1,15,'','2018-02-22 06:47:15'),(235,1,'2017-04-10',19,'刘轩瑞',1,14,'追溯系统打不开','图标点错',0,3,15,'','2018-02-22 06:47:15'),(236,1,'2017-04-10',19,'刘轩瑞',3,5,'打印机共享','打印机共享',0,3,15,'','2018-02-22 06:47:15'),(237,1,'2017-04-11',2,'曹文利',3,5,'打印机卡纸','取出卡纸',0,5,15,'','2018-02-22 06:47:15'),(238,1,'2017-04-11',1,'马仁涛',6,2,'发货平台交换机更换光纤口','主机房更换光模块，发货平台更换光模块，插主线，测试',0,4,15,'','2018-02-22 06:47:15'),(239,1,'2017-04-12',3,'颜婷',1,18,'笔记本时常蓝屏','重新安装系统',0,4,15,'','2018-02-22 06:47:15'),(240,1,'2017-04-01',8,'肖婧',1,19,'反应缓慢','清垃圾，卸掉无用软件',0,3,13,'','2018-02-22 06:47:15'),(241,1,'2017-04-01',8,'肖婧',1,8,'黑屏','插拔内存',0,1,13,'','2018-02-22 06:47:15'),(242,1,'2017-04-01',8,'肖婧',3,5,'不打印','拔电源，重新开机',0,1,13,'','2018-02-22 06:47:15'),(243,1,'2017-04-01',8,'肖婧',3,5,'设置打印机共享','设置打印机共享',0,1,13,'','2018-02-22 06:47:15'),(244,1,'2017-04-01',23,'任建',7,18,'蛋鸡天燃气安装监控软件','蛋鸡天燃气安装监控软件',0,1,13,'','2018-02-22 06:47:15'),(245,1,'2017-04-01',12,'马世斌',2,7,'1901和1943换号','登录程控交换机后台调号',0,4,13,'','2018-02-22 06:47:15'),(246,1,'2017-04-14',26,'李红宇',1,19,'微信电脑版发文件黑屏卡死','删除垃圾软件，注销，卸载微信，重新安装微信',0,4,15,'','2018-02-22 06:47:15'),(247,1,'2017-04-14',14,'于新卉',1,14,'打印不了图片文件','图片文件太大，压缩一下，图片着色改为灰度',0,3,15,'','2018-02-22 06:47:15'),(248,1,'2017-04-17',25,'崔蓉蓉',1,19,'电脑卡顿','卸载多余软件',0,1,16,'','2018-02-22 06:47:15'),(249,1,'2017-04-18',25,'崔蓉蓉',8,2,'挪办公室，布线施工','挪办公室，布线施工',0,3,16,'','2018-02-22 06:47:15'),(250,1,'2017-04-17',25,'崔蓉蓉',8,2,'挪办公室，布线施工','挪办公室，布线施工',0,1,16,'','2018-02-22 06:47:15'),(251,1,'2017-04-17',6,'谬华东',6,17,'光纤被压断','光纤断处做接头',0,1,16,'','2018-02-22 06:47:15'),(252,1,'2017-04-17',2,'王海霞',1,2,'地税系统U盾没有驱动，链接不上','上管网下载驱动，安装',0,4,16,'','2018-02-22 06:47:15'),(253,1,'2017-04-17',3,'颜婷',1,18,'笔记本时常卡死','重新安装系统32位纯净版',0,4,16,'','2018-02-22 06:47:15'),(254,1,'2017-04-18',3,'杨盖',1,13,'刚来公司自己笔记本需要上网','深信服绑定mac到临时组、盈高添加信任并详细备注',0,4,16,'','2018-02-22 06:47:15'),(255,1,'2017-04-18',3,'薛磊',1,13,'刚来公司自己笔记本需要上网','深信服绑定mac到临时组、盈高添加信任并详细备注',0,4,16,'','2018-02-22 06:47:15'),(256,1,'2017-04-18',2,'王海霞',3,5,'需要直接扫描到U盘','FAT、FAT32的U盘插打印机上直接扫描选择到U盘',0,4,16,'','2018-02-22 06:47:15'),(257,1,'2017-04-18',2,'赵佳丽',1,14,'人保系统登陆后，页面显示不全','下载IE插件，设置ACtive空间开启，网站添加信任',0,4,16,'','2018-02-22 06:47:15'),(258,1,'2017-04-18',24,'张志强',7,3,'分级厂走廊外安装监控','分级厂走廊外安装监控',0,1,16,'','2018-02-22 06:47:15'),(259,1,'2017-04-19',22,'李淑贤',3,14,'SAP打印单据','找到SAP中的特殊打印方式培训相关人员',0,3,16,'','2018-02-22 06:47:15'),(260,1,'2017-04-19',21,'李丹丹',6,14,'食堂打卡机无法同布数据','让打卡机联接新的无线信号',0,1,16,'','2018-02-22 06:47:15'),(261,1,'2017-04-21',2,'刘伟',1,14,'IE需要从8升级到IE11','下载软件安装更新',0,4,16,'','2018-02-22 06:47:15'),(262,1,'2017-04-21',2,'李雯雯',1,14,'SAP740软件安装好打开报错（VPN已链接）','安装730的SAP软件、重启电脑',0,4,16,'','2018-02-22 06:47:15'),(263,1,'2017-04-21',18,'魏小颖',1,14,'需要下载饿了吗','下载饿了吗',0,3,16,'','2018-02-22 06:47:15'),(264,1,'2017-04-24',25,'赵伟',8,2,'入库电脑需要重新布网线','入库电脑需要重新布网线',0,1,17,'','2018-02-22 06:47:15'),(265,1,'2017-04-24',21,'石欣旺',1,14,'想把一个电话录音刻成光盘','用外界光驱刻盘3个',0,4,17,'','2018-02-22 06:47:15'),(266,1,'2017-04-25',11,'李晓键',3,5,'打印机不打印','卸360安全卫士',0,1,17,'','2018-02-22 06:47:15'),(267,1,'2017-04-27',17,'王鑫',8,2,'物流般办公室重新布网线','重新布网线',0,1,17,'','2018-02-22 06:47:15'),(268,1,'2017-04-27',14,'王云',2,1,'需要增加电话','接电话分机',0,1,17,'','2018-02-22 06:47:15'),(269,1,'2017-04-27',2,'杨盖',1,18,'笔记本需要安装系统win10','安装win10纯净版',0,4,17,'','2018-02-22 06:47:15'),(270,1,'2017-04-27',12,'梁丽艳',1,14,'VPN连接不上，Error1720报错','安装vpn调式',0,4,17,'','2018-02-22 06:47:15'),(271,1,'2017-04-28',18,'彭晏楠',1,14,'电脑打不开PPT','安装WPS',0,3,17,'','2018-02-22 06:47:15'),(272,1,'2017-04-29',5,'王明辉',7,14,'不会查看录像','培训查看监控录像',0,3,17,'','2018-02-22 06:47:15'),(273,1,'2017-04-29',5,'王明辉',7,3,'配电室加装摄像头','配电室加装摄像头',0,3,17,'','2018-02-22 06:47:15'),(274,1,'2017-05-02',2,'何雪芹',1,14,'电脑卡住，不进桌面','拔电源，重新开机',0,3,18,'','2018-02-22 06:47:15'),(275,1,'2017-05-03',2,'刘翔鹤',3,5,'SAP打印单据','添加打印机',0,4,18,'','2018-02-22 06:47:15'),(276,1,'2017-05-04',26,'李建秋',1,8,'键盘不能用，指示灯不亮','插拔键盘线重启电脑',0,4,18,'','2018-02-22 06:47:15'),(277,1,'2017-05-04',2,'赵佳丽',3,5,'打印机打印图片需要等待较长时间','卸载驱动，重启，更换驱动',0,4,18,'','2018-02-22 06:47:15'),(278,1,'2017-05-04',26,'杜爱宇',3,5,'A5纸盒卡纸','用螺丝刀拆第二纸盒取走卡纸',0,4,18,'','2018-02-22 06:47:15'),(279,1,'2017-05-04',11,'宋玉航',3,5,'不打印','不吸纸，拆了重新安上',0,1,18,'','2018-02-22 06:47:15'),(280,1,'2017-05-04',11,'赵伟',1,8,'挪地磅','挪地磅',0,2,18,'','2018-02-22 06:47:15'),(281,1,'2017-05-04',5,'刘锦辉',8,2,'污水处理网线被挖断','污水处理网线被挖断，重新接线',0,4,18,'','2018-02-22 06:47:15'),(282,1,'2017-05-08',11,'宋宇航',6,2,'分级办公室网线太多，杂乱','整理网线',0,1,19,'','2018-02-22 06:47:15'),(283,1,'2017-05-08',26,'张宁',1,14,'天津销售办事处台式机需要sap软件','远程传输sap软件，远程设置',0,4,19,'','2018-02-22 06:47:15'),(284,1,'2017-05-08',26,'杨燕',1,14,'找不到远程桌面连接','使用命令找到程序位置，发送快捷方式到桌面',0,4,19,'','2018-02-22 06:47:15'),(285,1,'2017-05-08',11,'宋宇航',3,5,'生产电脑重做系统，打印机丢失','重新安装打印机驱动',0,1,19,'','2018-02-22 06:47:15'),(286,1,'2017-05-08',14,'于新卉',6,17,'光纤盒亮红灯','重新挺拔光纤接头',0,1,19,'','2018-02-22 06:47:15'),(287,1,'2017-05-09',26,'高洁',1,14,'需要安装office201','传送软件包，远程安装',0,4,19,'','2018-02-22 06:47:15'),(288,1,'2017-05-09',12,'刘沧全',1,14,'小A一个系统漏洞安装不上','重下载漏洞，直接安装',0,1,19,'','2018-02-22 06:47:15'),(289,1,'2017-05-09',2,'康媛媛',3,5,'安装打印机驱动','安装打印机驱动链接打印机，SAP打印',0,4,19,'','2018-02-22 06:47:15'),(290,1,'2017-05-10',26,'张宁',3,5,'需要在SAP打印','远程调式打印机打印sap票据',0,4,19,'','2018-02-22 06:47:15'),(291,1,'2017-05-10',5,'刘瑞昱',3,5,'安装打印机','安装打印机',0,3,19,'','2018-02-22 06:47:15'),(292,1,'2017-05-10',12,'梁丽艳',3,5,'连不上打印机','重新安装打印机',0,3,19,'','2018-02-22 06:47:15'),(293,1,'2017-05-10',14,'杨雪梅',1,8,'开不了机','重新挺拔内存',0,1,19,'','2018-02-22 06:47:15'),(294,1,'2017-05-11',14,'于辛卉',3,5,'安装office，链接打印机','安装office，链接打印机',0,4,19,'','2018-02-22 06:47:15'),(295,1,'2017-05-11',26,'刘洋',3,5,'针式打印机不能正确打印','设置纸张大小',0,4,19,'','2018-02-22 06:47:15'),(296,1,'2017-05-11',4,'杜雪松',1,19,'上网慢，电脑卡顿','清垃圾，卸掉无用软件',0,1,19,'','2018-02-22 06:47:15'),(297,1,'2017-05-11',4,'贾豪磊',1,19,'上网慢，电脑卡顿','清垃圾，卸掉无用软件',0,1,19,'','2018-02-22 06:47:15'),(298,1,'2017-05-15',23,'何平',3,5,'打印机无法正常扫描','重启打印机',0,3,20,'','2018-02-22 06:47:15'),(299,1,'2017-05-15',26,'杜爱宇',1,19,'防止比特币病毒攻击办公电脑','通关注册表关闭445端口',0,4,20,'','2018-02-22 06:47:15'),(300,1,'2017-05-15',23,'董伟国',1,19,'防止比特币病毒攻击办公电脑','通关注册表关闭445端口',0,4,20,'','2018-02-22 06:47:15'),(301,1,'2017-05-15',22,'李淑贤',1,19,'防止比特币病毒攻击办公电脑','通关注册表关闭445端口',0,4,20,'','2018-02-22 06:47:15'),(302,1,'2017-05-15',26,'杨燕',1,19,'防止比特币病毒攻击办公电脑','通过NSA武器免疫工具和360安全卫士检测补丁漏洞并打补丁',0,4,20,'','2018-02-22 06:47:15'),(303,1,'2017-05-15',26,'廉络',1,19,'防止比特币病毒攻击办公电脑','通过NSA武器免疫工具和360安全卫士检测补丁漏洞并打补丁',0,4,20,'','2018-02-22 06:47:15'),(304,1,'2017-05-15',26,'马红峪',1,19,'防止比特币病毒攻击办公电脑','通过NSA武器免疫工具和360安全卫士检测补丁漏洞并打补丁',0,4,20,'','2018-02-22 06:47:15'),(305,1,'2017-05-15',14,'于欣卉',1,19,'防止比特币病毒攻击办公电脑','通过NSA武器免疫工具和360安全卫士检测补丁漏洞并打补丁',0,4,20,'','2018-02-22 06:47:15'),(306,1,'2017-05-15',1,'马仁涛',1,19,'防止比特币病毒攻击服务器','检查9台服务器是否有4012212补丁',0,4,20,'','2018-02-22 06:47:15'),(307,1,'2017-05-16',6,'赵琴琴',3,5,'不能访问共享打印机','删除防火墙上出入站关于对关闭445端口的策略并打系统补丁',0,4,20,'','2018-02-22 06:47:15'),(308,1,'2017-05-16',19,'崔荣荣',3,5,'不能访问共享打印机','删除防火墙上出入站关于对关闭445端口的策略并打系统补丁',0,4,20,'','2018-02-22 06:47:15'),(309,1,'2017-05-16',2,'刘翔鹤',1,17,'不能上网','绑定mac',0,4,20,'','2018-02-22 06:47:15'),(310,1,'2017-05-16',26,'彭艳楠',2,4,'电话不能使用','重新做水晶头',0,4,20,'','2018-02-22 06:47:15'),(311,1,'2017-05-16',3,'杜雪松',1,19,'上网慢，电脑卡顿','优化系统，删除无用的软件，清理桌面文件，删除自启动程序',0,1,20,'','2018-02-22 06:47:15'),(312,1,'2017-05-16',5,'刘瑞昱',3,5,'打印机脱机','所连接的打印机电脑关闭防火墙',0,3,20,'','2018-02-22 06:47:15'),(313,1,'2017-05-17',14,'贾总',1,14,'没有远程桌面','调出远程桌面固定在任务栏',0,3,20,'','2018-02-22 06:47:15'),(314,1,'2017-05-17',12,'梁丽艳',1,14,'EXCLE打不开','重新安装OFFICE2007',0,3,20,'','2018-02-22 06:47:15'),(315,1,'2017-05-18',21,'张宝英',1,14,'天津公积金系统页面功能和显示不全','修复系统漏洞，IE浏览器回复默认设置，重新启动电脑',0,4,20,'','2018-02-22 06:47:15'),(316,1,'2017-05-18',19,'曹静茹',6,17,'不能上网，自动获取地址117.X网段','重新划分vlan',0,4,20,'','2018-02-22 06:47:15'),(317,1,'2017-05-18',4,'贾豪磊',3,5,'不能访问共享打印机','远程调式，开启445端口，开启server服务',0,4,20,'','2018-02-22 06:47:15'),(318,1,'2017-05-19',17,'陈晶伟',1,17,'上不了网','从交换机新引一根网线',0,3,20,'','2018-02-22 06:47:15'),(319,1,'2017-05-22',6,'赵林海',7,3,'蛋鸡厂东北门更换高清摄像头','更换高清摄像头',0,1,21,'','2018-02-22 06:47:15'),(320,1,'2017-05-22',4,'赵林海',7,3,'更换高清摄像头','更换高清摄像头',0,1,21,'','2018-02-22 06:47:15'),(321,1,'2017-05-25',24,'赵林海',7,12,'饲料厂门口摄像机影像有延迟','降低码流',0,1,21,'','2018-02-22 06:47:15'),(322,1,'2017-05-25',17,'赵全喜',6,17,'上不了网','交换机对应台式机网口设成VLAN10',0,4,21,'','2018-02-22 06:47:15'),(323,1,'2017-05-26',11,'刘永银',7,15,'1－9入蛋处图像无显示','重新做水晶头',0,3,21,'','2018-02-22 06:47:15'),(324,1,'2017-05-26',25,'刘永银',7,15,'液蛋二包间图像模糊','摄像头转角度',0,3,21,'','2018-02-22 06:47:15'),(325,1,'2017-05-27',24,'赵林海',1,14,'安装操作系统，安装4200软件','安装操作系统，安装4200软件',0,1,21,'','2018-02-22 06:47:15'),(326,1,'2017-05-27',1,'刘永银',7,15,'参观走廊南侧中部无显示','重启摄像头',0,1,21,'','2018-02-22 06:47:15'),(327,1,'2017-05-27',4,'朱磊',3,5,'打印内容乱码','重启电脑',0,1,21,'','2018-02-22 06:47:15'),(328,1,'2017-05-27',11,'刘永银',7,15,'1－9栋入蛋处监控图像无显示','换电源',0,1,21,'','2018-02-22 06:47:15'),(329,1,'2017-05-29',11,'刘永银',7,15,'1－9栋入蛋处监控图像无显示','换水晶头',0,3,22,'','2018-02-22 06:47:15'),(330,1,'2017-05-30',8,'肖婧',1,8,'电脑不开机','重新插拔内存',0,3,22,'','2018-02-22 06:47:15'),(331,1,'2017-05-01',21,'张宝英',6,17,'网卡配置突然空白，获取不到IP地址','重启电脑',0,4,18,'','2018-02-22 06:47:15'),(332,1,'2017-05-01',23,'董卫国',6,17,'网卡不能获取ip地址，无法上网，笔记本','删除小A，添加信任电脑',0,1,18,'','2018-02-22 06:47:15'),(333,1,'2017-05-01',23,'赵淑云',2,1,'加装电话','加装电话',0,4,18,'','2018-02-22 06:47:15'),(334,1,'2017-06-01',18,'魏小颖',1,14,'SAP vpn连接不上','重新安装sapvpn',0,1,22,'','2018-02-22 06:47:15'),(335,1,'2017-06-01',23,'赵淑云',2,7,'换号1915和1937','去机房换号并加长途权限',0,4,22,'','2018-02-22 06:47:15'),(336,1,'2017-06-01',2,'何雪芹',1,17,'上不了网','网卡禁用再启用',0,3,22,'','2018-02-22 06:47:15'),(337,1,'2017-06-02',14,'张琳',1,19,'电脑卡顿','清垃圾，卸掉无用软件',0,3,22,'','2018-02-22 06:47:15'),(338,1,'2017-06-02',19,'王兴艳',3,5,'打印机连接不上','重新做打印机共享',0,3,22,'','2018-02-22 06:47:15'),(339,1,'2017-06-05',2,'赵佳丽',3,5,'发票打印机打印，姓名不全','设置',0,4,23,'','2018-02-22 06:47:15'),(340,1,'2017-06-05',23,'任颜民',1,17,'不能上网','安装杀毒软件，没有结果，添加准入信任',0,4,23,'','2018-02-22 06:47:15'),(341,1,'2017-06-05',2,'王哲宇',1,14,'office激活','填信息表，联系总部激活',0,4,23,'','2018-02-22 06:47:15'),(342,1,'2017-06-05',19,'吴宝川',3,5,'不能打印','重新安装驱动',0,4,23,'','2018-02-22 06:47:15'),(343,1,'2017-06-05',18,'赵佳丽',3,5,'打印双面','打印机首选项调成单面打印',0,3,23,'','2018-02-22 06:47:15'),(344,1,'2017-06-05',14,'杨雪梅',1,19,'电脑卡','优化系统，删除无用的软件，删除自启动程序',0,3,23,'','2018-02-22 06:47:15'),(345,1,'2017-06-05',14,'于新卉',1,14,'EXCLE 表格复制总是默认自动更新','重新化表格',0,3,23,'','2018-02-22 06:47:15'),(346,1,'2017-06-05',4,'杨宝田',1,17,'电脑上不了网','电脑MAC加入深信服',0,1,23,'','2018-02-22 06:47:15'),(347,1,'2017-06-05',11,'刘永银',7,15,'1－9栋入蛋处监控图像无显示','更换网线接头',0,1,23,'','2018-02-22 06:47:15'),(348,1,'2017-06-05',1,'刘永银',7,3,'宿舍安装摄像头','宿舍安装摄像头',0,1,23,'','2018-02-22 06:47:15'),(349,1,'2017-06-05',1,'刘永银',7,8,'交换机有异响','拆开交换机取出螺丝，给交换机除尘',0,1,23,'','2018-02-22 06:47:15'),(350,1,'2017-06-06',10,'李鹏飞',1,14,'需要安装vpn','安装插件，安装vpn软件按，设置链接vpn',0,4,23,'','2018-02-22 06:47:15'),(351,1,'2017-06-06',14,'于辛卉',3,5,'打印机不能打印','添加认证',0,4,23,'','2018-02-22 06:47:15'),(352,1,'2017-06-06',2,'曹文利',1,14,'office激活','填信息表，联系总部激活',0,4,23,'','2018-02-22 06:47:15'),(353,1,'2017-06-06',5,'刘锦辉',1,17,'无法上网','安装新杀毒软件',0,3,23,'','2018-02-22 06:47:15'),(354,1,'2017-06-06',19,'刘琴',7,3,'监控位置不合适','给摄像机挪位置',0,1,23,'','2018-02-22 06:47:15'),(355,1,'2017-06-06',11,'李晓键',1,8,'电脑无法开机','电脑盘坏，购买新新硬盘',0,3,23,'','2018-02-22 06:47:15'),(356,1,'2017-06-06',8,'谢跃强',1,8,'电脑有异响','拆机除尘',0,3,23,'','2018-02-22 06:47:15'),(357,1,'2017-06-07',23,'曹鹏辉',1,5,'打印机不打印','无线连接的是cpegg，切换到zdoffice无线即可',0,1,23,'','2018-02-22 06:47:15'),(358,1,'2017-06-08',21,'李丹丹',1,14,'导出的文件无法打开dat文件','用excel打开，保存即可',0,1,23,'','2018-02-22 06:47:15'),(359,1,'2017-06-08',21,'张保英',1,14,'无法打印外国人的几个表','设置ie浏览器，政府网站最好选择ie',0,1,23,'','2018-02-22 06:47:15'),(360,1,'2017-06-08',11,'李晓键',1,14,'电脑装系统','电脑装系统',0,3,23,'','2018-02-22 06:47:15'),(361,1,'2017-06-09',4,'贾豪磊',3,5,'卡纸','坏色带',0,1,23,'','2018-02-22 06:47:15'),(362,1,'2017-06-09',2,'曹文利',3,5,'打印机卡纸','取出卡纸',0,3,23,'','2018-02-22 06:47:15'),(363,1,'2017-06-09',17,'赵权喜',3,5,'打印机卡纸','换色带',0,3,23,'','2018-02-22 06:47:15'),(364,1,'2017-06-09',8,'肖婧',2,4,'水晶头接触不良','换水晶头',0,3,23,'','2018-02-22 06:47:15'),(365,1,'2017-06-12',14,'于新卉',1,14,'导出SS文件无法粘贴','选DESKTOP目录就可以粘贴',0,3,24,'','2018-02-22 06:47:15'),(366,1,'2017-06-12',22,'朱琳',1,14,'打不开邮箱','手动指定DNS',0,3,24,'','2018-02-22 06:47:15'),(367,1,'2017-06-01',19,'赵肖肖',3,13,'个人电脑办公安装驱动、认证','安装、认证',0,5,22,'','2018-02-22 06:47:15'),(368,1,'2017-06-14',1,'刘永银',9,20,'加装水净化器','加装水净化器',0,3,24,'','2018-02-22 06:47:15'),(369,1,'2017-06-14',1,'刘永银',5,11,'加装充电装置','加装充电装置',0,3,24,'','2018-02-22 06:47:15'),(370,1,'2017-06-15',25,'崔荣荣',3,5,'设置打印机共享','设置打印机共享',0,3,24,'','2018-02-22 06:47:15'),(371,1,'2017-06-16',25,'梁丽艳',2,4,'电话有嗡嗡声','重启光端机',0,1,24,'','2018-02-22 06:47:15'),(372,1,'2017-06-19',17,'张超',3,5,'无法打印','重新插拔打印机端水晶头',0,3,25,'','2018-02-22 06:47:15'),(373,1,'2017-06-19',11,'郭金燕',6,17,'无法上网','重新插拔水晶头，重新启动电脑',0,3,25,'','2018-02-22 06:47:15'),(374,1,'2017-06-19',21,'张宝英',1,14,'社保系统，公积金系统，居住证系统显示问题','调式IE浏览器设置，安装插件，重启',0,4,25,'','2018-02-22 06:47:15'),(375,1,'2017-06-20',22,'冯渊',1,18,'新笔记本安装系统、软件','新笔记本安装系统、办公软件',0,4,25,'','2018-02-22 06:47:15'),(376,1,'2017-06-21',17,'马红峪',3,5,'针式打印机需要更换色带，卡纸','更换色带，调式',0,4,25,'','2018-02-22 06:47:15'),(377,1,'2017-06-21',18,'杜爱宇',1,14,'IE无滚动条','换火弧浏览器',0,1,25,'','2018-02-22 06:47:15'),(378,1,'2017-06-21',1,'刘永银',9,20,'换出水阀','换出水阀',0,3,25,'','2018-02-22 06:47:15'),(379,1,'2017-06-21',2,'何雪琴',1,14,'无法发送excel文件给对方','进程关闭excel',0,1,25,'','2018-02-22 06:47:15'),(380,1,'2017-06-22',22,'秦鹏飞',1,17,'无法上网','刷新dns，清楚arp表',0,1,25,'','2018-02-22 06:47:15'),(381,1,'2017-06-22',4,'周勇',1,19,'卡慢','装系统',0,3,25,'','2018-02-22 06:47:15'),(382,1,'2017-06-22',11,'刘永银',1,8,'OPC加内存，除尘','OPC加内存，除尘',0,3,25,'','2018-02-22 06:47:15'),(383,1,'2017-06-23',14,'张琳',1,14,'EXCLE表不能保存','重新安装OFFICE2007',0,3,25,'','2018-02-22 06:47:15'),(384,1,'2017-06-23',1,'刘永银',4,10,'面板闪黄灯','换阵列缓存卡电池',0,3,25,'','2018-02-22 06:47:15'),(385,1,'2017-06-24',5,'王雪洁',1,18,'重装操作系统','安装操作系统，重装OFFICE，打印机',0,3,25,'','2018-02-22 06:47:15'),(386,1,'2017-06-25',2,'李雯雯',1,5,'打印内容不全','打印纸放的位置错位，放到正确位置',0,3,25,'','2018-02-22 06:47:15'),(387,1,'2017-06-25',2,'薄会双',1,14,'SAP打印不走A5纸','重启电脑，重启SAP程序',0,3,25,'','2018-02-22 06:47:15'),(388,1,'2017-06-26',21,'张宝英',1,14,'北京公积金上不去','设置internet选项',0,4,26,'','2018-02-22 06:47:15'),(389,1,'2017-06-26',2,'王敬宇',1,8,'不能插入U盘移动硬盘','使用USB拓展器3.0',0,4,26,'','2018-02-22 06:47:15'),(390,1,'2017-06-26',2,'廉络',3,5,'oa不能打印','重新设置打印机',0,4,26,'','2018-02-22 06:47:15'),(391,1,'2017-06-26',24,'张志强',1,18,'桌面变黑，系统未激活','激活系统',0,4,26,'','2018-02-22 06:47:15'),(392,1,'2017-06-26',26,'李红宇',3,5,'打印机不能打印','设置打印机',0,4,26,'','2018-02-22 06:47:15'),(393,1,'2017-06-26',2,'赵佳丽',3,5,'打印机不能打印图片','设置打印机',0,4,26,'','2018-02-22 06:47:15'),(394,1,'2017-06-27',17,'刘晓二',1,14,'关闭杀毒软件通知对话框','登录控制台关闭通知栏',0,3,26,'','2018-02-22 06:47:15'),(395,1,'2017-06-27',18,'杜爱宇',3,5,'打印机卡纸，清理打印机','清理打印机',0,3,26,'','2018-02-22 06:47:15'),(396,1,'2017-06-27',22,'秦鹏飞',1,14,'电脑无法登录SAP','电脑网卡重启',0,3,26,'','2018-02-22 06:47:15'),(397,1,'2017-06-28',6,'于超房',1,8,'装内存装杀毒软件','装内存装杀毒软件',0,3,26,'','2018-02-22 06:47:15'),(398,1,'2017-06-28',11,'孟祥标',3,6,'打印机不打印','换色带传感器',0,3,26,'','2018-02-22 06:47:15'),(399,1,'2017-06-28',8,'肖婧',1,14,'装杀毒软件','装杀毒软件',0,3,26,'','2018-02-22 06:47:15'),(400,1,'2017-06-29',26,'杜爱宇',1,14,'需要设置360为默认浏览页','安装360安全卫士设置',0,4,26,'','2018-02-22 06:47:15'),(401,1,'2017-06-29',25,'刘永银',7,15,'液蛋监控不显示','换电源',0,3,26,'','2018-02-22 06:47:15'),(402,1,'2017-06-29',1,'刘永银',9,20,'换电磁阀','换电池阀',0,3,26,'','2018-02-22 06:47:15'),(403,1,'2017-06-29',6,'张义松',1,14,'teamvierwer提示试用期到期，无法使用','下载安装破解版teamvierwer，不能升级',0,2,26,'','2018-02-22 06:47:15'),(404,1,'2017-06-30',21,'催进争',1,17,'电脑不能上网','重启',0,3,26,'','2018-02-22 06:47:15'),(405,1,'2017-06-30',1,'周瑞全',7,14,'开放监控访问权限，便于青岛福泰能远程访问','配置VPN账户权限',0,2,26,'','2018-02-22 06:47:15'),(406,1,'2017-07-01',1,'刘永银',4,9,'服务器不开机','更换主板',0,3,26,'','2018-02-22 06:47:15'),(407,1,'2017-07-04',1,'刘永银',1,18,'无法装赛门铁克重装系统','重装系统',0,3,27,'','2018-02-22 06:47:15'),(408,1,'2017-07-04',1,'刘永银',7,15,'液蛋发货平台无显示图像','更换摄像头',0,3,27,'','2018-02-22 06:47:15'),(409,1,'2017-07-05',22,'冯渊',1,14,'笔记本插耳机无声音','卸载驱动重启',0,4,27,'','2018-02-22 06:47:15'),(410,1,'2017-07-05',8,'刘永银',1,14,'安装赛门铁克','安装赛门铁克',0,3,27,'','2018-02-22 06:47:15'),(411,1,'2017-07-06',4,'刘永银',1,18,'WIN10改WIN7','WIN10改WIN7',0,3,27,'','2018-02-22 06:47:15'),(412,1,'2017-07-06',25,'陈海波',1,18,'电脑黑屏','重装系统',0,3,27,'','2018-02-22 06:47:15'),(413,1,'2017-07-06',5,'王雪洁',1,8,'电脑黑屏','重插内存',0,3,27,'','2018-02-22 06:47:15'),(414,1,'2017-07-07',4,'杨宝田',1,14,'装办公软件','装办公软件',0,3,27,'','2018-02-22 06:47:15'),(415,1,'2017-07-07',4,'杜雪松',6,17,'无法上网','设电脑为信任',0,3,27,'','2018-02-22 06:47:15'),(416,1,'2017-07-07',12,'梁丽艳',2,1,'安装电话','安装电话',0,1,27,'','2018-02-22 06:47:15'),(417,1,'2017-07-07',1,'刘永银',1,17,'分级OPC无法远程','重新输入一下静态IP',0,3,27,'','2018-02-22 06:47:15'),(418,1,'2017-07-10',21,'崔进争',1,19,'电脑卡慢','卸载不常用软件，安装office2016',0,2,28,'','2018-02-22 06:47:15'),(419,1,'2017-07-10',12,'梁丽艳',2,1,'包装间安装电话','包装间安装电话',0,3,28,'','2018-02-22 06:47:15'),(420,1,'2017-07-10',14,'王芸',1,13,'电脑安不不上小助 手','设为信任',0,3,28,'','2018-02-22 06:47:15'),(421,1,'2017-07-10',17,'刘晓二',1,18,'电脑卡慢','重新安装操作系统',0,3,28,'','2018-02-22 06:47:15'),(422,1,'2017-07-11',5,'张晓磊',1,17,'不能上网','安装杀毒软件',0,3,28,'','2018-02-22 06:47:15'),(423,1,'2017-07-11',1,'刘永银',6,16,'拆摄像机','拆摄像机',0,3,28,'','2018-02-22 06:47:15'),(424,1,'2017-07-11',12,'李静',1,17,'不能上网','装杀毒软件',0,3,28,'','2018-02-22 06:47:15'),(425,1,'2017-07-11',1,'刘永银',7,3,'液蛋装监控','装监控',0,3,28,'','2018-02-22 06:47:15'),(426,1,'2017-07-12',22,'朱琳',1,17,'不能上网','安装小助手',0,3,28,'','2018-02-22 06:47:15'),(427,1,'2017-07-12',8,'刘永银',7,15,'无画面','换光端机',0,3,28,'','2018-02-22 06:47:15'),(428,1,'2017-07-12',8,'刘永银',1,17,'不能上网，风扇狂转','安装小助手，清垃圾',0,3,28,'','2018-02-22 06:47:15'),(429,1,'2017-07-12',1,'刘永银',6,17,'无信号','换光端机',0,1,28,'','2018-02-22 06:47:15'),(430,1,'2017-07-12',21,'李丹丹',9,20,'协助安装','协助安装',0,1,28,'','2018-02-22 06:47:15'),(431,1,'2017-07-12',1,'刘永银',4,10,'自动关机','主板出始化',0,3,28,'','2018-02-22 06:47:15'),(432,1,'2017-07-01',12,'刘永银',2,4,'电话有嗡嗡声','压紧水晶头',0,3,26,'','2018-02-22 06:47:15'),(433,1,'2017-07-14',18,'杜爱宇',1,17,'扫描文档提示无法连接到网络','设FTP电脑为可信',0,3,28,'','2018-02-22 06:47:15'),(434,1,'2017-07-14',14,'杨雪梅',1,5,'oa不能打印','重新设打印机',0,3,28,'','2018-02-22 06:47:15'),(435,1,'2017-07-14',8,'肖婧',7,15,'青年鸡北门海康监控不显示','检查线路完毕，插到交换机对应端口',0,3,28,'','2018-02-22 06:47:15'),(436,1,'2017-07-14',22,'朱琳',6,13,'电脑不能上网','小助手卡顿，在网页重新进行小助手检查',0,3,28,'','2018-02-22 06:47:15'),(437,1,'2017-07-16',17,'朱军',3,6,'无法打印','网线水晶头松动',0,2,28,'','2018-02-22 06:47:15'),(438,1,'2017-07-18',19,'吴宝川',9,20,'在中控室开电话会议','连接电话会议设备并拨号参会',0,4,29,'','2018-02-22 06:47:15'),(439,1,'2017-07-18',2,'廉络',3,5,'需要在SS系统直接打印出A5','安装驱动调试宽度5.830',0,4,29,'','2018-02-22 06:47:15'),(440,1,'2017-07-18',19,'贾帅',1,19,'邮箱下载的PPT无法打开','信任中心取消Internet文件启用文件保护',0,2,29,'','2018-02-22 06:47:15'),(441,1,'2017-07-18',22,'冯渊',1,14,'申请上海VPN','写申请，打印，扫描，提交OA',0,4,29,'','2018-02-22 06:47:15'),(442,1,'2017-07-19',4,'蔡德华',1,14,'做共享盘','做共享盘',0,1,29,'','2018-02-22 06:47:15'),(443,1,'2017-07-19',4,'蔡德华',1,14,'SS系统导出表格如何保存到本地电脑','登SS系统前点选项，点本地资源，勾选本地硬盘',0,3,29,'','2018-02-22 06:47:15'),(444,1,'2017-07-19',6,'赵琴琴',1,14,'监控电脑经常卡死','进4200，把监控码流改成子码流',0,3,29,'','2018-02-22 06:47:15'),(445,1,'2017-07-19',8,'肖婧',1,13,'平板上不了网','设信任测试',0,3,29,'','2018-02-22 06:47:15'),(446,1,'2017-07-20',4,'杜雪松',1,8,'电脑无法启动','重插内存',0,1,29,'','2018-02-22 06:47:15'),(447,1,'2017-07-20',4,'蔡德华',1,18,'电脑无法进系统','电脑硬盘更换并装系统',0,1,29,'','2018-02-22 06:47:15'),(448,1,'2017-07-20',14,'张琳',1,17,'无法上网','重新插拔无线网卡',0,1,29,'','2018-02-22 06:47:15'),(449,1,'2017-07-20',18,'李雯雯',1,14,'无法进入SAP','退出重进',0,1,29,'','2018-02-22 06:47:15'),(450,1,'2017-07-20',1,'张丽',1,14,'电脑频繁掉线','重新更换电脑IP',0,1,29,'','2018-02-22 06:47:15'),(451,1,'2017-07-20',23,'陈雪佳',1,17,'无法上网','电脑禁用再启用',0,1,29,'','2018-02-22 06:47:15'),(452,1,'2017-07-20',18,'李雯雯',1,14,'对账组的发票校验无法打印','更换谷歌浏览器',0,1,29,'','2018-02-22 06:47:15'),(453,1,'2017-07-20',21,'李丹丹',9,20,'指纹机的不在线','管理地址和自动获取地址必成一致',0,1,29,'','2018-02-22 06:47:15'),(454,1,'2017-07-20',22,'冯渊',1,17,'发送图片慢','清垃圾',0,1,29,'','2018-02-22 06:47:15'),(455,1,'2017-07-21',6,'赵琴琴',1,17,'电脑掉线','更换网线',0,3,29,'','2018-02-22 06:47:15'),(456,1,'2017-07-21',23,'邓君平',1,17,'发邮件发不出去','清垃圾',0,3,29,'','2018-02-22 06:47:15'),(457,1,'2017-07-21',4,'朱磊',3,5,'无法扫描','重新安装打印机驱动',0,3,29,'','2018-02-22 06:47:15'),(458,1,'2017-07-21',1,'高君',1,14,'收集材料','安装录屏软件',0,3,29,'','2018-02-22 06:47:15'),(459,1,'2017-07-24',17,'刘晓二',3,5,'安装打印机驱动','安装打印机驱动',0,3,30,'','2018-02-22 06:47:15'),(460,1,'2017-07-24',5,'张晓磊',1,17,'上不了网','换光端机',0,1,30,'','2018-02-22 06:47:15'),(461,1,'2017-07-24',8,'肖婧',1,17,'不上了网','设为信任',0,3,30,'','2018-02-22 06:47:15'),(462,1,'2017-07-24',4,'蔡德华',1,14,'远程桌面文件存到本地','远程桌面选项勾选本地驱动器',0,3,30,'','2018-02-22 06:47:15'),(463,1,'2017-07-24',11,'赵顺利',7,14,'监控点改名称','进入通道管理，点OSD更改',0,3,30,'','2018-02-22 06:47:15'),(464,1,'2017-07-25',18,'李建秋',1,17,'上不了网',' 小A重新扫描认证',0,1,30,'','2018-02-22 06:47:15'),(465,1,'2017-07-25',6,'赵琴琴',1,14,'OPC取不到数据1－9亮红灯','OPC程序关了重新开',0,3,30,'','2018-02-22 06:47:15'),(466,1,'2017-07-25',6,'王攀',1,17,'上不了网',' 小A重新扫描认证',0,3,30,'','2018-02-22 06:47:15'),(467,1,'2017-07-25',1,'刘永银',7,15,'东北门图像无显示','重新挺拔电源',0,3,30,'','2018-02-22 06:47:15'),(468,1,'2017-07-25',17,'何凤鹏',3,5,'卡纸','拆开打印机取纸',0,3,30,'','2018-02-22 06:47:15'),(469,1,'2017-07-25',14,'贾立鹏',1,14,'笔记本安装VPN，接除vpn账号锁定','笔记本安装VPN，解除上海VPN账号锁定',0,4,30,'','2018-02-22 06:47:15'),(470,1,'2017-07-26',2,'何雪芹',1,17,'不上了网','更新杀毒软件',0,3,30,'','2018-02-22 06:47:15'),(471,1,'2017-07-26',2,'王涛',1,14,'安装插件','北京银行网上银行插件安装',0,4,30,'','2018-02-22 06:47:15'),(472,1,'2017-07-26',18,'李虹宇',3,6,'不打印','墨粉不足，换墨粉',0,3,30,'','2018-02-22 06:47:15'),(473,1,'2017-07-27',17,'何凤鹏',3,6,'卡纸','拆开打印机取纸',0,3,30,'','2018-02-22 06:47:15'),(474,1,'2017-07-27',22,'冯渊',6,17,'上网慢','深信服调上下行速度',0,1,30,'','2018-02-22 06:47:15'),(475,1,'2017-07-27',21,'杨天晨',6,17,'上网慢','深信服调上下行速度',0,1,30,'','2018-02-22 06:47:15'),(476,1,'2017-07-27',2,'何雪芹',1,14,'安装ftp客户端','安装winscp 、Adobe',0,4,30,'','2018-02-22 06:47:15'),(477,1,'2017-07-27',25,'高林',1,19,'电脑卡慢','卸软件，优化电脑',0,3,30,'','2018-02-22 06:47:15'),(478,1,'2017-07-27',8,'孙青',1,19,'电脑卡慢','卸软件，优化电脑',0,3,30,'','2018-02-22 06:47:15'),(479,1,'2017-07-28',8,'肖婧',1,8,'升级内存','升级内存，优化电脑',0,3,30,'','2018-02-22 06:47:15'),(480,1,'2017-07-28',2,'何雪琴',1,14,'没有赛门铁克无法上网','安装赛门铁克',0,1,30,'','2018-02-22 06:47:15'),(481,1,'2017-07-28',2,'张鹏',1,17,'无法上网','装杀毒软件',0,3,30,'','2018-02-22 06:47:15'),(482,1,'2017-07-28',18,'杜爱宇',1,14,'订单无法调用系统打印功能','换浏览器',0,3,30,'','2018-02-22 06:47:15'),(483,1,'2017-07-28',18,'李建秋',1,14,'怎样用远程','培训使用方法',0,3,30,'','2018-02-22 06:47:15'),(484,1,'2017-07-29',17,'朱军',1,14,'电脑死机，无响应。','重启电脑',0,3,30,'','2018-02-22 06:47:15'),(485,1,'2017-07-29',2,'王涛',1,17,'无法上网','升级电脑',0,3,30,'','2018-02-22 06:47:15'),(486,1,'2017-07-01',18,'赵佳丽',1,14,'电脑卡顿','清软件，重启程序',0,3,26,'','2018-02-22 06:47:15'),(487,1,'2017-08-01',6,'赵琴琴',1,19,'监控电脑图像不能正常预览','杀毒，优化系统',0,3,31,'','2018-02-22 06:47:15'),(488,1,'2017-08-01',8,'肖婧',1,8,'电脑反应慢','换固态硬盘重新给电脑装系统和软件',0,3,31,'','2018-02-22 06:47:15'),(489,1,'2017-08-01',4,'蔡德华',1,4,'电话无声','重新换新电话线',0,3,31,'','2018-02-22 06:47:15'),(490,1,'2017-08-02',8,'孙青',1,5,'笔记本设置打印机共享','笔记本设置打印机共享',0,3,31,'','2018-02-22 06:47:15'),(491,1,'2017-08-03',26,'李晓静',1,13,'笔记本微信不能发文件','卸载小助手，添加信任，重启电脑',0,4,31,'','2018-02-22 06:47:15'),(492,1,'2017-08-03',19,'刘琴',1,17,'不能上网，小助手检测没有杀毒软件','smc -start 调出赛门铁壳杀毒软件，更新小助手',0,4,31,'','2018-02-22 06:47:15'),(493,1,'2017-08-03',21,'张保英',6,17,'上网总是断断续续','重新做水晶头',0,1,31,'','2018-02-22 06:47:15'),(494,1,'2017-08-03',2,'刘永银',1,14,'office无法打开excel报错','重新安装OFFICE2007',0,1,31,'','2018-02-22 06:47:15'),(495,1,'2017-08-03',22,'冯渊',3,5,'无法打印','检查线路 重启动打印机',0,1,31,'','2018-02-22 06:47:15'),(496,1,'2017-08-03',18,'李小静',2,1,'安装电话','安装电话',0,3,31,'','2018-02-22 06:47:15'),(497,1,'2017-08-03',1,'刘永银',1,14,'升级深信服','升级深信服',0,3,31,'','2018-02-22 06:47:15'),(498,1,'2017-08-03',6,'刘永银',1,17,'不能上网','重置路由器',0,3,31,'','2018-02-22 06:47:15'),(499,1,'2017-08-03',18,'李小静',3,5,'不能打印','拔电源，重新开机',0,3,31,'','2018-02-22 06:47:15'),(500,1,'2017-08-04',21,'李丹丹',6,17,'液蛋打卡机无法同布数据','换网线水晶头',0,1,31,'','2018-02-22 06:47:15'),(501,1,'2017-08-04',1,'胡海杰',1,14,'激活win2008标准版','用激活工具激活',0,1,31,'','2018-02-22 06:47:15'),(502,1,'2017-08-04',18,'李雯雯',1,14,'excle提示资源不足','优化系统，删除无用的软件，清理桌面文件，删除自启动程序',0,3,31,'','2018-02-22 06:47:15'),(503,1,'2017-08-05',17,'曹英俊',1,14,'电脑联不上网','重启',0,3,31,'','2018-02-22 06:47:15'),(504,1,'2017-08-06',2,'张鹏',1,14,'EXCLE表格公式显示错误','将公式引用位置填上内容',0,3,31,'','2018-02-22 06:47:15'),(505,1,'2017-08-07',8,'孙青',1,18,'电脑装系统','电脑重装系统',0,3,32,'','2018-02-22 06:47:15'),(506,1,'2017-08-08',25,'崔荣荣',1,14,'C盘空间不足','清垃圾',0,3,32,'','2018-02-22 06:47:15'),(507,1,'2017-08-08',5,'刘瑞昱',1,14,'新购电脑装软件，布网线','新购电脑装软件，布网线',0,3,32,'','2018-02-22 06:47:15'),(508,1,'2017-08-09',21,'张保英',1,17,'上网总掉线','重新安装网卡驱动',0,1,32,'','2018-02-22 06:47:15'),(509,1,'2017-08-09',21,'金雨莹',1,18,'电脑系统很慢很慢','重新安装操作系统',0,1,32,'','2018-02-22 06:47:15'),(510,1,'2017-08-09',17,'马红峪',1,14,'电脑无法连接打印机的扫描','重新连接',0,1,32,'','2018-02-22 06:47:15'),(511,1,'2017-08-09',2,'何雪芹',1,14,'电脑黑屏','电脑重启',0,3,32,'','2018-02-22 06:47:15'),(512,1,'2017-08-09',11,'刘沧泉',2,1,'分级地磅入库处安装电话','安装电话',0,3,32,'','2018-02-22 06:47:15'),(513,1,'2017-08-10',18,'赵佳丽',1,17,'电脑上不了网','重做水晶头',0,3,32,'','2018-02-22 06:47:15'),(514,1,'2017-08-12',19,'王欣燕',1,14,'电脑无法连接打印机','删了打印机重新安装',0,3,32,'','2018-02-22 06:47:15'),(515,1,'2017-08-01',17,'刘磊',1,19,'电脑卡顿','优化系统，删除无用的软件，清理桌面文件，删除自启动程序',0,3,31,'','2018-02-22 06:47:15'),(516,1,'2017-08-14',8,'肖婧',1,17,'上不了网','路由器重置',0,3,33,'','2018-02-22 06:47:15'),(517,1,'2017-08-14',11,'宋宇航',1,14,'电脑无法登录FTP','关防火墙',0,3,33,'','2018-02-22 06:47:15'),(518,1,'2017-08-15',23,'杨关俊',1,14,'备份数据','备分数据',0,3,33,'','2018-02-22 06:47:15'),(519,1,'2017-08-15',1,'刘永银',7,15,'监控图像无显示','换水晶头',0,3,33,'','2018-02-22 06:47:15'),(520,1,'2017-08-16',17,'何凤鹏',3,6,'报卡纸','前后盖打开重启',0,3,33,'','2018-02-22 06:47:15'),(521,1,'2017-08-16',11,'郭金燕',1,17,'无法上网','重新安网卡驱动',0,3,33,'','2018-02-22 06:47:15'),(522,1,'2017-08-16',11,'宋宇航',3,5,'打印机不打印','重新启电脑各打印机',0,3,33,'','2018-02-22 06:47:15'),(523,1,'2017-08-16',21,'石欣旺',1,13,'上不了网','电脑MAC加入深信服',0,3,33,'','2018-02-22 06:47:15'),(524,1,'2017-08-16',23,'邓君平',1,5,'打印机不打印','打开打印机，将取消打印对勾去掉',0,3,33,'','2018-02-22 06:47:15'),(525,1,'2017-08-16',18,'李建秋',3,5,'打印机不打印','删除打印机重新安装',0,1,33,'','2018-02-22 06:47:15'),(526,1,'2017-08-16',18,'李虹宇',1,17,'不能上网','添加ＭＡＣ地址到深信服',0,1,33,'','2018-02-22 06:47:15'),(527,1,'2017-08-16',18,'杜爱宇',1,14,'上网慢','将静态ＩＰ改成自动获取ＩＰ地址',0,1,33,'','2018-02-22 06:47:15'),(528,1,'2017-08-16',1,'胡海杰',1,14,'监控软件被杀磁软件杀掉','在杀毒软件例外添加信任',0,1,33,'','2018-02-22 06:47:15'),(529,1,'2017-08-17',11,'郭金燕',1,17,'电脑上不了网','重新配ＤＮＳ',0,3,33,'','2018-02-22 06:47:15'),(530,1,'2017-08-17',17,'朱军',1,14,'无法扫描','输入一体机的ＩＰ地址',0,3,33,'','2018-02-22 06:47:15'),(531,1,'2017-08-17',5,'刘永银',7,15,'图像不显示','换水晶头',0,3,33,'','2018-02-22 06:47:15'),(532,1,'2017-08-17',18,'李虹宇',1,17,'不能上网','小Ａ设为信任',0,3,33,'','2018-02-22 06:47:15'),(533,1,'2017-08-18',12,'梁丽艳',2,4,'电话无声','换电话光端机端口',0,3,33,'','2018-02-22 06:47:15'),(534,1,'2017-08-18',5,'刘永银',7,15,'危险品库监控图像无显示','换网线',0,3,33,'','2018-02-22 06:47:15'),(535,1,'2017-08-19',23,'刘永银',1,17,'不能上网','ＭＡＣ加入深信服',0,3,33,'','2018-02-22 06:47:15'),(536,1,'2017-08-20',1,'刘永银',1,11,'机器人升级程序','机器人升级程序',0,3,33,'','2018-02-22 06:47:15'),(537,1,'2017-08-22',6,'张秀莲',2,4,'电话无声','换光端机电源',0,3,34,'','2018-02-22 06:47:15'),(538,1,'2017-08-23',21,'石欣旺',1,18,'电脑重装系统','电脑重装系统',0,3,34,'','2018-02-22 06:47:15'),(539,1,'2017-08-24',14,'王芸',1,14,'VPN报错442','修改注册表',0,1,34,'','2018-02-22 06:47:15'),(540,1,'2017-08-24',22,'冯渊',1,17,'上网慢','移至领导组',0,1,34,'','2018-02-22 06:47:15'),(541,1,'2017-08-24',4,'蔡德华',1,8,'饲料厂门口接大屏幕','饲料厂门口接大屏幕',0,1,34,'','2018-02-22 06:47:15'),(542,1,'2017-08-24',4,'朱磊',1,14,'安装SAP','安装SAP',0,1,34,'','2018-02-22 06:47:15'),(543,1,'2017-08-24',2,'赵元磊',1,13,'新电脑入网安装SAP','新电脑入网安装SAP',0,1,34,'','2018-02-22 06:47:15'),(544,1,'2017-08-24',2,'薄会双',3,6,'税票机更换色 带','更换色带',0,3,34,'','2018-02-22 06:47:15'),(545,1,'2017-08-24',2,'李雯雯',1,17,'上网慢','清垃圾',0,3,34,'','2018-02-22 06:47:15'),(546,1,'2017-08-24',17,'张超',2,4,'能接不能打','更换电话配线架跳线',0,3,34,'','2018-02-22 06:47:15'),(547,1,'2017-08-25',17,'刘晓二',3,5,'打印机不打印','重新插拔打印机端水晶头',0,3,34,'','2018-02-22 06:47:15'),(548,1,'2017-08-25',23,'刘永银',1,14,'安装监控软件','安装监控软件',0,3,34,'','2018-02-22 06:47:15'),(549,1,'2017-08-28',24,'杨云峰',7,3,'东南保安邮包间安装监控','东南保安邮包间安装监控',0,1,35,'','2018-02-22 06:47:15'),(550,1,'2017-08-28',24,'杨云峰',7,3,'饲料厂大门口安装监控','饲料厂大门口安装监控',0,1,35,'','2018-02-22 06:47:15'),(551,1,'2017-08-29',23,'赵淑云',1,8,'键盘不管用','换圆口键盘',0,3,35,'','2018-02-22 06:47:15'),(552,1,'2017-08-29',1,'刘永银',1,14,'深信服升级','深信服升级',0,3,35,'','2018-02-22 06:47:15'),(553,1,'2017-08-29',18,'薄会双',2,7,'电话换号','电话换号',0,3,35,'','2018-02-22 06:47:15'),(554,1,'2017-08-30',1,'刘永银',7,15,'停车场监控无显示','重新插拔停车厂监控电源',0,3,35,'','2018-02-22 06:47:15'),(555,1,'2017-08-01',25,'赵伟',1,13,'电脑不能上网','MAC地址加入深信服',0,3,31,'','2018-02-22 06:47:15'),(556,1,'2017-08-01',21,'金雨莹',1,14,'电脑不能打印','重新安装打印机驱动',0,3,31,'','2018-02-22 06:47:15'),(557,1,'2017-09-01',17,'高峰',1,17,'电脑上不了网','重新输入密码',0,3,35,'','2018-02-22 06:47:15'),(558,1,'2017-09-01',14,'张琳',3,5,'打印打印列表','打印打印列表',0,3,35,'','2018-02-22 06:47:15'),(559,1,'2017-09-01',1,'刘永银',1,17,'cpegg 网不通','重启设备，重新连接连线',0,3,35,'','2018-02-22 06:47:15'),(560,1,'2017-09-01',23,'陈雪佳',1,14,'调大屏幕','调大屏幕',0,3,35,'','2018-02-22 06:47:15'),(561,1,'2017-09-02',6,'侯庆丰',1,17,'电脑不能正常上网','重新启动自动获取DHCP服务',0,3,35,'','2018-02-22 06:47:15'),(562,1,'2017-09-03',11,'宋宇航',3,6,'打印机不打印','墨粉用尽，换墨粉',0,3,35,'','2018-02-22 06:47:15'),(563,1,'2017-09-04',1,'刘永银',1,10,'服务器自动关机','更换电源',0,3,36,'','2018-02-22 06:47:15'),(564,1,'2017-09-05',21,'张保英',3,8,'打印机报错，不打印','打印机盖板没有关好，关好盖板',0,3,36,'','2018-02-22 06:47:15'),(565,1,'2017-09-06',12,'李静',1,14,'看深加工走廊监控','看深加工走廊监控',0,3,36,'','2018-02-22 06:47:15'),(566,1,'2017-09-06',19,'刘芹',1,14,'看录像改登录密码','看录像改登录密码',0,3,36,'','2018-02-22 06:47:15'),(567,1,'2017-09-07',4,'蔡德华',1,17,'无线无法上网','无线AP重新插拔网线水晶头',0,3,36,'','2018-02-22 06:47:15'),(568,1,'2017-09-07',8,'孙青',3,5,'安装打印机，设置共享','安装打印机，设置共享',0,3,36,'','2018-02-22 06:47:15'),(569,1,'2017-09-07',1,'刘永银',6,17,'无信号','登AC,调AC时间和网络时间一致',0,3,36,'','2018-02-22 06:47:15'),(570,1,'2017-09-07',1,'刘永银',1,17,'cpegg 网不通','cpegg 网电源闸刀老化，换新闸刀',0,3,36,'','2018-02-22 06:47:15'),(571,1,'2017-09-08',5,'张晓磊',1,17,'不能上网','安装、认证',0,3,36,'','2018-02-22 06:47:15'),(572,1,'2017-09-08',2,'王雪芹',1,14,'电脑死机，无响应。','重启',0,3,36,'','2018-02-22 06:47:15'),(573,1,'2017-09-08',1,'刘永银',1,10,'服务器自动关机','更换主板',0,3,36,'','2018-02-22 06:47:15'),(574,1,'2017-09-08',11,'王金宝',1,18,'关不了机','重装',0,3,36,'','2018-02-22 06:47:15'),(575,1,'2017-09-11',1,'刘永银',1,8,'按电源无反应','换电源，换电源线',0,3,37,'','2018-02-22 06:47:15'),(576,1,'2017-09-11',17,'樊丽娟',1,14,'电脑连不上打印机','关主机防火墙，重启电脑，重新添加打印机',0,3,37,'','2018-02-22 06:47:15'),(577,1,'2017-09-11',18,'于海洋',1,14,'无法登录旺旺系统','换火弧浏览器',0,3,37,'','2018-02-22 06:47:15'),(578,1,'2017-09-12',18,'陈龙辉',2,4,'电话无声','换水晶头',0,3,37,'','2018-02-22 06:47:15'),(579,1,'2017-09-12',22,'秦鹏飞',3,5,'无法扫描','关FTP',0,3,37,'','2018-02-22 06:47:15'),(580,1,'2017-09-12',17,'刘晓二',1,14,'安监控软件','安装监控软件',0,3,37,'','2018-02-22 06:47:15'),(581,1,'2017-09-12',17,'张超',1,4,'电话无声','换跳线',0,3,37,'','2018-02-22 06:47:15'),(582,1,'2017-09-12',8,'肖婧',1,19,'反应缓慢','清垃圾，卸掉无用软件',0,3,37,'','2018-02-22 06:47:15'),(583,1,'2017-09-01',6,'刘永银',7,15,'2号后端监控画面无显示','重新插拔摄像机端水晶头',0,3,35,'','2018-02-22 06:47:15'),(584,1,'2017-09-01',8,'朱玉壮',3,14,'打印机不打印','重新安装驱动程序',0,3,35,'','2018-02-22 06:47:15'),(585,1,'2017-09-01',11,'李晓键',1,14,'电脑连网时断时续','重新启动交换机',0,3,35,'','2018-02-22 06:47:15'),(586,1,'2017-09-14',17,'刘晓二',7,14,'冷库西监控调角度','调摄像机角度',0,3,37,'','2018-02-22 06:47:15'),(587,1,'2017-09-15',2,'何雪芹',1,14,'装报税电子钥匙驱动','装报税电子钥匙驱动',0,3,37,'','2018-02-22 06:47:15'),(588,1,'2017-09-18',6,'卫总',1,18,'电脑卡机，重启','重装系统',0,3,38,'','2018-02-22 06:47:15'),(589,1,'2017-09-18',11,'宋宇航',3,14,'打印机不打印','清零',0,3,38,'','2018-02-22 06:47:15'),(590,1,'2017-09-19',17,'刘晓二',1,14,'电脑无法看监控','监控网址加入受信任站点',0,3,38,'','2018-02-22 06:47:15'),(591,1,'2017-09-20',6,'李宗原',1,17,'无法上网','换光纤跳线',0,3,38,'','2018-02-22 06:47:15'),(592,1,'2017-09-20',6,'卫文刚',1,14,'无法登录网络会议','下载插件ZOOM',0,3,38,'','2018-02-22 06:47:15'),(593,1,'2017-09-21',2,'王雪亭',1,14,'无法上网','重新用小A扫描',0,3,38,'','2018-02-22 06:47:15'),(594,1,'2017-09-21',17,'马红峪',3,6,'卡纸','固定挡杆',0,3,38,'','2018-02-22 06:47:15'),(595,1,'2017-09-21',11,'宋宇航',3,5,'不能共享','重新设打印机',0,3,38,'','2018-02-22 06:47:15'),(596,1,'2017-09-21',18,'李小静',1,14,'无法登录WM系统','调式IE浏览器设置，安装插件，重启',0,1,38,'','2018-02-22 06:47:15'),(597,1,'2017-09-21',11,'郭金燕',1,14,'安装SAP','安装SAP',0,1,38,'','2018-02-22 06:47:15'),(598,1,'2017-09-22',7,'贾帅',1,14,'打开Excel后电脑花屏','选项-高级-禁用硬件图形加速，卸载显卡驱动重新安装',0,2,38,'','2018-02-22 06:47:15'),(599,1,'2017-09-25',1,'刘永银',1,15,'停车场监控无显示','重新启动摄像头',0,3,39,'','2018-02-22 06:47:15'),(600,1,'2017-09-25',17,'何凤鹏',2,4,'电话无声','重新换新电话线',0,3,39,'','2018-02-22 06:47:15'),(601,1,'2017-09-26',2,'何雪芹',1,14,'CPC无法登录','重新安装',0,3,39,'','2018-02-22 06:47:15'),(602,1,'2017-09-27',11,'梁奎峰',7,3,'原计划部安装监控','原计划部安装监控',0,3,39,'','2018-02-22 06:47:15'),(603,1,'2017-09-28',1,'刘永银',7,15,'化学品库监控无显示','重新换电源线，网线',0,3,39,'','2018-02-22 06:47:15'),(604,1,'2017-09-28',1,'刘永银',7,15,'青年鸡北门监控不显示','重新启动',0,3,39,'','2018-02-22 06:47:15'),(605,1,'2017-09-28',8,'肖婧',1,17,'电脑连不上网','重置路由器',0,3,39,'','2018-02-22 06:47:15'),(606,1,'2017-09-29',8,'肖婧',1,17,'电脑连不上网','重新做操作间水晶头',0,3,39,'','2018-02-22 06:47:15'),(607,1,'2017-09-30',18,'于海洋',2,4,'电话无声','换电话线',0,3,39,'','2018-02-22 06:47:15'),(608,1,'2017-09-30',3,'贾豪磊',3,6,'打印机卡纸','开右侧门取出纸张',0,3,39,'','2018-02-22 06:47:15'),(609,1,'2017-09-30',18,'杜爱宇',3,14,'无法扫描','重新开启FTP扫描程序',0,3,39,'','2018-02-22 06:47:15'),(610,1,'2017-10-01',2,'何雪芹',1,18,'office无法打开excel报错','重新安装系统',0,3,39,'','2018-02-22 06:47:15'),(611,1,'2017-10-01',2,'魏小颖',3,14,'无法打印','进入维修模式，清零显影剂',0,3,39,'','2018-02-22 06:47:15'),(612,1,'2017-10-01',5,'王雪洁',1,14,'无法打开办公软件','重新安装办公软件',0,3,39,'','2018-02-22 06:47:15'),(613,1,'2017-10-02',5,'王雪洁',1,17,'无法上网','重新换网线',0,3,40,'','2018-02-22 06:47:15'),(614,1,'2017-10-04',5,'李宏伟',1,17,'无法上网','电脑MAC加入深信服',0,3,40,'','2018-02-22 06:47:15'),(615,1,'2017-10-09',25,'赵伟',3,5,'共享打印机','共享打印机',0,3,41,'','2018-02-22 06:47:15'),(616,1,'2017-10-09',19,'张蕾',3,5,'打印机脱机','删除打印机重新安装',0,3,41,'','2018-02-22 06:47:15'),(617,1,'2017-10-09',17,'刘晓二',7,16,'要查看入库品种','调整位置',0,1,41,'','2018-02-22 06:47:15'),(618,1,'2017-10-09',2,'何雪琴',1,14,'无法登录ss系统','添加域，重置用户密码',0,1,41,'','2018-02-22 06:47:15'),(619,1,'2017-10-10',2,'何雪琴',1,14,'安装税务软件','下载安装税务软件',0,1,41,'','2018-02-22 06:47:15'),(620,1,'2017-10-11',24,'刘永银',7,15,'监控无图像','换电源换水晶头',0,3,41,'','2018-02-22 06:47:15'),(621,1,'2017-10-11',2,'何雪琴',1,14,'不会登报税系统','网页登录',0,3,41,'','2018-02-22 06:47:15'),(622,1,'2017-10-11',19,'张蕾',3,5,'打印时报错0x00000709','重新启动print spooler程序',0,3,41,'','2018-02-22 06:47:15'),(623,1,'2017-10-12',18,'李建秋',3,6,'打印机卡纸','拉出抽屉取出卡纸',0,3,41,'','2018-02-22 06:47:15'),(624,1,'2017-10-01',2,'王涛',3,5,'打印机卡数据','重启',0,3,39,'','2018-02-22 06:47:15'),(625,1,'2017-10-01',2,'王雪亭',3,5,'打印机卡纸','取出卡纸',0,3,39,'','2018-02-22 06:47:15'),(626,1,'2017-10-01',24,'姜伟',6,17,'AP无线号','换所有接头的水晶头',0,3,39,'','2018-02-22 06:47:15'),(627,1,'2017-10-01',2,'何雪琴',1,14,'国税发票验证网站无法显示验证码','安装国税局要求安装的证书',0,1,39,'','2018-02-22 06:47:15'),(628,1,'2017-10-14',17,'刘晓二',1,14,'安装SAP','安装SAP',0,3,41,'','2018-02-22 06:47:15'),(629,1,'2017-10-14',11,'李晓键',3,5,'打印机不进纸','左右活动打印头',0,3,41,'','2018-02-22 06:47:15'),(630,1,'2017-10-14',5,'刘志广',6,17,'光纤断','接光纤',0,3,41,'','2018-02-22 06:47:15'),(631,1,'2017-10-14',17,'刘晓二',7,12,'查看监控图像','查看监控',0,3,41,'','2018-02-22 06:47:15'),(632,1,'2017-10-15',24,'姜伟',6,17,'食堂一层AP无信号','接头处加交换机',0,3,41,'','2018-02-22 06:47:15'),(633,1,'2017-10-15',23,'陈雪佳',6,17,'cpegg 网不通','重新设AC时间',0,3,41,'','2018-02-22 06:47:15'),(634,1,'2017-10-16',3,'杜雪松',1,14,'视频会议无法打开','视频会议证书错误或过期，点击继续忽略证书错误即可',0,1,42,'','2018-02-22 06:47:15'),(635,1,'2017-10-17',6,'卫文刚',1,14,'激活office2016','激活office2016',0,3,42,'','2018-02-22 06:47:15'),(636,1,'2017-10-17',18,'李小静',1,14,'无法打印图片','将图片插入WORD文档',0,3,42,'','2018-02-22 06:47:15'),(637,1,'2017-10-18',23,'董伟国',1,14,'无法打印','调角色，电脑接入内网',0,3,42,'','2018-02-22 06:47:15'),(638,1,'2017-10-18',14,'杨雪梅',1,14,'PPT无法保存内容','安装WPS',0,3,42,'','2018-02-22 06:47:15'),(639,1,'2017-10-18',23,'王菁蕾',6,17,'路由器连不上外网','重新配置路由器',0,3,42,'','2018-02-22 06:47:15'),(640,1,'2017-10-19',23,'董伟国',6,17,'电脑无法上网','小A重新扫描',0,3,42,'','2018-02-22 06:47:15'),(641,1,'2017-10-19',21,'崔进争',1,14,'无法连接大屏幕','安装大屏幕驱动',0,3,42,'','2018-02-22 06:47:15'),(642,1,'2017-10-20',23,'王菁蕾',7,12,'查看监控图像','查看监控图像',0,3,42,'','2018-02-22 06:47:15'),(643,1,'2017-10-21',18,'李建秋',1,14,'自己笔记本在家无法连接ss wm','安装vpn',0,1,42,'','2018-02-22 06:47:15'),(644,1,'2017-10-23',2,'张鹏',1,14,'反应缓慢，打不开FTP','清垃圾，卸掉无用软件，用浏览器极速打开FTP',0,3,43,'','2018-02-22 06:47:15'),(645,1,'2017-10-23',17,'刘晓二',3,5,'安装打印机，调式纸张','安装打印机，调式纸张',0,3,43,'','2018-02-22 06:47:15'),(646,1,'2017-10-23',11,'宋宇航',3,5,'走纸偏，打不清楚','调节纸张厚度调节杆，调到刻度0处',0,3,43,'','2018-02-22 06:47:15'),(647,1,'2017-10-23',23,'何平',3,5,'连不上打印机','准入调角色，重新认证，重装驱动，重新认证部门',0,3,43,'','2018-02-22 06:47:15'),(648,1,'2017-10-24',6,'胡海杰',7,15,'电源松动','重新接电源',0,3,43,'','2018-02-22 06:47:15'),(649,1,'2017-10-24',18,'刘伟',1,14,'sap的vpn无法登录','删除VPN，以后在公司不用使用VPN',0,1,43,'','2018-02-22 06:47:15'),(650,1,'2017-10-24',3,'贾豪磊',1,14,'sap的vpn无法登录','删除VPN，以后在公司不用使用VPN',0,1,43,'','2018-02-22 06:47:15'),(651,1,'2017-10-24',2,'田雅丽',1,14,'电脑显示白屏','关机，重新启动',0,1,43,'','2018-02-22 06:47:15'),(652,1,'2017-10-25',14,'张琳',1,14,'电脑打开EXCLE丢格式','安装WPS',0,3,43,'','2018-02-22 06:47:15'),(653,1,'2017-10-25',12,'梁丽艳',1,19,'反应慢','清垃圾，卸软件',0,3,43,'','2018-02-22 06:47:15'),(654,1,'2017-10-25',22,'李书贤',1,8,'蓝屏','拆掉一根内存',0,3,43,'','2018-02-22 06:47:15'),(655,1,'2017-10-26',22,'李书贤',1,8,'蓝屏','三个杀毒软件删除二个，两个办公软件删除一个，清理垃圾文件8G，系统卸载软件有乱码，暂时先使用，在蓝屏，建议重新安装系统，硬盘有坏道，无法安装系统，只能更换硬盘',0,1,43,'','2018-02-22 06:47:15'),(656,1,'2017-10-26',11,'宋宇航',3,5,'打印内容空白','重新安装色带',0,3,43,'','2018-02-22 06:47:15'),(657,1,'2017-10-26',6,'邢文志',1,14,'无法连接到远程桌面','重新启动电脑',0,3,43,'','2018-02-22 06:47:15'),(658,1,'2017-10-26',8,'肖婧',1,14,'停电造成excle文件打不开','用excle软件恢复',0,3,43,'','2018-02-22 06:47:15'),(659,1,'2017-10-27',1,'刘永银',6,17,'cpegg 网从一楼帮到二楼','cpegg 网从一楼帮到二楼',0,3,43,'','2018-02-22 06:47:15'),(660,1,'2017-10-27',22,'李淑贤',1,18,'电脑蓝屏死机','换硬盘，重新安装操作系统',0,3,43,'','2018-02-22 06:47:15'),(661,1,'2017-10-30',11,'宋宇航',3,5,'新买打印机安装调试','新买打印机安装调试',0,3,44,'','2018-02-22 06:47:15'),(662,1,'2017-10-30',17,'陈晶伟',2,4,'电话无声','重插跳线',0,3,44,'','2018-02-22 06:47:15'),(663,1,'2017-10-30',1,'刘永银',6,17,'路由器配置丢失，无法上网','重新配置路由器',0,3,44,'','2018-02-22 06:47:15'),(664,1,'2017-10-01',22,'李淑贤',1,14,'安装SAP,CPC','安装SAP,CPC',0,3,39,'','2018-02-22 06:47:15'),(665,1,'2017-10-01',11,'宋玉航',3,5,'安装新打印机不能打印，默认打印机不能使用','调到能使用的打印机即可',0,1,39,'','2018-02-22 06:47:15'),(666,1,'2017-10-01',18,'陈龙辉',2,4,'分机号1891不通','换线处理',0,1,39,'','2018-02-22 06:47:15'),(667,1,'2017-10-01',24,'姜伟',1,18,'C盘无空间','电脑3个杀软，需要备份数据需要重新装系统',0,1,39,'','2018-02-22 06:47:15'),(668,1,'2017-11-01',24,'姜伟',1,14,'电脑不能保存东西','清垃圾重新安装办公软件',0,3,44,'','2018-02-22 06:47:15'),(669,1,'2017-11-01',11,'宋宇航',1,14,'电脑连不上共享打印机','在开始输入共享打印机电脑的名字，回车',0,3,44,'','2018-02-22 06:47:15'),(670,1,'2017-11-01',12,'梁丽艳',1,14,'电脑excel不好用，电脑卡','系统慢，excel有问题，删除无用的软件，excel版本转换',0,1,44,'','2018-02-22 06:47:15'),(671,1,'2017-11-02',2,'刘伟',1,14,'浏览器打不开','清垃圾，重启电脑',0,3,44,'','2018-02-22 06:47:15'),(672,1,'2017-11-02',24,'姜伟',1,14,'安装转换PDF软件','安装转换PDF软件',0,3,44,'','2018-02-22 06:47:15'),(673,1,'2017-11-03',2,'孙睿',1,18,'浏览器丢失','修改注册表',0,3,44,'','2018-02-22 06:47:15'),(674,1,'2017-11-03',14,'王云',1,14,'oa 更换手机，指导安装oa app','oa 更换手机，指导安装oa app',0,1,44,'','2018-02-22 06:47:15'),(675,1,'2017-11-06',2,'田雅丽',1,19,'财务 ss，sap掉线','卸载上海vpn，盈高设置办公室角色',0,1,45,'','2018-02-22 06:47:15'),(676,1,'2017-11-06',17,'马红峪',3,5,'发货平台调试打印机','发货平台调试打印机',0,1,45,'','2018-02-22 06:47:15'),(677,1,'2017-11-06',12,'梁丽艳',1,14,'安装扫描仪软件','安装扫描仪软件',0,1,45,'','2018-02-22 06:47:15'),(678,1,'2017-11-07',17,'程俊',1,14,'安装办公软件','安装办公软件',0,3,45,'','2018-02-22 06:47:15'),(679,1,'2017-11-07',11,'宋宇航',3,5,'三联单第一联无字','重新安色带',0,3,45,'','2018-02-22 06:47:15'),(680,1,'2017-11-07',1,'刘永银',6,17,'CISCO  AP更换成H3C AP','CISCO  AP更换成H3C AP',0,3,45,'','2018-02-22 06:47:15'),(681,1,'2017-11-09',2,'张鹏',1,14,'安装SAP,安装打印机','安装SAP,安装打印机',0,3,45,'','2018-02-22 06:47:15'),(682,1,'2017-11-09',23,'何平',1,14,'安装vpn','安装vpn',0,1,45,'','2018-02-22 06:47:15'),(683,1,'2017-11-09',2,'审计小组',6,17,'无法访问公司系统','安装小助手',0,2,45,'','2018-02-22 06:47:15'),(684,1,'2017-11-11',23,'赵淑云',1,14,'中控室拼接屏无信号','HDMI切换成DVI显示即可',0,1,45,'','2018-02-22 06:47:15'),(685,1,'2017-11-12',6,'刘永银',7,12,'蛋鸡场查监控','蛋鸡场查监控',0,1,45,'','2018-02-22 06:47:15'),(686,1,'2017-11-12',2,'孟总',2,7,'电话会议','电话会议',0,1,45,'','2018-02-22 06:47:15'),(687,1,'2017-11-14',21,'张宝英',6,17,'北京社保系统不能正常显示','360浏览器切换到IE9模式',0,4,46,'','2018-02-22 06:47:15'),(688,1,'2017-11-14',21,'张宝英',1,8,'电脑黑屏无法开机','打开机箱插播内存条',0,4,46,'','2018-02-22 06:47:15'),(689,1,'2017-11-14',21,'李丹丹',1,19,'电脑杀毒','电脑杀毒',0,1,46,'','2018-02-22 06:47:15'),(690,1,'2017-11-14',6,'赵琴琴',1,19,'电脑杀毒','电脑杀毒',0,1,46,'','2018-02-22 06:47:15'),(691,1,'2017-11-15',5,'刘瑞昱',1,14,'安装监控软件','安装监控软件',0,3,46,'','2018-02-22 06:47:15'),(692,1,'2017-11-15',18,'彭艳楠',1,14,'将招标文件刻录到学光盘','将招标文件刻录到学光盘',0,3,46,'','2018-02-22 06:47:15'),(693,1,'2017-11-15',18,'刘伟',1,19,'发票电脑非常的慢','两个杀毒软件 删除360和无用的软件',0,1,46,'','2018-02-22 06:47:15'),(694,1,'2017-11-16',6,'李中原',6,13,'手机无法登录PM系统','认证注册',0,3,46,'','2018-02-22 06:47:15'),(695,1,'2017-11-16',2,'何雪芹',1,14,'扫描文件找不到','进入FTP按时间排序',0,3,46,'','2018-02-22 06:47:15'),(696,1,'2017-11-16',26,'梁英',1,14,'win10 连接vpn','win10 连接vpn',0,1,46,'','2018-02-22 06:47:15'),(697,1,'2017-11-17',12,'梁丽艳',2,7,'能接听，自己说话传不到对方','换电话机',0,3,46,'','2018-02-22 06:47:15'),(698,1,'2017-11-17',17,'刘晓二',1,14,'打印机无法打印EXCLE表格','excel页面纸张设置成A4',0,3,46,'','2018-02-22 06:47:15'),(699,1,'2017-11-17',17,'刘永银',1,14,'储运部电脑装excle服务器软件','储运部电脑装excle服务器软件',0,3,46,'','2018-02-22 06:47:15'),(700,1,'2017-11-20',17,'刘磊',1,18,'电脑卡慢','重新安装操作系统',0,3,47,'','2018-02-22 06:47:15'),(701,1,'2017-11-21',6,'赵琴琴',3,6,'报LSU错误不打印','擦激光器',0,3,47,'','2018-02-22 06:47:15'),(702,1,'2017-11-21',25,'刘永银',7,15,'24VAC转12VDC电源坏','直接更换成12V电源',0,3,47,'','2018-02-22 06:47:15'),(703,1,'2017-11-22',22,'李淑贤',1,14,'不打印','取消打印机队列暂停打印按钮',0,3,47,'','2018-02-22 06:47:15'),(704,1,'2017-11-22',17,'赵志辉',6,17,'手机连不上网','重设路由器',0,3,47,'','2018-02-22 06:47:15'),(705,1,'2017-11-22',17,'刘磊',1,14,'安装打印机','安装 打印机',0,3,47,'','2018-02-22 06:47:15'),(706,1,'2017-11-23',18,'杜爱宇',3,5,'打印机不通电','重新插拔打印机电源线',0,3,47,'','2018-02-22 06:47:15'),(707,1,'2017-11-26',21,'李丹丹',3,5,'打卡机脱机','重新设置WEB服务器',0,3,47,'','2018-02-22 06:47:15'),(708,1,'2017-11-27',24,'姜伟',1,14,'安装SAP','安装SAP',0,3,48,'','2018-02-22 06:47:15'),(709,1,'2017-11-28',23,'陈云平',7,16,'图像不清晰','调整角度',0,3,48,'','2018-02-22 06:47:15'),(710,1,'2017-11-28',23,'辛文鹏',1,14,'安装Office2010','安装Office2010',0,4,48,'','2018-02-22 06:47:15'),(711,1,'2017-11-29',18,'杜爱宇',3,5,'打印机连不上网','重启FTp上扫描软件',0,3,48,'','2018-02-22 06:47:15'),(712,1,'2017-11-29',5,'王雪洁',6,17,'网线老化','换新网线',0,3,48,'','2018-02-22 06:47:15'),(713,1,'2017-11-29',2,'何雪芹',1,14,'不认U盘','禁用网卡',0,3,48,'','2018-02-22 06:47:15'),(714,1,'2017-11-30',2,'何雪芹',1,14,'电脑连不上网','网卡禁用再启用',0,3,48,'','2018-02-22 06:47:15'),(715,1,'2017-12-01',4,'杨保华',1,14,'安装CAD软件','安装CAD软件',0,3,48,'','2018-02-22 06:47:15'),(716,1,'2017-12-04',18,'杜爱宇',3,5,'打印机连不上网','重启FTP上扫描软件',0,3,49,'','2018-02-22 06:47:15'),(717,1,'2017-12-05',24,'姜伟',1,14,'无法上网','关防火墙',0,3,49,'','2018-02-22 06:47:15'),(718,1,'2017-12-05',4,'张宝华',1,8,'无法开机','拔掉有问题硬盘',0,3,49,'','2018-02-22 06:47:15'),(719,1,'2017-12-05',6,'赵琴琴',1,19,'电脑卡慢','清垃圾卸软件',0,3,49,'','2018-02-22 06:47:15'),(720,1,'2017-12-05',22,'李淑贤',3,5,'打印图片慢','图片插到WORD中再打印',0,3,49,'','2018-02-22 06:47:15'),(721,1,'2017-12-06',11,'宋宇航',1,14,'无法远程','关掉需要远程电脑的防火墙',0,3,49,'','2018-02-22 06:47:15'),(722,1,'2017-12-07',6,'李光伟',1,14,'无法上网','MAC地址加入深信服',0,3,49,'','2018-02-22 06:47:15'),(723,1,'2017-12-07',18,'杨健',1,14,'无法上网','临时分配来宾账号',0,3,49,'','2018-02-22 06:47:15'),(724,1,'2017-12-07',17,'程俊',1,14,'无法上网','临时分配来宾账号',0,3,49,'','2018-02-22 06:47:15'),(725,1,'2017-12-08',25,'黄佩臣',1,8,'电脑黑屏','清洁内存',0,3,49,'','2018-02-22 06:47:15'),(726,1,'2017-12-08',18,'彭晏楠',2,7,'电话无声','换新电话线',0,3,49,'','2018-02-22 06:47:15'),(727,1,'2017-12-11',17,'陈晶伟',3,5,'无法打印','重新插拔打印机网线，重启打印机',0,3,50,'','2018-02-22 06:47:15'),(728,1,'2017-12-11',18,'刘伟',3,5,'无法打印','重新插拔电源线',0,3,50,'','2018-02-22 06:47:15'),(729,1,'2017-12-12',17,'陈海波',3,5,'打印机死机不打印','拔电源，重新开机',0,3,50,'','2018-02-22 06:47:15'),(730,1,'2017-12-12',8,'王攀',1,19,'电脑卡顿','卸软件，优化电脑',0,3,50,'','2018-02-22 06:47:15'),(731,1,'2017-12-01',12,'梁丽艳',1,19,'电脑卡顿','卸软件，优化电脑',0,3,48,'','2018-02-22 06:47:15'),(732,1,'2017-12-14',17,'关昭',6,17,'电脑无故断网','升级小助手',0,3,50,'','2018-02-22 06:47:15'),(733,1,'2017-12-15',22,'秦鹏飞',1,14,'OA无法打印','重新启动机器',0,3,50,'','2018-02-22 06:47:15'),(734,1,'2017-12-15',17,'赵志辉',2,4,'时通时不通','换电话线',0,3,50,'','2018-02-22 06:47:15'),(735,1,'2017-12-17',23,'董伟国',6,17,'光端机死机','拔电重启',0,3,50,'','2018-02-22 06:47:15'),(736,1,'2017-12-18',17,'赵玉玺',1,19,'电脑卡顿','清垃圾卸软件',0,3,51,'','2018-02-22 06:47:15'),(737,1,'2017-12-18',12,'梁丽艳',3,5,'无法扫描','重新安装打印机驱动',0,3,51,'','2018-02-22 06:47:15'),(738,1,'2017-12-19',2,'杨林峰',1,18,'WIN10改WIN7','WIN10改WIN7',0,3,51,'','2018-02-22 06:47:15'),(739,1,'2017-12-19',18,'马红峪',6,17,'VPN后登不上SS','电脑安装teamviewer',0,3,51,'','2018-02-22 06:47:15'),(740,1,'2017-12-20',5,'刘瑞昱',7,15,'密码不对','重新输入正确密码',0,3,51,'','2018-02-22 06:47:15'),(741,1,'2017-12-20',17,'刘晓二',7,15,'图像模糊','调整摄像机焦距',0,3,51,'','2018-02-22 06:47:15'),(742,1,'2017-12-20',11,'陈新文',6,17,'地磅入库电脑无网络','入库电脑交换机电源坏，换交换机电源',0,3,51,'','2018-02-22 06:47:15'),(743,1,'2017-12-21',24,'刘永银',7,15,'停车厂中南，南一，监控无显示','换水晶头，重启摄像机',0,3,51,'','2018-02-22 06:47:15'),(744,1,'2017-12-21',17,'陈海波',3,5,'打印不清楚','调节纸张厚度调节杆，调到刻度0处',0,3,51,'','2018-02-22 06:47:15'),(745,1,'2017-12-22',17,'范厚琼',1,14,'EXCLE打不开','重新装OFFICE',0,3,51,'','2018-02-22 06:47:15'),(746,1,'2017-12-22',17,'赵全玺',3,5,'更换打印机','更换打印机调试',0,3,51,'','2018-02-22 06:47:15'),(747,1,'2017-12-25',17,'刘晓二',3,5,'SS系统无法打印','重新安装打印机',0,3,52,'','2018-02-22 06:47:15'),(748,1,'2017-12-25',17,'陈海波',3,5,'打印内容不清楚','调节纸张厚度调节杆，调到刻度0处',0,3,52,'','2018-02-22 06:47:15'),(749,1,'2017-12-25',17,'赵伟',1,18,'电脑蓝屏死机','重新安装操作系统',0,3,52,'','2018-02-22 06:47:15'),(750,1,'2017-12-26',5,'张晓磊',6,17,'电脑打不开网页','重新开机，小助手注册',0,3,52,'','2018-02-22 06:47:15'),(751,1,'2017-12-26',2,'廉络',1,19,'C盘空间不足','给C盘扩容',0,3,52,'','2018-02-22 06:47:15'),(752,1,'2017-12-27',14,'贾立鹏',6,17,'连接VPN后无法访问物料系统','重装VPN软件',0,2,52,'','2018-02-22 06:47:15'),(753,1,'2017-12-27',8,'王攀',1,18,'电脑卡顿','重新安装操作系统',0,3,52,'','2018-02-22 06:47:15'),(754,1,'2017-12-27',2,'杨林峰',1,14,'认证、装打印机、装软件','认证、装打印机、装软件',0,3,52,'','2018-02-22 06:47:15'),(755,1,'2017-12-27',23,'经美',1,8,'不开机','重新插拔连线，扩容C盘',0,3,52,'','2018-02-22 06:47:15'),(756,1,'2017-12-28',2,'廉络',1,14,'硬盘不识别需要打标签','进入盈高管理界面注册打标签',0,4,52,'','2018-02-22 06:47:15'),(757,1,'2017-12-28',18,'李建秋',1,14,'安装SAP,清垃圾','安装SAP,清垃圾',0,3,52,'','2018-02-22 06:47:15'),(758,1,'2017-12-28',5,'刘锦辉',6,17,'打不开网页','重启小助手',0,3,52,'','2018-02-22 06:47:15'),(759,1,'2017-12-28',18,'马红峪',1,18,'电脑不能用','系统WIN8改WIN7',0,3,52,'','2018-02-22 06:47:15'),(760,1,'2017-12-30',23,'谷总',6,17,'AP无线号','更换墙壁面板',0,4,52,'','2018-02-22 06:47:15'),(761,1,'2018-01-02',18,'陈龙辉',1,14,'安装VPN,看图软件','安装VPN,看图软件',0,3,1,'','2018-02-22 06:47:15'),(762,1,'2018-01-02',12,'梁丽艳',6,17,'电脑无法连结到网络','重新安装操作系统',0,3,1,'','2018-02-22 06:47:15'),(763,1,'2018-01-03',17,'曹应俊',1,14,'电脑网页无法登录FTP','直接做本部门FTP网络映射',0,3,1,'','2018-02-22 06:47:15'),(764,1,'2018-01-03',12,'梁丽艳',3,5,'安装新打印机','安装新打印机',0,3,1,'','2018-02-22 06:47:15'),(765,1,'2018-01-04',18,'马红峪',1,14,'SAP连结不上','重新建立网络连结服务器',0,3,1,'','2018-02-22 06:47:15'),(766,1,'2018-01-04',12,'梁丽艳',3,5,'安装新打印机','安装新打印机',0,3,1,'','2018-02-22 06:47:15'),(767,1,'2018-01-05',17,'刘晓二',1,19,'电脑卡慢','卸掉无用软件',0,3,1,'','2018-02-22 06:47:15'),(768,1,'2018-01-05',17,'马超',3,5,'无法扫描','输入扫描IP10.128.112.83',0,3,1,'','2018-02-22 06:47:15'),(769,1,'2018-01-05',8,'刘永银',7,15,'监控图像不显示','换水晶头',0,3,1,'','2018-02-22 06:47:15'),(770,1,'2018-01-06',6,'李宗原',1,14,'电脑PPT需要录音','安装office2010 PPT',0,3,1,'','2018-02-22 06:47:15'),(771,1,'2018-01-06',11,'刘亮',1,8,'电脑不开机','换开关键',0,3,1,'','2018-02-22 06:47:15'),(772,1,'2018-01-08',12,'梁丽艳',1,14,'PPT打不开','重新安装OFFICE,卸掉金山杀毒软件',0,3,2,'','2018-02-22 06:47:15'),(773,1,'2018-01-08',4,'蔡德华',1,8,'不开机','重新插拔内存，放电',0,3,2,'','2018-02-22 06:47:15'),(774,1,'2018-01-09',22,'朱琳',1,8,'电脑不开机','用力按电脑开关按键',0,3,2,'','2018-02-22 06:47:15'),(775,1,'2018-01-09',19,'张磊',3,5,'不能连接共享打印机','通过共享电脑名字连接打印机',0,3,2,'','2018-02-22 06:47:15'),(776,1,'2018-01-09',23,'谷总',1,14,'电脑连不上VPN','重新配置VPN',0,3,2,'','2018-02-22 06:47:15'),(777,1,'2018-01-10',18,'李建秋',1,19,'电脑卡顿','清增圾，卸软件',0,3,2,'','2018-02-22 06:47:15'),(778,1,'2018-01-10',2,'刘翔鹤',3,5,'安装18打印机','安装18打印机',0,3,2,'','2018-02-22 06:47:15'),(779,1,'2018-01-11',22,'李淑贤',1,14,'键盘无法输入','重启电脑',0,3,2,'','2018-02-22 06:47:15'),(780,1,'2018-01-11',18,'李立立',3,5,'无法扫描','重启FTP扫描软件',0,3,2,'','2018-02-22 06:47:15'),(781,1,'2018-01-11',23,'吴董波',3,5,'打印机卡纸','开右盖拉纸盘取出纸',0,3,2,'','2018-02-22 06:47:15'),(782,1,'2018-01-14',17,'朱军',3,5,'打印机里有纸提示用完的纸张','拉出纸盒重新装入',0,3,2,'','2018-02-22 06:47:15'),(783,1,'2018-01-14',6,'李完原',1,14,'exlcle表打不开','关联一下打开文件的程序',0,3,2,'','2018-02-22 06:47:15'),(784,1,'2018-01-14',24,'常顺河',7,15,'蛋鸡东北门监控无图像','重新接电源',0,3,2,'','2018-02-22 06:47:15'),(785,1,'2018-01-15',1,'刘永银',7,16,'饲料厂，分级厂监控图像不清晰','饲料厂，分级厂安高清球机',0,3,3,'','2018-02-22 06:47:15'),(786,1,'2018-01-15',1,'刘永银',7,15,'监控图像不显示','重新插拔光端机',0,3,3,'','2018-02-22 06:47:15'),(787,1,'2018-01-15',21,'刘世杰',1,17,'电脑不能上网','重启电脑',0,4,3,'','2018-02-22 06:47:15'),(788,1,'2018-01-15',21,'王素荣',1,14,'激活office','激活office',0,4,3,'','2018-02-22 06:47:15'),(789,1,'2018-01-15',2,'何雪琴',1,14,'电脑不能上网','笔记本无法访问，重新安装小A',0,1,3,'','2018-02-22 06:47:15'),(790,1,'2018-01-15',1,'马仁涛',7,16,'蛋鸡场12栋鸡舍摄像头变更位置','蛋鸡场12栋鸡舍摄像头变更位置',0,1,3,'','2018-02-22 06:47:15'),(791,1,'2018-01-15',22,'朱琳',1,14,'安装CPC','安装CPC',0,4,3,'','2018-02-22 06:47:15'),(792,1,'2018-01-16',12,'赵顺利',1,14,'PPT不能插入视频，office版本问题','原来PPT另存为高版本',0,4,3,'','2018-02-22 06:47:15'),(793,1,'2018-01-16',26,'李爱芝',1,14,'OA系统上不能插入附件','更换谷歌浏览器为360极速',0,4,3,'','2018-02-22 06:47:15'),(794,1,'2018-01-16',18,'刘威',1,14,'打不开软件QQ,微信','重新安装软件',0,3,3,'','2018-02-22 06:47:15'),(795,1,'2018-01-16',1,'刘永银',9,20,'加湿灌水垢多，影响加湿效果','清除加湿灌水垢',0,3,3,'','2018-02-22 06:47:15'),(796,1,'2018-01-17',2,'张鹏',3,5,'打印机脱机','重启打印机',0,3,3,'','2018-02-22 06:47:15'),(797,1,'2018-01-17',6,'李完原',1,14,'PPT不能插入视频','安装PPT2010',0,3,3,'','2018-02-22 06:47:15'),(798,1,'2018-01-18',2,'魏小颖',3,5,'打印机操作屏不能输入密码','重启打印机',0,3,3,'','2018-02-22 06:47:15'),(799,1,'2018-01-18',6,'李中原',1,14,'exlcle表打不开','替换xllexdll文件',0,3,3,'','2018-02-22 06:47:15'),(800,1,'2018-01-18',17,'刘永银',3,6,'打印内容有黑道','更换硒鼓刮板',0,3,3,'','2018-02-22 06:47:15'),(801,1,'2018-01-19',12,'梁丽艳',1,14,'打不开视频','换浏览器 ',0,3,3,'','2018-02-22 06:47:15'),(802,1,'2018-01-19',12,'梁总',1,14,'无法上网','重启小助手',0,3,3,'','2018-02-22 06:47:15'),(803,1,'2018-01-20',1,'刘永银',9,20,'空调换水灌','空调换水灌',0,3,3,'','2018-02-22 06:47:15'),(804,1,'2018-01-22',2,'刘翔鹤',3,5,'打印机不能打印PDF','重新安装打印机的驱动程序',0,3,4,'','2018-02-22 06:47:15'),(805,1,'2018-01-23',1,'刘永银',4,10,'更换硬盘','更换硬盘',0,3,4,'','2018-02-22 06:47:15'),(806,1,'2018-01-23',1,'刘永银',9,20,'空调清洗水灌','空调清洗水灌',0,3,4,'','2018-02-22 06:47:15'),(807,1,'2018-01-24',18,'梁英',1,14,'系统升级，VPN无法连接','卸载原VPN，重新安装vpn',0,1,4,'','2018-02-22 06:47:15'),(808,1,'2018-01-24',19,'',1,14,'无法访问FTP','映射ftp',0,1,4,'','2018-02-22 06:47:15'),(809,1,'2018-01-24',24,'姜伟',6,17,'电脑QQ无法接收文件','重新插拔交换机水晶头',0,3,4,'','2018-02-22 06:47:15'),(810,1,'2018-01-24',18,'杨燕',3,5,'无法扫描','改扫描软件端口',0,3,4,'','2018-02-22 06:47:15'),(811,1,'2018-01-24',1,'刘永银',1,14,'远程提示输入密码错误','清除密码重新设定密码',0,3,4,'','2018-02-22 06:47:15'),(812,1,'2018-01-24',1,'刘永银',6,17,'食堂光纤布线施工','食堂光纤布线施工',0,3,4,'','2018-02-22 06:47:15'),(813,1,'2018-01-25',1,'刘永银',9,20,'空调下水管堵','输通下水管',0,3,4,'','2018-02-22 06:47:15'),(814,1,'2018-01-25',2,'张鹏',3,5,'打印机卡纸','取出卡纸',0,3,4,'','2018-02-22 06:47:15'),(815,1,'2018-01-25',17,'陈晶伟',3,5,'打印机脱机','选择正确的打印机',0,3,4,'','2018-02-22 06:47:15'),(816,1,'2018-01-27',2,'刘翔鹤',1,14,'需要在家访问系统','安装VPN软件',0,2,4,'','2018-02-22 06:47:15'),(817,1,'2018-01-29',24,'姜伟',6,17,'电脑无法连结到网络','屋顶交换机换成直接头',0,3,5,'','2018-02-22 06:47:15'),(818,1,'2018-01-29',6,'李中原',7,16,'监控临时线改成穿管','监控临时线改成穿管',0,3,5,'','2018-02-22 06:47:15'),(819,1,'2018-01-30',1,'刘永银',9,20,'涮加湿灌','涮加湿灌',0,3,5,'','2018-02-22 06:47:15'),(820,1,'2018-01-30',1,'刘永银',7,15,'大办公室门口监控图像不显示','换水晶头',0,3,5,'','2018-02-22 06:47:15'),(821,1,'2018-01-30',23,'邓君平',1,14,'微信无法输入汉字','重新登录微信',0,3,5,'','2018-02-22 06:47:15'),(822,1,'2018-01-31',18,'尚卫东',1,14,'无法连内网','安装小助手',0,3,5,'','2018-02-22 06:47:15'),(823,1,'2018-01-31',17,'曹应俊',1,14,'SS系统找不到默认打印机','退出SS系统重新进入',0,3,5,'','2018-02-22 06:47:15'),(824,1,'2018-02-01',17,'杨燕',3,5,'打印机提示无合适纸张','重新放纸，删掉任务重新打印',0,3,5,'','2018-02-22 06:47:15'),(825,1,'2018-02-01',23,'任建',1,14,'安装CPC','安装CPC',0,3,5,'','2018-02-22 06:47:15'),(826,1,'2018-02-01',23,'朱金金',3,5,'安装打印机','重新安装打印机的驱动程序',0,3,5,'','2018-02-22 06:47:15'),(827,1,'2018-02-01',1,'刘永银',6,17,'cpegg光端机报警','处理基站跳线',0,3,5,'','2018-02-22 06:47:15'),(828,1,'2018-02-05',2,'魏小颖',3,5,'打印文档有黑道','打印机多预热一会',0,3,6,'','2018-02-22 06:47:15'),(829,1,'2018-02-05',2,'刘伟',3,5,'打印发票不清楚','打印首选项原稿设成照片打印精度设为精细',0,3,6,'','2018-02-22 06:47:15'),(830,1,'2018-02-05',18,'杜爱宇',3,5,'打印扫描稿不清楚','扫描精度改成600*600',0,3,6,'','2018-02-22 06:47:15'),(831,1,'2018-02-05',19,'曹静茹',1,8,'电脑上不了网','重新换电脑网线水晶头',0,3,6,'','2018-02-22 06:47:15'),(832,1,'2018-02-06',1,'刘永银',6,17,'CPEgg网连不上','改AC时间',0,3,6,'','2018-02-22 06:47:15'),(833,1,'2018-02-06',18,'杨键',1,14,'需要入内网','安装小助手，认证注册',0,3,6,'','2018-02-22 06:47:15'),(834,1,'2018-02-06',6,'赵琴琴',1,14,'安装远程控制软件','安装远程控制软件',0,3,6,'','2018-02-22 06:47:15'),(835,1,'2018-02-07',6,'赵琴琴',6,17,'蛋鸡办公网时断时续','重新启动AP,重新插拔网线',0,3,6,'','2018-02-22 06:47:15'),(836,1,'2018-02-07',23,'何平',3,5,'安装打印机','安装打印机',0,3,6,'','2018-02-22 06:47:15'),(837,1,'2018-02-07',1,'刘永银',9,20,'空调报压缩机故障','室外机做保温',0,3,6,'','2018-02-22 06:47:15'),(838,1,'2018-02-07',8,'肖静',1,14,'excle表打不开','用兼容模式，调常规选项',0,3,6,'','2018-02-22 06:47:15'),(839,1,'2018-02-11',5,'张晓磊',1,14,'电脑没有打印机扫描软件','HP官方下载扫描软件',0,1,6,'10.128.112.254','2018-02-11 07:37:22'),(840,1,'2018-02-08',12,'梁丽艳',3,5,'无法扫描','重装驱动',0,3,6,'10.128.114.222','2018-02-22 01:48:27'),(841,1,'2018-02-08',19,'崔荣荣',6,13,'认证注册','认证注册',0,3,6,'10.128.114.222','2018-02-11 11:26:37'),(842,1,'2018-02-08',6,'邢文治',6,17,'无法连接办公网','换网线',0,3,6,'10.128.114.222','2018-02-11 11:27:53'),(843,1,'2018-02-08',5,'张晓磊',3,5,'打印机不打印','拆掉彩色墨盒',0,3,6,'10.128.114.222','2018-02-22 01:48:24'),(844,1,'2018-02-12',12,'梁丽艳',1,14,'三星4521F没有扫描软件','官方下载扫描软件安装',0,1,7,'10.128.112.254','2018-02-12 05:58:12'),(845,1,'2018-02-12',23,'朱金金',3,5,'打印机卡纸','拆开打印机取出卡纸',0,3,7,'10.128.113.218','2018-02-22 01:48:23'),(846,1,'2018-02-15',1,'刘永银',7,15,'东南保保安监控无显示','重新插拔光端机电源',0,3,7,'10.128.113.218','2018-02-22 01:48:22'),(847,1,'2018-02-15',18,'马红峪',3,5,'打印机扫描无法连接到网络','重新启动FTP软件',0,3,7,'10.128.113.218','2018-02-22 01:48:20'),(848,1,'2018-02-15',24,'杨云峰',9,20,'食堂电视无信号','调卫星接收锅',0,3,7,'10.128.113.218','2018-02-22 01:48:19'),(849,1,'2018-02-16',2,'魏小颖',1,14,'无法使用VPN','重新安装',0,3,7,'10.128.113.218','2018-02-22 01:48:18'),(850,1,'2018-02-18',18,'马红峪',3,5,'打印机扫描无法连接到网络','重新启动FTP软件',0,3,7,'10.128.113.218','2018-02-22 01:48:17'),(851,1,'2018-02-22',23,'赵淑云',1,14,'无法上网，且电脑很慢','小A重启，卸载360，电脑管家等软件',0,1,8,'10.128.112.254','2018-02-22 01:12:05'),(852,1,'2018-02-22',23,'邓君平',3,5,'打印报错','卸载驱动重新安装',0,2,8,'10.128.114.45','2018-02-22 05:57:18'),(853,1,'2018-02-22',23,'谷总',1,17,'电脑无法获取IP地址','重新启动',0,3,8,'10.128.114.132','2018-02-23 02:24:10'),(854,1,'2018-02-23',2,'王涛',3,5,'无法打印A5纸','A5纸盒卡纸，取出卡纸',0,3,8,'10.128.114.132','2018-02-23 02:25:45'),(855,1,'2018-02-23',2,'李晓东',1,17,'电脑无法上网','重新安装小A',0,1,8,'10.128.112.254','2018-02-23 05:59:44'),(856,1,'2018-02-23',2,'田雅丽',1,14,'要求打印合同，合同章为红色','打印机调成自动颜色。',0,1,8,'10.128.112.254','2018-02-23 06:01:40'),(857,1,'2018-02-23',17,'刘小二',1,14,'EXCEL文件损坏','EXCEL的临时文件损坏',0,1,8,'10.128.112.254','2018-02-23 08:24:13'),(858,2,'2018-02-24',22,'刘静',1,14,'安装VPN客户端','win10系统安装完后改注册表',0,6,8,'10.127.24.185','2018-02-24 03:08:07'),(859,2,'2018-02-24',22,'刘静',3,5,'安装扫描驱动','安装驱动',0,6,8,'10.127.24.185','2018-02-24 08:32:22'),(860,2,'2018-02-25',7,'吴宝川',3,5,'安装指定网络打印机','查看打印机名称，搜索安装',0,6,8,'10.127.24.187','2018-02-25 01:24:32'),(861,2,'2018-02-25',16,'李敏',3,5,'打印机卡纸','拆掉硒鼓,取出卡纸',0,6,8,'10.127.24.187','2018-02-25 08:38:08'),(862,2,'2018-02-26',3,'刘静',1,14,'CPC不能登陆','卸载旧版,安装新版',0,6,9,'10.127.24.223','2018-02-26 08:59:25'),(863,1,'2018-02-26',2,'薄会双',1,14,'打不开FTP','做网络映射',0,3,9,'10.128.115.185','2018-02-26 11:12:01'),(864,1,'2018-02-24',1,'刘永银',7,15,'摄像机坏','换摄像机',0,3,8,'10.128.115.185','2018-02-26 11:13:03'),(865,1,'2018-02-25',13,'朱军',2,4,'电话机坏','换电话机',0,3,8,'10.128.115.185','2018-02-26 11:14:19'),(866,1,'2018-02-25',6,'李光伟',1,18,'安不上办公软件','重装系统',0,3,8,'10.128.115.185','2018-02-26 11:14:59'),(867,1,'2018-02-26',2,'王涛',1,14,'SAP审不了单子','卸无用软件',0,3,9,'10.128.115.185','2018-02-26 11:15:44'),(868,1,'2018-02-26',18,'杨键',3,5,'打印机不能打印','重启小助手',0,3,9,'10.128.115.185','2018-02-26 11:16:24'),(869,1,'2018-02-26',21,'王素荣',3,5,'打印机卡纸','取出卡纸',0,3,9,'10.128.115.185','2018-02-26 11:17:09'),(870,1,'2018-02-28',2,'廉络',1,14,'安装VPN,SAP','安装VPN,SAP',0,3,9,'10.128.113.187','2018-02-28 04:23:03'),(871,1,'2018-02-27',18,'李爱芝',1,14,'打不开PDF','安装PDF',0,3,9,'10.128.113.187','2018-02-28 04:23:56'),(872,1,'2018-02-28',2,'刘翔鹤',1,14,'入网认证','安装小助手',0,3,9,'10.128.113.187','2018-02-28 04:24:46'),(873,2,'2018-02-28',2,'方琴',1,14,'电脑安装SAP和VPN客户端','安装程序安装',0,6,9,'10.127.24.225','2018-02-28 05:00:10'),(874,2,'2018-02-28',11,'薛利英',6,17,'VPN连通后无法登陆服务器','卸载重装VPN客户端',0,6,9,'10.127.24.225','2018-02-28 08:19:34'),(875,1,'2018-03-01',17,'马红峪',6,13,'无法上外网','笔记本深信服添加信任，并安装pdf软件',0,1,9,'10.128.112.254','2018-03-01 02:32:01'),(876,1,'2018-03-01',24,'姜伟',9,20,'创建食堂意见反馈微信群','创建食堂意见反馈微信群并打印',0,1,9,'10.128.112.254','2018-03-01 03:32:59'),(877,2,'2018-03-02',23,'卫文刚',1,14,'物料系统不能审批月计划，点击审批无反应','更换IE浏览器，加入兼容模式',0,6,9,'10.127.24.227','2018-03-02 02:37:06'),(878,1,'2018-03-02',24,'姜伟',9,20,'饭卡月初批量充值','录制制作批量充值视频给姜伟',0,1,9,'10.128.112.254','2018-03-02 06:09:23'),(879,1,'2018-03-01',18,'马红峪',3,5,'打印机不打印','重新安装驱动',0,3,9,'10.128.115.228','2018-03-05 06:36:42'),(880,1,'2018-03-01',2,'张鹏',1,14,'安装打印机，安装SAP','安装打印机，安装SAP',0,3,9,'10.128.115.228','2018-03-05 06:37:34'),(881,1,'2018-03-01',13,'刘晓二',3,5,'打印机不能打印','重新启动打印机',0,3,9,'10.128.115.228','2018-03-05 06:38:18'),(882,1,'2018-03-02',22,'李淑贤',3,5,'打印机卡纸','取出卡纸',0,3,9,'10.128.115.228','2018-03-05 06:39:05'),(883,1,'2018-03-02',19,'苗雅迪',1,14,'电脑QQ无法接收文件','重启小助手',0,3,9,'10.128.115.228','2018-03-05 06:40:14'),(884,1,'2018-03-04',1,'刘永银',9,20,'加湿器不上水','换卸水电磁载',0,3,9,'10.128.115.228','2018-03-05 06:41:21'),(885,1,'2018-03-05',19,'崔荣荣',1,14,'无法向FTP存放文件','做FTP网络映射',0,3,10,'10.128.115.228','2018-03-05 07:52:57'),(886,1,'2018-03-05',25,'赵伟',1,18,'系统卡顿','重装系统',0,3,10,'10.128.115.228','2018-03-05 07:54:02'),(887,1,'2018-03-05',2,'王艺',3,5,'无法扫描到网络','重启FTP扫描软件',0,3,10,'10.128.115.228','2018-03-05 08:02:23'),(888,1,'2018-03-05',26,'梁英',1,14,'VPN连不上，cisco虚拟网卡没有','windows7系统有问题，VPN安装报错，让她去重新装系统',0,1,10,'10.128.112.254','2018-03-06 03:59:24'),(889,2,'2018-03-06',3,'刘静',3,5,'安装打印机','打印机连接无线，电脑安装打印机驱动',0,6,10,'10.127.24.108','2018-03-07 00:29:30'),(890,1,'2018-03-07',8,'严泽华',6,13,'新笔记本需要接入办公网','深信服、盈高认证',0,2,10,'10.128.113.119','2018-03-07 04:33:06'),(891,2,'2018-03-07',2,'王园园',3,5,'一体机搬迁位置','新位置重新接网线和电话线',0,6,10,'10.127.24.108','2018-03-07 04:51:57'),(892,2,'2018-03-07',3,'刘静',1,14,'物料系统采购申请单不能打印A5纸','更换PDF浏览器，设置纵向打印',0,6,10,'10.127.24.108','2018-03-07 05:15:24'),(893,2,'2018-03-07',2,'王园园',1,14,'电脑重装操作系统，安装VPN、SAP软件','安装程序安装',0,6,10,'10.127.24.108','2018-03-07 05:58:01'),(894,1,'2018-03-08',5,'白星',9,20,'打印考试表彩色','连接追溯电脑打印，并登记彩色文档打印表',0,1,10,'10.128.112.254','2018-03-08 06:02:25'),(895,2,'2018-03-08',3,'刘静',2,7,'新增电话接线','分出一路',0,6,10,'10.127.24.39','2018-03-08 08:17:38'),(896,2,'2018-03-09',11,'马世斌',1,14,'安装监控软件','清除win7密码，安装软件',0,6,10,'10.127.24.176','2018-03-09 03:03:20'),(897,1,'2018-03-09',26,'梁英',1,14,'新装的系统需要安装VPN，打印机','安装VPN，安装打印机',0,1,10,'10.128.112.254','2018-03-09 06:55:16'),(898,1,'2018-03-12',26,'李泽祥',9,20,'手机CPC无法登录提示网络不可用','删除CPC更新最新版CPC',0,1,11,'10.128.112.254','2018-03-12 00:51:18'),(899,2,'2018-03-12',14,'于辛卉',3,5,'添加打印机','安装程序',0,6,11,'10.127.24.106','2018-03-12 04:04:39'),(900,2,'2018-03-12',2,'王园园',1,14,'安装AS3','安装AS3',0,6,11,'10.127.24.106','2018-03-12 05:16:55'),(901,1,'2018-03-12',2,'何雪琴',1,14,'PDF发票打印中文是乱码','一种是转换成XPS文件打印，一种安装FontPack11009_XtdAlf字体包。',0,1,11,'10.128.112.254','2018-03-12 07:56:53'),(902,2,'2018-03-13',2,'方琴',3,5,'安装打印机','安装驱动程序',0,6,11,'10.127.24.86','2018-03-13 01:36:22'),(903,2,'2018-03-13',18,'魏宗秀',1,14,'安装VPN客户端','安装程序安装',0,6,11,'10.127.24.86','2018-03-13 05:31:37'),(904,2,'2018-03-14',2,'阮央吉',1,14,'安装SAP客户端','安装程序安装',0,6,11,'10.127.24.34','2018-03-14 03:03:48'),(905,2,'2018-03-14',21,'徐燕虹',1,14,'人事考核系统录入身份证号不能直接出来出生日期和性别','设置兼容模式',0,6,11,'10.127.24.34','2018-03-14 03:05:35'),(906,2,'2018-03-16',11,'马世斌',6,17,'车间断网','无线路由器死机，重启',0,6,11,'10.127.24.210','2018-03-16 02:54:55'),(907,1,'2018-03-05',25,'赵伟',1,18,'系统卡顿','重装系统',0,3,10,'10.128.115.79','2018-03-16 04:24:00'),(908,1,'2018-03-13',2,'赵佳丽',3,5,'打印机不进纸','拔电源重启',0,3,11,'10.128.115.79','2018-03-16 04:28:11'),(909,1,'2018-03-13',4,'朱磊',1,14,'电脑蓝屏不进系统','重启按回车键',0,3,11,'10.128.115.79','2018-03-16 04:29:22'),(910,1,'2018-03-13',24,'张志强',2,7,'电话线牵移','做电话延长线',0,3,11,'10.128.115.79','2018-03-16 05:23:56'),(911,1,'2018-03-14',1,'刘永银',3,5,'大办公室新安打印机','大办公室新安打印机',0,3,11,'10.128.115.79','2018-03-16 05:24:51'),(912,1,'2018-03-15',19,'曹静茹',7,12,'回放邮包录像','回放邮包间录像',0,3,11,'10.128.115.79','2018-03-16 05:26:18'),(913,1,'2018-03-16',19,'刘琴',2,7,'电话不能录音','系统里点一下录音设置',0,3,11,'10.128.115.79','2018-03-16 05:27:35'),(914,1,'2018-03-18',16,'李宏伟',1,18,'电脑卡','重装系统',0,3,11,'10.128.115.240','2018-03-18 03:21:35'),(915,1,'2018-03-18',17,'刘磊',1,14,'excle每次打开都要更新','安装文件图标重新命名',0,3,11,'10.128.115.240','2018-03-18 03:27:11'),(916,1,'2018-03-18',2,'杨林峰',1,14,'VISIO文档打不开','安装VISIO软件',0,3,11,'10.128.115.240','2018-03-18 09:26:52'),(917,1,'2018-03-19',2,'张鹏',3,5,'SAP不能打印','安装新打印机驱动',0,1,12,'10.128.112.254','2018-03-19 06:09:36'),(918,1,'2018-03-20',13,'朱军',1,14,'电脑无法上网','重启电脑',0,3,12,'10.128.114.126','2018-03-21 02:04:51'),(919,1,'2018-03-20',23,'董伟国',9,20,'SHE工位线乱','整理后用绑带重新绑好固定',0,3,12,'10.128.114.126','2018-03-21 02:07:55'),(920,1,'2018-03-20',1,'刘永银',9,20,'净水机增压泵不工作','拆开净水机重新组装',0,3,12,'10.128.114.126','2018-03-21 02:08:56'),(921,2,'2018-03-21',3,'刘静',2,4,'电话不通','分机接触不好，换电话机',0,6,12,'10.127.24.92','2018-03-21 04:03:38'),(922,1,'2018-03-22',18,'李宏芝',9,20,'OA无法上传附件','用360浏览器',0,3,12,'10.128.115.23','2018-03-22 04:07:38'),(923,2,'2018-03-22',5,'李广',1,14,'人员离职，电脑系统密码不知','清除win7密码',0,6,12,'10.127.24.84','2018-03-22 05:38:19'),(924,2,'2018-03-22',13,'戴启斌',1,14,'安装VPN客户端','win10系统安装补丁后安装程序安装，再改注册表',0,6,12,'10.127.24.84','2018-03-22 05:39:43'),(925,1,'2018-03-23',2,'廉络',3,5,'sap不能打印','添加打印机认证密码',0,1,12,'10.128.112.254','2018-03-23 02:38:51'),(926,1,'2018-03-23',12,'梁丽艳',3,5,'不能批量扫描多文件到一个文档','安装批量扫描软件',0,1,12,'10.128.112.254','2018-03-23 07:20:49'),(927,2,'2018-03-23',3,'刘静',1,14,'安装SAP、安装扫描','安装程序安装',0,6,12,'10.127.24.183','2018-03-23 07:24:29'),(928,1,'2018-03-23',2,'薄会双',1,14,'要求安装OFFICE','要求安装OFFICE',0,3,12,'10.128.115.158','2018-03-23 09:26:40'),(929,1,'2018-03-23',21,'石欣旺',9,20,'新买考勤机入网','加MAC，调端口8081',0,3,12,'10.128.115.158','2018-03-23 09:29:04'),(930,1,'2018-03-24',18,'彭艳楠',1,14,'安装VPN','安装VPN',0,3,12,'10.128.115.244','2018-03-24 09:04:24'),(931,1,'2018-03-24',12,'马长城',7,12,'查看深加工入备蛋间图像','进入松下监控系统查看',0,3,12,'10.128.115.244','2018-03-24 09:06:05'),(932,1,'2018-03-25',6,'邢文志',6,17,'交换机主线接口松动','重新插拔水晶头',0,3,12,'10.128.115.244','2018-03-25 09:21:24'),(933,1,'2018-03-26',2,'孙睿',1,8,'启动黑屏提示时间错误','进入BIOS调整BIOS系统时间即可',0,1,13,'10.128.112.254','2018-03-26 03:39:04'),(934,2,'2018-03-27',2,'刘翔鹤',1,8,'电脑搬位置','重新接线，安装网卡驱动',0,6,13,'10.127.24.235','2018-03-27 01:17:56'),(935,1,'2018-03-27',21,'王素荣',2,4,'电话线头脱落','重新接好线头',0,3,13,'10.128.114.70','2018-03-28 00:29:07'),(936,1,'2018-03-27',2,'刘伟',3,5,'打印机打不清楚','更换色带',0,3,13,'10.128.114.70','2018-03-27 07:58:32'),(937,2,'2018-03-28',2,'宋银灵',3,5,'安装支票打印机','串口连接，安装打印软件',0,6,13,'10.127.24.60','2018-03-28 02:27:47'),(938,1,'2018-03-28',2,'薄会双',1,14,'office2007改2010','office2007改2010',0,3,13,'10.128.114.216','2018-03-28 11:43:56'),(939,1,'2018-03-28',23,'王菁蕾',9,20,'更新网站新闻','更新网站新闻',0,3,13,'10.128.114.216','2018-03-28 11:44:50'),(940,1,'2018-03-28',1,'刘永银',7,12,'1.0.0.167服务器死机','重启服务器',0,3,13,'10.128.114.216','2018-03-28 12:09:00'),(941,2,'2018-03-29',2,'阮央吉',3,5,'安装打印机','安装驱动',0,6,13,'10.127.24.113','2018-03-29 05:21:42'),(942,1,'2018-03-29',8,'王攀',1,18,'电脑卡','重装系统',0,3,13,'10.128.115.123','2018-03-29 10:59:51'),(943,1,'2018-03-29',8,'肖婧',1,14,'电脑无法上网','无线换成有线',0,3,13,'10.128.115.123','2018-03-29 11:02:03'),(944,1,'2018-03-29',4,'蔡德华',7,15,'监控软件没有摄像头菜单','点视图点显示摄像头标题',0,3,13,'10.128.115.123','2018-03-29 11:04:18'),(945,1,'2018-03-29',23,'王菁蕾',9,20,'更新网站新闻','更新网站新闻',0,3,13,'10.128.115.123','2018-03-29 11:05:39'),(946,1,'2018-03-30',1,'胡海杰',9,20,'CPEGG网站后台管理员密码太简单','修改管理密码添加特殊字符',0,1,13,'10.128.112.254','2018-03-30 00:40:39'),(947,1,'2018-03-30',6,'邢文志',6,17,'无法登SS,无法接收图片','重启交换机，重启AP',0,3,13,'10.128.115.211','2018-03-30 01:18:36'),(948,1,'2018-03-30',18,'马红峪',1,14,'忘记密码无法开机','用PE清除密码',0,3,13,'10.128.115.211','2018-03-30 01:19:59'),(949,1,'2018-03-30',13,'朱军',3,5,'打印机前边进纸打印内容有空格','调节纸张厚度标尺为1',0,3,13,'10.128.115.211','2018-03-30 07:01:26'),(950,1,'2018-03-30',19,'刘琴',7,12,'安装4200看分级厂','安装4200看分级厂',0,3,13,'10.128.115.211','2018-03-30 07:02:16'),(951,1,'2018-03-30',2,'魏小颖',2,7,'加装电话分机','加装电话分机',0,3,13,'10.128.115.211','2018-03-30 07:03:59'),(952,1,'2018-04-01',13,'朱军',3,5,'打印内容错位，打印机有异响','重新安装色带',0,3,13,'10.128.113.202','2018-04-01 03:54:17'),(953,1,'2018-04-03',6,'白云清',7,15,'2、3、5、8、13、11栋监控不显示','重新插拔光纤跳线，换水晶头',0,3,14,'10.128.114.231','2018-04-03 00:40:49'),(954,1,'2018-04-03',13,'关昭',3,5,'色带出轨道','重新安装带，旋紧色带',0,3,14,'10.128.114.231','2018-04-03 00:42:18'),(955,1,'2018-04-03',6,'李中元',1,14,'MACfree软件阻止下载文件','卸掉MACfree',0,3,14,'10.128.114.231','2018-04-03 00:44:37'),(956,1,'2018-04-03',6,'邢文志',1,14,'PS软件无法使用','卸掉重新下载绿色版',0,3,14,'10.128.114.231','2018-04-03 00:46:25'),(957,1,'2018-04-03',23,'陈雪佳',9,20,'投影仪投出画面发红','换数据线',0,3,14,'10.128.114.231','2018-04-03 00:47:54'),(958,1,'2018-04-03',18,'马红峪',1,14,'CPC打开图后找不到CPC菜单','重新启动CPC',0,3,14,'10.128.114.231','2018-04-03 00:50:16'),(959,1,'2018-04-03',2,'廉络',1,14,'连不上SAP','重启小助手，重新安检',0,3,14,'10.128.114.231','2018-04-03 00:51:56'),(960,1,'2018-04-02',2,'孙睿',1,14,'笔记本系统时间错误','进入BIOS设置时间',0,1,14,'10.128.112.254','2018-04-03 08:51:18'),(961,1,'2018-04-03',18,'天津张宁',1,18,'电脑无法进入系统','考出数据重新安装操作系统',0,3,14,'10.128.114.231','2018-04-03 02:15:24'),(962,2,'2018-04-03',5,'李广',6,17,'深加工车间设备调试接入网络导致办公全部断网','日志显示地址冲突，划分VLAN到另一网络',0,6,14,'10.127.24.67','2018-04-03 08:32:33'),(963,1,'2018-04-04',23,'姜伟',9,20,'需要充值的金额和黑豆云充值金额不等','查找入职未办理饭卡，离职未销卡的人员',0,1,14,'10.128.112.254','2018-04-04 02:52:18'),(964,2,'2018-04-04',18,'王储君',1,14,'win10升级后无法使用VPN','重装客户端软件',0,6,14,'10.127.24.103','2018-04-04 05:23:57'),(965,1,'2018-04-05',6,'赵琴琴',6,17,'交换机主线接口松动','重新插拔水晶头',0,3,14,'10.128.115.108','2018-04-05 05:36:33'),(966,1,'2018-04-05',2,'刘伟',1,14,'安装VPN','安装VPN',0,3,14,'10.128.115.108','2018-04-05 05:37:42'),(967,1,'2018-04-07',6,'赵琴琴',3,5,'一直预热停不下来','关机拔电10分钟后再开机',0,3,14,'10.128.113.93','2018-04-07 02:50:01'),(968,2,'2018-04-09',18,'魏宗秀',1,14,'安装VPN客户端','安装程序安装',0,6,15,'10.127.24.211','2018-04-09 01:05:01'),(969,1,'2018-04-09',4,'辛文鹏',8,2,'安装AP','安装AP',0,3,15,'10.128.114.28','2018-04-09 06:22:41'),(970,1,'2018-04-09',6,'刘东胜',1,14,'无法打开监控','360浏览器换成极速模式',0,3,15,'10.128.114.28','2018-04-09 06:24:10'),(971,1,'2018-04-09',23,'张冰',1,14,'笔记本无法上内网，OA打不开','无线改有线，重启小A',0,3,15,'10.128.114.28','2018-04-09 06:26:34'),(972,1,'2018-04-09',6,'赵琴琴',3,5,'进纸一进半后，不走纸','用酒精清洗戳纸轮',0,3,15,'10.128.114.28','2018-04-09 06:28:30'),(973,2,'2018-04-09',24,'应缘',1,19,'物料系统不能打印','调低浏览器安全设置',0,6,15,'10.127.24.211','2018-04-09 08:37:23'),(974,1,'2018-04-10',12,'梁丽艳',3,5,'后边进纸不正常','重新安装系统',0,3,15,'10.128.114.169','2018-04-10 07:37:11'),(975,1,'2018-04-10',2,'魏小颖',3,5,'安装大办公室打印机驱动','安装大办公室驱动',0,3,15,'10.128.114.169','2018-04-10 07:37:58'),(976,1,'2018-04-10',2,'王涛',9,20,'手机无法正常使用','恢复出厂',0,3,15,'10.128.114.169','2018-04-10 07:39:39'),(977,1,'2018-04-10',23,'任建',1,14,'无法开机需要考数据','进PE考数据',0,3,15,'10.128.114.169','2018-04-10 07:41:36'),(978,2,'2018-04-11',13,'戴启斌',1,8,'安装蓝牙鼠标','配对安装驱动',0,6,15,'10.127.24.92','2018-04-11 04:54:01'),(979,2,'2018-04-11',22,'徐鹏科',1,14,'安装CPC软件','安装程序安装',0,6,15,'10.127.24.92','2018-04-11 06:02:19'),(980,1,'2018-04-11',18,'张宁',3,5,'无法共享win10系统打印机','win7电脑控制面板添加凭据',0,3,15,'10.128.115.59','2018-04-11 12:00:44'),(981,1,'2018-04-13',4,'蔡德华',1,14,'需要禁止电脑看网上视频','深信服内容策略做限制',0,3,15,'10.128.113.85','2018-04-13 02:57:00'),(982,1,'2018-04-13',12,'马长城',6,13,'新电脑上网注册','新电脑上网注册',0,3,15,'10.128.113.85','2018-04-13 02:57:49'),(983,1,'2018-04-13',11,'闫宜',6,13,'新电脑上网注册','新电脑上网注册',0,3,15,'10.128.113.85','2018-04-13 02:58:46'),(984,1,'2018-04-14',2,'杨林峰',1,14,'某些excle文件无法删除','重新安装office2010',0,3,15,'10.128.113.214','2018-04-14 05:42:52'),(985,2,'2018-04-16',22,'徐鹏科',1,14,'打印物料系统采购申请单页面太小','改A5为A4',0,6,16,'10.127.24.73','2018-04-16 04:11:05'),(986,1,'2018-04-16',2,'刘翔鹤',3,5,'新装系统要安打印机驱动','安装打印机驱动',0,3,16,'10.128.115.30','2018-04-17 00:37:15'),(987,1,'2018-04-16',2,'王玉明',3,5,'升级win10后无法打印','安装打印机光盘驱动',0,3,16,'10.128.115.30','2018-04-17 00:38:43'),(988,1,'2018-04-16',18,'李小静',1,14,'win10升级后office无法使用','重新安装office2007',0,3,16,'10.128.115.30','2018-04-17 00:40:27'),(989,1,'2018-04-16',6,'李中元',7,15,'17栋2栋后端不显示','光纤拉直',0,3,16,'10.128.115.30','2018-04-17 01:15:32'),(990,2,'2018-04-17',22,'徐鹏科',1,14,'安装SAP客户端','安装程序安装',0,6,16,'10.127.24.158','2018-04-17 02:27:18'),(991,1,'2018-04-17',23,'董伟国',3,5,'安装大办公室打印机驱动','安装大办公室驱动',0,3,16,'10.128.115.30','2018-04-17 03:33:21'),(992,1,'2018-04-17',23,'任建',3,5,'安装大印机驱动','安装大印机驱动',0,3,16,'10.128.115.30','2018-04-17 03:34:18'),(993,1,'2018-04-16',1,'郝永超',7,15,'监控传输故障','光纤顺序插反且光纤没有固定好',0,8,16,'10.128.114.140','2018-04-17 10:55:01'),(994,1,'2018-04-17',8,'肖婧',2,7,'电话线插上电话无反应','接上旁边电话线正常',0,8,16,'10.128.114.140','2018-04-17 10:59:27'),(995,1,'2018-04-17',23,'季郁芊',6,13,'新同事不能上网','深信服绑定MAC，下载盈高插件',0,8,16,'10.128.114.140','2018-04-17 11:30:34'),(996,1,'2018-04-18',1,'刘永银',9,20,'监控图像不清晰','用布插试摄像头',0,3,16,'10.128.115.164','2018-04-18 03:42:06'),(997,1,'2018-04-18',1,'郝永超',1,14,'teamviewer试用版无法转成免费版','改网络地址值',0,3,16,'10.128.115.164','2018-04-18 03:44:31'),(998,1,'2018-04-19',2,'高慧',6,13,'需要上SS、SAP','安装小助手，上网认证',0,3,16,'10.128.113.48','2018-04-19 02:36:24'),(999,1,'2018-04-19',23,'杨关俊',6,13,'庞柳电脑要上内网','上网注册',0,3,16,'10.128.113.48','2018-04-19 02:37:30'),(1000,1,'2018-04-19',11,'王金宝',6,17,'网口接触不良','换水晶头',0,3,16,'10.128.113.48','2018-04-19 02:38:38'),(1001,1,'2018-04-19',6,'邢文志',6,17,'网络时通时断','将新接电脑网线拔掉插错口了',0,3,16,'10.128.113.48','2018-04-19 02:51:40'),(1002,1,'2018-04-18',6,'李中元',7,15,'A线外围监控无画面','更换新的跳线',0,8,16,'10.128.114.140','2018-04-19 11:56:41'),(1003,1,'2018-04-19',6,'赵琴琴',6,17,'网线水晶头没有压紧','更换网线',0,8,16,'10.128.114.140','2018-04-19 11:59:06'),(1004,1,'2018-04-19',1,'郝永超',5,11,'充电并测试行走','充电并测试行走',0,8,16,'10.128.114.140','2018-04-19 12:00:19'),(1005,1,'2018-04-19',1,'刘永银',8,1,'消防井电话线被挖断','消防井安装电话重新布线',0,3,16,'10.128.113.48','2018-04-19 13:00:10'),(1006,1,'2018-04-19',1,'刘永银',8,2,'食堂宽带光纤没有穿管','食堂宽带光纤穿管',0,3,16,'10.128.113.48','2018-04-19 13:01:30'),(1007,1,'2018-04-19',1,'刘永银',9,20,'IT部工位、机柜线不整齐','整理线路',0,3,16,'10.128.113.48','2018-04-19 13:03:15'),(1008,1,'2018-04-19',1,'郝永超',9,20,'办公室机柜线路太乱','整理线路并绑紧，撤掉多余的线路',0,8,16,'10.128.114.140','2018-04-19 13:04:46'),(1009,1,'2018-04-20',23,'陈雪佳',6,17,'无法登入物料系统','重新输入正确网址',0,3,16,'10.128.113.187','2018-04-20 02:15:55'),(1010,1,'2018-04-20',23,'曹鹏辉',3,5,'扫描无法连接到网络','重新启动FTP电脑',0,3,16,'10.128.113.187','2018-04-20 02:17:09'),(1011,2,'2018-04-20',3,'刘静',3,5,'笔记本电脑安装打印机和扫描仪驱动','安装程序安装',0,6,16,'10.127.24.206','2018-04-20 02:24:14'),(1012,2,'2018-04-20',13,'宋加欢',1,14,'安装VPN客户端','win10系统安装补丁后安装程序安装，再改注册表',0,6,16,'10.127.24.206','2018-04-20 03:10:10'),(1013,1,'2018-04-20',23,'陈云平',3,5,'安装大办公室打印机驱动','安装大办公室驱动',0,3,16,'10.128.113.187','2018-04-20 09:25:49'),(1014,1,'2018-04-20',1,'刘永银',9,20,'空调报警压缩机故障','清理室外机',0,3,16,'10.128.113.187','2018-04-20 09:26:45'),(1015,1,'2018-04-20',1,'刘永银',9,20,'整理分级厂机柜，工位线路','整理分级厂机柜，工位线路',0,3,16,'10.128.113.187','2018-04-20 09:29:27'),(1016,1,'2018-04-21',8,'肖静',1,14,'Excel工作表的某个sheet操作特别卡','新建Excel表并将sheet复制过去',0,2,16,'10.128.113.191','2018-04-21 03:53:16'),(1017,1,'2018-04-22',2,'张鹏',3,5,'OA单据无法打印','重新认证，能访问局域网，打印机部门认证重新核对',0,2,16,'10.128.113.191','2018-04-22 02:32:44'),(1018,1,'2018-04-23',24,'赵林海',7,16,'蛋鸡东北门监控需要照到篮球厂','旋转摄像头',0,3,17,'10.128.114.165','2018-04-23 07:44:54'),(1019,1,'2018-04-23',24,'陈雪佳',9,20,'中控大屏线多需要整理','整理线路',0,3,17,'10.128.114.165','2018-04-23 07:46:28'),(1020,1,'2018-04-20',1,'郝永超',9,20,'设备部，专家楼、宿舍和东南门的线路乱','整理线路并绑紧线路',0,8,16,'10.128.114.178','2018-04-23 07:58:07'),(1021,1,'2018-04-23',24,'赵林海',7,16,'需要监控围墙','调整摄像头方向',0,8,17,'10.128.114.178','2018-04-23 07:59:50'),(1022,1,'2018-04-23',1,'刘永银',9,20,'整理销管、综合办公室线路','整理销管、综合办公室线路',0,3,17,'10.128.115.67','2018-04-24 00:53:55'),(1023,1,'2018-04-23',1,'刘永银',9,20,'清洗空调','清洗空调',0,3,17,'10.128.115.67','2018-04-24 00:54:56'),(1024,1,'2018-04-23',1,'郝永超',9,20,'机房空调过滤网脏','清水清洗干净',0,8,17,'10.128.114.178','2018-04-24 05:01:15'),(1025,1,'2018-04-23',1,'郝永超',9,20,'销管和综合办公室的线路乱','整理线路并绑紧线路',0,8,17,'10.128.114.178','2018-04-24 05:02:43'),(1026,2,'2018-04-24',24,'应缘',3,5,'安装打印机驱动','安装程序安装',0,6,17,'10.127.24.203','2018-04-24 05:10:29'),(1027,1,'2018-04-24',2,'王涛',6,17,'电脑突然无法上网','重启小助手',0,8,17,'10.128.114.178','2018-04-24 10:25:15'),(1028,1,'2018-04-24',18,'李红峪',6,17,'电脑突然无法上网','下载盈高插件，通过认证后正常',0,8,17,'10.128.114.178','2018-04-24 10:29:29'),(1029,1,'2018-04-24',1,'郝永超',9,20,'整理东北门，蛋鸡门口和污水站机柜','整理线路并绑紧线路',0,8,17,'10.128.114.178','2018-04-24 10:36:13'),(1030,1,'2018-04-24',1,'郝永超',9,20,'整理液蛋中控和壳液蛋发货平台','清洁、整理线路并绑紧线路',0,8,17,'10.128.114.178','2018-04-24 10:40:01'),(1031,2,'2018-04-25',18,'林倩',1,14,'安装VPN客户端','安装程序安装',0,6,17,'10.127.24.187','2018-04-25 02:58:30'),(1032,2,'2018-04-25',19,'刘静',1,8,'电脑搬位置，重新接线连网','接线连网',0,6,17,'10.127.24.187','2018-04-25 03:30:36'),(1033,1,'2018-04-25',2,'何雪琴',6,13,'新笔记本入网','安装小A和深信服注册',0,1,17,'10.128.115.248','2018-04-25 08:12:28'),(1034,1,'2018-04-25',24,'姜伟',1,18,'电脑系统卡顿几乎死机','重装系统',0,8,17,'10.128.114.178','2018-04-25 10:13:28'),(1035,1,'2018-04-25',24,'姜伟',1,19,'重要数据丢失','恢复数据',0,8,17,'10.128.114.178','2018-04-25 10:14:34'),(1036,1,'2018-04-25',1,'刘永银',9,20,'整理饲料厂机柜','整理饲料厂机柜',0,3,17,'10.128.113.136','2018-04-26 09:00:07'),(1037,1,'2018-04-26',1,'刘永银',9,20,'整理青年鸡机柜','整理青年鸡机柜',0,3,17,'10.128.113.136','2018-04-26 09:00:50'),(1038,2,'2018-04-28',17,'李杰',3,5,'安装打印机驱动','安装程序安装',0,6,17,'10.127.24.134','2018-04-28 01:08:50'),(1039,1,'2018-04-30',11,'王荣喜',9,20,'机器人插车无法自动行走','重新设置车载无线电台',0,3,18,'10.128.114.216','2018-04-30 02:07:24'),(1040,1,'2018-04-29',23,'谷永胜',6,17,'AP信号不稳定','重新排线序做水晶头',0,3,17,'10.128.114.216','2018-04-30 02:12:34'),(1041,1,'2018-05-01',6,'赵琴琴',6,17,'网络时通时断','换新网线',0,3,18,'10.128.115.15','2018-05-01 08:48:17'),(1042,1,'2018-05-02',21,'张保英',6,17,'无法上网','盈高加可信，因为需要访问一些国家网站',0,1,18,'10.128.112.254','2018-05-02 03:04:46'),(1043,1,'2018-05-02',2,'赵佳丽',6,17,'小A禁止上网','删除小A，添加可信',0,1,18,'10.128.112.254','2018-05-02 05:22:09'),(1044,1,'2018-05-02',6,'赵琴琴',3,5,'新购打印机安装驱动','新购打印机安装驱动',0,3,18,'10.128.115.115','2018-05-02 09:04:55'),(1045,1,'2018-05-02',1,'刘永银',9,20,'空调除尘','拆开空调除尘',0,3,18,'10.128.115.115','2018-05-02 09:06:39'),(1046,1,'2018-05-02',2,'张童',6,13,'上网认证','下载盈高插件，通过认证',0,8,18,'10.128.113.216','2018-05-02 11:16:35'),(1047,1,'2018-05-02',1,'郝永超',9,20,'清洁空调室外机','清洁空调室外机',0,8,18,'10.128.113.216','2018-05-02 11:17:31'),(1048,1,'2018-05-03',13,'关昭',3,5,'打印机脱机，无法打印','查看zabbix查看打印机不在线，让他们自己插拔网线解决',0,1,18,'10.128.112.254','2018-05-03 04:10:23'),(1049,1,'2018-05-04',13,'马仁涛',3,5,'打印发货单不按照纸张打印','添加新纸张，设置成发货单大小',0,1,18,'10.128.112.254','2018-05-04 02:26:22'),(1050,1,'2018-05-04',8,'王俊福',6,13,'笔记本无法上网','深信服添加认证',0,1,18,'10.128.112.254','2018-05-04 02:27:09'),(1051,2,'2018-05-04',6,'汪根海',1,14,'office到期功能受限','重新激活',0,6,18,'10.127.24.151','2018-05-04 07:57:27'),(1052,1,'2018-05-06',13,'曹英俊',9,20,'无法打印发货单','Log Off远程SS系统，重启电脑',0,7,18,'10.128.114.12','2018-05-06 02:43:48'),(1053,1,'2018-05-06',2,'何雪琴',1,14,'笔记本安装SAP','安装SAP',0,7,18,'10.128.114.116','2018-05-07 01:09:04'),(1054,1,'2018-05-07',1,'郭碧佳',1,14,'安装销管办公室打印机驱动','安装打印机驱动',0,7,19,'10.128.114.116','2018-05-07 02:29:23'),(1055,1,'2018-05-07',1,'马仁涛',1,8,'117.3电脑总是自己关机','添加硅胶，并除尘',0,1,19,'10.128.112.254','2018-05-07 05:47:03'),(1056,1,'2018-05-07',24,'姜伟',9,20,'餐厅饭卡充值','黑豆云系统和人力给的excel表进行充值',0,1,19,'10.128.112.254','2018-05-07 06:53:16'),(1057,1,'2018-05-07',2,'何雪琴',3,5,'sap不能打印','安装英文名字的打印机驱动',0,1,19,'10.128.112.254','2018-05-07 07:51:12'),(1058,1,'2018-05-03',23,'曹鹏辉',1,14,'装office2010','装office2010',0,8,18,'10.128.113.216','2018-05-07 11:24:49'),(1059,1,'2018-05-07',17,'范厚琼',6,17,'无法上网','小助手重新认证',0,8,19,'10.128.113.216','2018-05-07 11:27:47'),(1060,1,'2018-05-07',21,'张保英',1,18,'电脑卡','重新 安装操作系统',0,3,19,'10.128.115.18','2018-05-08 00:31:40'),(1061,1,'2018-05-07',6,'邢文志',6,13,'上外网需要认证','深信服加MAC',0,3,19,'10.128.115.18','2018-05-08 00:41:59'),(1062,1,'2018-05-07',1,'刘永银',9,20,'整理蛋鸡A线机柜','整理蛋鸡A线机柜',0,3,19,'10.128.115.18','2018-05-08 00:44:15'),(1063,1,'2018-05-08',7,'刘琴',9,20,'需要打印发票要求彩色','打印彩色PC打印',0,1,19,'10.128.112.254','2018-05-08 01:30:35'),(1064,1,'2018-05-08',19,'赵肖肖',9,20,'电脑上网认证无法选择部门','重启电脑，安装小A',0,7,19,'10.128.115.16','2018-05-08 05:07:16'),(1065,1,'2018-05-07',1,'刘永银',9,20,'大办公室整理工位线路','大办公室整理工位线路',0,3,19,'10.128.115.18','2018-05-08 05:45:18'),(1066,1,'2018-05-07',1,'郝永超',9,20,'整理蛋鸡B线机柜线路','整理蛋鸡B线机柜线路',0,8,19,'10.128.113.216','2018-05-08 06:07:26'),(1067,1,'2018-05-07',1,'郝永超',9,20,'整理人事部工位线路','整理人事部工位线路',0,8,19,'10.128.113.216','2018-05-08 06:10:35'),(1068,1,'2018-05-08',1,'马仁涛',9,20,'赛门铁克许可证书到期','联系赛门铁克代理商重新激活',0,1,19,'10.128.112.254','2018-05-08 07:00:20'),(1069,1,'2018-05-08',24,'杨云峰',1,19,'无法打印文件','没有联网，上网认证',0,7,19,'10.128.115.16','2018-05-08 08:29:41'),(1070,1,'2018-05-09',1,'马仁涛',4,9,'117.3机器自己关机windows2008r2','详见BBS服务器板块',0,1,19,'10.128.112.254','2018-05-09 00:44:13'),(1071,1,'2018-05-08',1,'刘永银',9,20,'弱电井抽水','弱电井抽水',0,3,19,'10.128.115.154','2018-05-09 00:43:45'),(1072,1,'2018-05-04',1,'马仁涛',9,20,'7号弱电井抽水','跟设备污水处理站同事联系，协助抽水',0,1,18,'10.128.112.254','2018-05-09 00:45:57'),(1073,1,'2018-05-09',24,'张志强',6,13,'无法上网','小A重新认证',0,1,19,'10.128.112.254','2018-05-09 08:30:41'),(1074,1,'2018-05-09',18,'李小静',1,18,'VPN无法登陆','卸载原有VPN，重新安装',0,7,19,'10.128.115.166','2018-05-09 09:27:36'),(1075,1,'2018-05-10',13,'曹英俊',1,14,'安装OFFICE2010','安装OFFICE2010',0,3,19,'10.128.113.131','2018-05-11 00:41:30'),(1076,1,'2018-05-11',18,'杨键',3,5,'无法打印','连接OFFICE,小A重新认证',0,3,19,'10.128.113.131','2018-05-11 00:43:00'),(1077,1,'2018-05-11',23,'邓君平',3,5,'打印机黑屏','关电源重启',0,3,19,'10.128.113.131','2018-05-11 00:44:41'),(1078,1,'2018-05-08',1,'郝永超',9,20,'宿舍后弱电井抽水','宿舍后弱电井抽水',0,8,19,'10.128.113.216','2018-05-11 04:14:59'),(1079,1,'2018-05-10',2,'刘祥鹤',3,6,'安装大办公室和销管打印机驱动','安装大办公室和销管打印机驱动',0,8,19,'10.128.113.216','2018-05-11 04:19:33'),(1080,1,'2018-05-08',13,'陈晶伟',6,17,'网络时有时无','重启小助手认证',0,8,19,'10.128.113.216','2018-05-11 04:23:32'),(1081,1,'2018-05-14',2,'赵佳丽',1,8,'新装电脑','新装电脑',0,3,20,'10.128.114.176','2018-05-14 09:32:44'),(1082,1,'2018-05-14',19,'刘琴',7,16,'调位置','调位置',0,3,20,'10.128.114.176','2018-05-14 09:34:20'),(1083,1,'2018-05-14',3,'朱琳',3,5,'SAP无法打印','选正确打印机',0,3,20,'10.128.114.176','2018-05-14 09:35:28'),(1084,1,'2018-05-14',1,'郝永超',7,15,'饲料厂仓顶西监控电源插头松动','插好电源',0,8,20,'10.128.113.216','2018-05-14 10:42:29'),(1085,1,'2018-05-14',2,'张珺轩',6,13,'上网认证注册','绑定Mac，下载小插件',0,8,20,'10.128.113.216','2018-05-14 10:43:46'),(1086,1,'2018-05-14',13,'曹英俊',3,5,'打印机卡纸','重新安色带',0,3,20,'10.128.115.65','2018-05-15 00:44:24'),(1087,1,'2018-05-15',21,'石新旺',3,5,'不能打印','安装新打印机驱动',0,1,20,'10.128.112.254','2018-05-15 01:58:31'),(1088,2,'2018-05-15',5,'李广',6,17,'无线无法上网','电脑卸载猎豹免费wifi,重装无线网卡驱动',0,6,20,'10.127.24.154','2018-05-15 03:26:12'),(1089,1,'2018-05-16',3,'赵星楠',1,14,'新同事，新电脑','入网认证、安装打印机、安装SAP、SS',0,1,20,'10.128.112.254','2018-05-16 02:17:42'),(1090,1,'2018-05-16',5,'孙姜彬',1,18,'电脑安装系统','电脑安装系统',0,3,20,'10.128.115.189','2018-05-16 04:03:07'),(1091,1,'2018-05-16',13,'曹英俊',3,5,'前边进纸无法打印65单','用截图软件或QQ截图打 印',0,3,20,'10.128.115.189','2018-05-16 04:05:29'),(1092,2,'2018-05-16',13,'宋加欢',3,5,'安装打印机驱动','安装程序安装',0,6,20,'10.127.24.141','2018-05-16 04:23:06'),(1093,1,'2018-05-17',12,'马长城',7,12,'查看深加工入备蛋间图像','回放录像',0,3,20,'10.128.113.221','2018-05-18 00:44:55'),(1094,1,'2018-05-17',18,'李红宇',1,14,'VPN断线','重装',0,3,20,'10.128.113.221','2018-05-18 00:50:09'),(1095,1,'2018-05-18',23,'李晓晓',6,13,'不能上网','深信服添加MAC',0,1,20,'10.128.112.254','2018-05-18 01:05:27'),(1096,1,'2018-05-17',23,'曹鹏辉',6,17,'杀毒软件被卸载，有漏洞','安装杀毒软件，修复漏洞',0,8,20,'10.128.113.216','2018-05-18 01:08:14'),(1097,1,'2018-05-17',8,'费晶晶',6,13,'新买的无线网卡','绑定Mac',0,8,20,'10.128.113.216','2018-05-18 01:09:32'),(1098,1,'2018-05-18',2,'里小东',2,7,'电话会议','电话会议',0,8,20,'10.128.113.216','2018-05-18 01:10:26'),(1099,1,'2018-05-18',1,'zabbi',4,9,'WSUS server C盘空间不足20%','使用Dism++工具清理回收站7G 空间',0,1,20,'10.128.112.254','2018-05-18 04:20:36'),(1100,1,'2018-05-18',1,'zabbi',4,9,'FARM1 server C盘空间不足20%','使用Dism++工具清理回收站5G 空间',0,1,20,'10.128.112.254','2018-05-18 04:21:01'),(1101,1,'2018-05-18',24,'姜伟',1,14,'需要使用sap','电脑安装sap，安装小A、加入深信服，安装赛门铁克',0,1,20,'10.128.112.254','2018-05-18 06:52:56'),(1102,2,'2018-05-18',13,'郭李悬',1,18,'重装系统','重装系统',0,6,20,'10.127.24.57','2018-05-18 06:56:34'),(1103,1,'2018-05-19',1,'刘永银',8,2,'青年鸡安宽带','重新穿光纤',0,3,20,'10.128.114.229','2018-05-21 02:01:20'),(1104,1,'2018-05-20',11,'王荣喜',6,13,'MOBA电脑上外网','认证注册',0,3,20,'10.128.114.229','2018-05-21 02:02:17'),(1105,1,'2018-05-21',14,'杨雪梅',3,5,'打印机卡纸','更换新夕鼓',0,3,21,'10.128.114.229','2018-05-21 02:04:20'),(1106,1,'2018-05-21',22,'白冰',1,14,'新同事，需要入网和sap','深信服加入mac，安装杀软、sap、小A',0,1,21,'10.128.112.254','2018-05-21 03:07:32'),(1107,1,'2018-05-21',21,'石欣旺',1,18,'电脑卡','重装系统',0,3,21,'10.128.114.229','2018-05-21 03:47:58'),(1108,1,'2018-05-21',7,'苗雅迪',9,20,'打印彩色文件','打印彩色文件',0,1,21,'10.128.112.254','2018-05-21 03:56:41'),(1109,1,'2018-05-21',2,'何雪芹',1,14,'电脑合上再打开黑屏','抠电池，重启',0,3,21,'10.128.114.229','2018-05-21 04:15:49'),(1110,1,'2018-05-22',22,'秦鹏飞',7,12,'车子被划','查看南二监控5月21日监控回放',0,1,21,'10.128.112.254','2018-05-22 00:46:15'),(1111,1,'2018-05-22',21,'石新旺',6,13,'罗干电脑无法上网','小A认证不过去，添加可信',0,1,21,'10.128.112.254','2018-05-22 08:16:32'),(1112,1,'2018-05-23',19,'赵肖肖',9,20,'手机连不上宿舍网络','重启手机（由于宿舍网络升级）',0,7,21,'10.128.115.241','2018-05-23 08:25:19'),(1113,1,'2018-05-24',7,'苗雅迪',9,20,'需要打印彩色文件','打印彩色文档',0,1,21,'10.128.112.254','2018-05-24 02:54:30'),(1114,1,'2018-05-24',2,'博会双',1,14,'安装office2013和winrar','安装office2013和winrar',0,1,21,'10.128.112.254','2018-05-24 05:57:24'),(1115,1,'2018-05-25',24,'姜伟',6,17,'路由器配置错误和无法登录sap','重新设置路由器，sap帐号修改成正确的帐号',0,1,21,'10.128.112.254','2018-05-25 00:51:34'),(1116,1,'2018-05-25',1,'刘永银',1,14,'大屏电脑进不了系统','进设置成当前时间重启',0,3,21,'10.128.114.90','2018-05-25 03:55:05'),(1117,1,'2018-05-25',12,'梁总',6,17,'网线没插好','重新插网线',0,3,21,'10.128.114.90','2018-05-25 03:55:58'),(1118,1,'2018-05-25',14,'阎亭亭',1,14,'安装OFFICE2010','安装OFFICE2010',0,3,21,'10.128.114.90','2018-05-25 03:58:03'),(1119,1,'2018-05-25',7,'王瑜善',2,7,'需要安装电话','与其他同事公用一个分机号码',0,1,21,'10.128.112.254','2018-05-25 08:59:47'),(1120,1,'2018-05-28',17,'何凤鹏',6,17,'电脑无法上网','分级办公室交换机插好电源',0,3,22,'10.128.114.90','2018-05-28 03:30:04'),(1121,1,'2018-05-28',19,'苗雅迪',1,14,'调出SS','远程桌面发送到桌面',0,3,22,'10.128.114.90','2018-05-28 03:31:34'),(1122,1,'2018-05-25',2,'张珺轩',1,14,'安装office','安装office并激活',0,8,21,'10.128.115.66','2018-05-29 03:09:19'),(1123,1,'2018-05-28',2,'张珺轩',6,17,'苹果系统无法上网','设置静态ip为可信',0,8,22,'10.128.115.66','2018-05-29 03:11:27'),(1124,1,'2018-05-28',23,'苏满立',6,13,'不经常用office网，Mac被清理','重新绑定Mac',0,8,22,'10.128.115.66','2018-05-29 03:13:02'),(1125,1,'2018-05-30',2,'刘祥鹤',1,8,'需要另一台主机的资料','更换主机',0,8,22,'10.128.115.66','2018-05-30 01:33:23'),(1126,1,'2018-05-30',14,'闫亭亭',1,14,'电脑右下角弹出新闻','用360安全卫士清理',0,3,22,'10.128.115.190','2018-05-30 08:53:25'),(1127,1,'2018-05-30',1,'刘永银',9,20,'测试应急预案','测试应急预案',0,3,22,'10.128.115.190','2018-05-30 08:55:35'),(1128,1,'2018-05-30',8,'孙青',6,17,'BFN电脑上外网时断时续','深信服路由模式改为透明模式',0,3,22,'10.128.115.190','2018-05-30 08:56:54'),(1129,1,'2018-06-01',7,'曹静茹',6,17,'自己清理电脑，把杀软清理了，赛门铁克','重新安装赛门铁克，重新认证',0,1,22,'10.128.112.254','2018-06-01 01:13:47'),(1130,1,'2018-06-01',1,'zabbi',4,9,'102.220空间不足','Symantec日志文件过大，联系Sytantec更换版本',0,1,22,'10.128.112.254','2018-06-01 03:11:30'),(1131,1,'2018-06-02',6,'马志亮',1,14,'teamviewer连接5分钟就断开','更网卡网络地址，卸掉team 重新安装',0,3,22,'10.128.115.162','2018-06-04 00:45:14'),(1132,1,'2018-06-04',12,'梁丽艳',1,14,'360浏览器不能使用，sap修改组登录','重新安装360，设置sap',0,1,23,'10.128.112.254','2018-06-04 08:46:00'),(1133,1,'2018-06-04',18,'彭艳楠',3,5,'不能打印','重启打印机',0,1,23,'10.128.112.254','2018-06-04 08:46:29'),(1134,1,'2018-06-04',7,'苗亚迪',9,20,'打印彩色文件','打印彩色文件16页',0,1,23,'10.128.112.254','2018-06-04 08:47:17'),(1135,1,'2018-06-04',8,'肖婧',1,14,'连接VPER的teamviewer没五分钟断一次','使用旧版的teamviewer，只断一次，后面就不会断了。',0,1,23,'10.128.112.254','2018-06-04 08:59:38'),(1136,1,'2018-06-05',22,'李淑贤',3,5,'打印机不打印','抽出纸盒重新装入',0,3,23,'10.128.113.55','2018-06-05 03:44:56'),(1137,1,'2018-06-05',1,'刘永银',9,20,'清洗空调','拆开空调除尘',0,3,23,'10.128.113.55','2018-06-05 03:46:08'),(1138,1,'2018-06-05',2,'杨林峰',1,14,'sap变更组登录','sap变更组登录',0,1,23,'10.128.112.254','2018-06-05 07:29:47'),(1139,1,'2018-06-05',2,'何雪琴',1,14,'sap变更组登录','sap变更组登录',0,1,23,'10.128.112.254','2018-06-05 07:30:02'),(1140,1,'2018-06-05',24,'姜伟',1,14,'sap变更组登录','sap变更组登录',0,1,23,'10.128.112.254','2018-06-05 07:30:29'),(1141,1,'2018-06-05',18,'彭艳楠',3,5,'不能打印','重启打印机',0,1,23,'10.128.112.254','2018-06-05 07:31:07'),(1142,1,'2018-06-05',23,'邓君平',3,5,'不能接受传真','测试可以接受传真',0,1,23,'10.128.112.254','2018-06-05 07:31:52'),(1143,1,'2018-06-05',22,'李淑贤',3,5,'不能打印','重新启动打印机',0,1,23,'10.128.112.254','2018-06-05 07:32:35'),(1144,1,'2018-06-05',7,'苗雅迪',9,20,'打印彩页','打印彩页',0,1,23,'10.128.112.254','2018-06-05 07:33:35'),(1145,1,'2018-06-05',23,'曹鹏辉',9,20,'打印彩页','打印彩页',0,1,23,'10.128.112.254','2018-06-05 07:33:50'),(1146,1,'2018-06-05',22,'朱琳',6,17,'上淘宝，天猫网站打不开图片','未找到办法，自行解决',0,1,23,'10.128.112.254','2018-06-05 07:35:05'),(1147,1,'2018-06-05',23,'何平',1,14,'不能截图','重启电脑',0,1,23,'10.128.112.254','2018-06-05 07:36:16'),(1148,1,'2018-06-05',1,'郝永超',9,20,'清洗空调','除尘清洁',0,8,23,'10.128.115.66','2018-06-06 04:24:32'),(1149,1,'2018-06-07',2,'郭碧佳',1,14,'登陆不了SS和SAP','安装小助手',0,7,23,'10.128.114.53','2018-06-07 01:18:35'),(1150,1,'2018-06-07',2,'田雅丽',2,4,'电话水晶头松动','接沿长线重做水晶头',0,3,23,'10.128.114.76','2018-06-07 06:37:31'),(1151,1,'2018-06-07',23,'陈雪佳',1,14,'设定SAP','设定SAP',0,3,23,'10.128.114.76','2018-06-07 06:39:50'),(1152,1,'2018-06-07',23,'陈云平',1,14,'下载文件报错','优化电脑',0,3,23,'10.128.114.76','2018-06-07 06:41:13'),(1153,1,'2018-06-07',17,'范厚琼',3,5,'打印机不打印','重新安装驱动',0,3,23,'10.128.114.76','2018-06-07 06:42:28'),(1154,1,'2018-06-07',11,'陈光',7,12,'无法调取监控文件','更换录像机硬盘',0,3,23,'10.128.114.76','2018-06-07 06:43:42'),(1155,1,'2018-06-07',13,'张志辉',6,17,'无法上网，连不上打印机','重启小助手或者认证与安检',0,8,23,'10.128.115.66','2018-06-07 08:11:19'),(1156,1,'2018-06-08',5,'杨波',6,17,'交换机网线没插。无小助手','插好网线。下载小助手',0,8,23,'10.128.115.66','2018-06-08 01:56:48'),(1157,1,'2018-06-08',11,'宋宇航',6,17,'光猫没有开','打开光猫开关',0,8,23,'10.128.115.66','2018-06-08 05:20:38'),(1158,1,'2018-06-11',18,'马红峪',1,14,'电脑无法连接内网','小A认证，重启电脑',0,7,24,'10.128.115.200','2018-06-11 08:08:50'),(1159,1,'2018-06-11',22,'秦鹏飞',1,14,'淘宝无法打开图片','修改host文件',0,1,24,'10.128.112.254','2018-06-11 08:45:16'),(1160,1,'2018-06-12',1,'刘永银',6,17,'cpegg网光纤线路损坏','从就近光端机穿网线',0,3,24,'10.128.113.157','2018-06-12 01:05:04'),(1161,1,'2018-06-12',11,'郭金蕊',3,5,'无法打印','更换墨粉',0,3,24,'10.128.113.157','2018-06-12 01:06:55'),(1162,1,'2018-06-12',2,'李晓东',3,5,'安装大办公室打印机驱动','安装大办公室打印机驱动',0,3,24,'10.128.113.157','2018-06-12 01:41:26'),(1163,1,'2018-06-12',2,'薄会双',1,14,'无法上网','小A认证，重启小助手',0,7,24,'10.128.113.103','2018-06-12 03:51:37'),(1164,1,'2018-06-11',1,'胡海杰',7,12,'停车场5个摄像头无法调取录像','经查询是因为摄像头设置的子码流，调整主码流即可。',0,1,24,'10.128.112.254','2018-06-12 04:13:34'),(1165,1,'2018-06-12',3,'杜雪松',6,13,'笔记本无法上网','小A重新认证即可。',0,1,24,'10.128.112.254','2018-06-12 04:15:10'),(1166,1,'2018-06-13',22,'冯渊',1,14,'上海VPN忘记密码','联系上海IT张玉亭重置密码',0,1,24,'10.128.112.254','2018-06-13 07:20:28'),(1167,1,'2018-06-14',26,'马红峪',1,14,'无法上网','小助手重新认证',0,7,24,'10.128.114.135','2018-06-14 01:31:13'),(1168,1,'2018-06-14',25,'赵伟',9,20,'电脑重安装系统，从哪下载小助手','http://10.128.117.4/',0,7,24,'10.128.114.135','2018-06-14 02:25:29'),(1169,1,'2018-06-14',3,'杜雪松',2,7,'加装电话分机','加装电话分机',0,3,24,'10.128.114.147','2018-06-14 03:16:16'),(1170,1,'2018-06-14',25,'赵伟',1,18,'电脑卡','重新安装系统',0,3,24,'10.128.114.147','2018-06-14 03:17:43'),(1171,1,'2018-06-14',6,'刘家国',6,17,'无线信号弱','无线改成有线',0,3,24,'10.128.114.147','2018-06-14 03:29:25'),(1172,1,'2018-06-15',26,'李建秋',9,20,'PDF文件无法打印','打印机机选择429 PCL',0,7,24,'10.128.115.12','2018-06-15 01:00:03'),(1173,1,'2018-06-18',18,'陈龙辉',1,14,'安装办公软件激活系统','安装办公软件激活系统',0,3,25,'10.128.113.84','2018-06-19 00:39:09'),(1174,1,'2018-06-19',2,'高慧',1,14,'无法上网','小助手认证',0,7,25,'10.128.113.93','2018-06-19 01:30:46'),(1175,1,'2018-06-19',18,'马红峪',6,17,'MAC地址未添加到上网策略','添加MAC地址即可',0,1,25,'10.128.112.254','2018-06-19 03:29:21'),(1176,1,'2018-06-19',4,'杜雪松',1,14,'微信怎样能不自动接收文件','我，设置，通用，自动接收关闭',0,3,25,'10.128.113.84','2018-06-19 06:55:55'),(1177,1,'2018-06-19',23,'陈云平',1,14,'无法开机','取出光盘，重新启动',0,3,25,'10.128.113.84','2018-06-19 06:56:49'),(1178,1,'2018-06-19',17,'范厚琼',6,13,'新电脑上网注册','新电脑上网注册',0,3,25,'10.128.113.84','2018-06-19 11:59:07'),(1179,1,'2018-06-19',25,'赵伟',6,17,'teamviewer 无法连接','重新拔水晶头，打开浏览器',0,3,25,'10.128.113.84','2018-06-19 12:01:09'),(1180,1,'2018-06-19',23,'陈云平',6,17,'大屏电脑不能上网','对应网口改成VLAN10',0,3,25,'10.128.113.84','2018-06-19 12:02:35'),(1181,1,'2018-06-20',2,'王悦充',1,18,'安装SAP','安装小助手，安装ＳＡＰ',0,7,25,'10.128.113.252','2018-06-20 02:27:08'),(1182,1,'2018-06-20',2,'王月聪',3,5,'不能打印','安装打印机驱动，并设置sap打印',0,1,25,'10.128.112.254','2018-06-20 03:20:51'),(1183,1,'2018-06-20',8,'孙青',1,14,'安装VNC','安装VNC',0,3,25,'10.128.113.242','2018-06-20 08:23:39'),(1184,1,'2018-06-20',23,'邓君平',3,5,'打印机卡纸','取出卡纸',0,3,25,'10.128.113.242','2018-06-20 08:25:02'),(1185,1,'2018-06-20',8,'王攀',6,17,'宿舍网不稳定','加装5G路由器',0,3,25,'10.128.113.242','2018-06-20 08:26:19'),(1186,1,'2018-06-20',1,'刘永银',6,17,'cpegg  AP无法上网','更换新光纤',0,3,25,'10.128.113.242','2018-06-20 08:29:36'),(1187,1,'2018-06-21',11,'陈光',8,3,'监控挪位置','重新穿线挪位置',0,3,25,'10.128.114.159','2018-06-21 07:39:43'),(1188,1,'2018-06-21',13,'曹英俊',1,14,'无法截图','安装截图软件',0,3,25,'10.128.114.159','2018-06-21 07:40:49'),(1189,1,'2018-06-21',13,'曹英俊',3,5,'不会扫描','按教程进行培训',0,3,25,'10.128.114.159','2018-06-21 07:41:59'),(1190,1,'2018-06-21',13,'程俊',6,17,'电脑无法上网','小A扫描重新登记部门使用人',0,3,25,'10.128.114.159','2018-06-21 07:43:09'),(1191,1,'2018-06-20',14,'杨雪梅',3,5,'销管打印机不能打印','关闭电源重新启动',0,1,25,'10.128.112.254','2018-06-21 07:55:05'),(1192,1,'2018-06-22',23,'何平',1,14,'CPC程序无法最大化','重启电脑将CPC程序最大化',0,3,25,'10.128.115.180','2018-06-23 07:10:57'),(1193,1,'2018-06-22',6,'李深',6,17,'无法打开网页','小A扫描重新登记部门使用人',0,3,25,'10.128.115.180','2018-06-23 07:12:11'),(1194,1,'2018-06-22',6,'李深',9,20,'手机无法登入PM','重新进浏览器重新注册手机',0,3,25,'10.128.115.180','2018-06-23 07:13:36'),(1195,1,'2018-06-25',2,'博会双',1,14,'谷歌浏览器填写OA的时候不能上传附件','chrome重新安装即可',0,1,26,'10.128.112.254','2018-06-25 02:21:13'),(1196,1,'2018-06-25',23,'杨海东',1,14,'无法打印文件','安装大办公室打印机驱动',0,7,26,'10.128.113.149','2018-06-25 02:31:34'),(1197,1,'2018-06-25',11,'郭金蕊',3,5,'打印条码错乱','重新装打印纸，重启电脑',0,3,26,'10.128.113.182','2018-06-25 05:15:49'),(1198,1,'2018-06-25',19,'苗雅迪',1,8,'电脑不显示','拆独立显卡改成集成显卡',0,3,26,'10.128.113.182','2018-06-25 05:18:26'),(1199,1,'2018-06-25',2,'杨林峰',1,14,'新购电脑需要安装软件','新电脑上网注册安装软件',0,3,26,'10.128.113.182','2018-06-25 05:30:17'),(1200,1,'2018-06-25',17,'范厚琼',1,14,'安装OFFICE2010','安装OFFICE2010',0,3,26,'10.128.113.182','2018-06-25 09:25:59'),(1201,1,'2018-06-25',14,'贾立鹏',1,14,'安装VPN','安装VPN',0,3,26,'10.128.113.182','2018-06-25 09:27:01'),(1202,1,'2018-06-26',19,'苗雅迪',3,5,'打印图片慢','将图片插入word再打印',0,3,26,'10.128.114.85','2018-06-26 00:34:45'),(1203,1,'2018-06-26',19,'苗雅迪',3,5,'打印机卡纸','打开侧面取出卡纸',0,3,26,'10.128.114.85','2018-06-26 00:36:31'),(1204,1,'2018-06-26',23,'季郁芊',3,5,'不能打印','默认打印机设置错误,添加部门认证',0,1,26,'10.128.112.254','2018-06-26 00:57:39'),(1205,1,'2018-06-26',18,'张宁',1,14,'无法登入WM','安装插件，选360极模式',0,3,26,'10.128.114.85','2018-06-26 07:36:33'),(1206,1,'2018-06-27',6,'李中元',1,14,'安装OFFICE2010','安装OFFICE2010',0,3,26,'10.128.114.205','2018-06-27 04:22:12'),(1207,1,'2018-06-27',14,'闫亭亭',1,14,'无法登SS','用小A扫描完重新登入',0,3,26,'10.128.114.205','2018-06-27 04:29:28'),(1208,1,'2018-06-27',21,'崔进争',1,14,'无法打印文件','安装大办公室打印机驱动',0,7,26,'10.128.114.182','2018-06-27 08:55:48'),(1209,1,'2018-06-27',2,'杨林峰',1,14,'无法登陆WM系统','安装插件，用360浏览器访问',0,7,26,'10.128.114.182','2018-06-27 08:57:19'),(1210,1,'2018-06-28',22,'秦鹏飞',6,17,'天猫图片无法打开','img.alicdn.com图片CDN更换了服务器，111.13.140.148',0,1,26,'10.128.112.254','2018-06-28 02:39:46'),(1211,1,'2018-07-01',3,'杜雪松',6,17,'登陆不上VPN','密码不正确，重置密码',0,2,26,'10.128.113.147','2018-07-01 07:03:57'),(1212,1,'2018-07-01',6,'李中元',6,17,'电脑无法上网','重新插拔无线网卡',0,3,26,'10.128.113.240','2018-07-02 01:14:49'),(1213,1,'2018-07-01',12,'梁丽艳',3,5,'打印机卡纸','换硒鼓',0,3,26,'10.128.113.240','2018-07-02 01:16:24'),(1214,1,'2018-07-01',3,'李政',1,14,'安装VPN报错','重新配置VPN',0,3,26,'10.128.113.240','2018-07-02 01:18:49'),(1215,1,'2018-07-02',14,'杨雪梅',2,4,'电话无声','将接头去掉，直接接线',0,3,27,'10.128.113.240','2018-07-02 09:26:33'),(1216,1,'2018-07-02',23,'陈雪佳',1,8,'换新电脑调试','换新电脑调试',0,3,27,'10.128.113.240','2018-07-02 09:27:29'),(1217,1,'2018-07-02',22,'冯渊',1,14,'无法打印','打印时选择打印机不要选fax',0,3,27,'10.128.113.240','2018-07-02 09:29:55'),(1218,1,'2018-07-02',19,'苗雅迪',1,14,'打印图片慢','图片插入word 再打印',0,3,27,'10.128.113.240','2018-07-02 09:31:25'),(1219,1,'2018-07-02',21,'崔进争',3,5,'打印机脱机','电脑连接ZDOFFICE网',0,3,27,'10.128.113.240','2018-07-02 09:32:30'),(1220,1,'2018-07-03',1,'刘永银',1,14,'无法连接OPC 10.1.1.6','强制关机重启',0,3,27,'10.128.114.100','2018-07-03 00:23:18'),(1221,1,'2018-07-03',22,'秦鹏飞',3,5,'不能打印','关闭暂停打印即可。',0,1,27,'10.128.112.254','2018-07-03 01:14:56'),(1222,1,'2018-07-03',8,'肖婧',2,7,'开长途1961','加长途权限',0,3,27,'10.128.114.100','2018-07-03 02:35:26'),(1223,1,'2018-07-03',19,'肖肖',1,14,'电脑C盘满了','从D盘割空间给C盘',0,3,27,'10.128.114.100','2018-07-03 04:16:42'),(1224,1,'2018-07-03',19,'杨平',1,14,'激活OFFICE2010','激活OFFICE2010',0,3,27,'10.128.114.100','2018-07-03 04:17:24'),(1225,1,'2018-07-03',23,'陈雪佳',1,14,'安装常用软件','安装常用软件',0,3,27,'10.128.115.13','2018-07-04 01:09:11'),(1226,1,'2018-07-05',22,'朱琳',6,17,'无法打开淘宝天猫图片','更换新IP，修改HOST文件',0,1,27,'10.128.112.254','2018-07-05 03:15:31'),(1227,1,'2018-07-06',2,'廉络',1,18,'电脑卡慢','重装系统，重装软件',0,3,27,'10.128.113.87','2018-07-06 01:28:01'),(1228,1,'2018-07-06',1,'刘永银',9,20,'清洗空调','清洗空调',0,3,27,'10.128.113.87','2018-07-06 01:28:43'),(1229,1,'2018-07-06',23,'陈雪佳',3,5,'两台电脑需要共享打印机','做打印机共享',0,3,27,'10.128.113.87','2018-07-06 01:30:45'),(1230,1,'2018-07-06',2,'刘洋',1,19,'电脑卡','卸掉无用软件，优化加速',0,3,27,'10.128.113.87','2018-07-06 02:57:14'),(1231,1,'2018-07-06',23,'何平',6,17,'网卡慢','重启路由器',0,3,27,'10.128.113.87','2018-07-06 03:03:49'),(1232,1,'2018-07-06',18,'李建秋',1,14,'CPC上不去','小A重新安检',0,1,27,'10.128.112.254','2018-07-06 08:27:51'),(1233,1,'2018-07-06',8,'孙青',1,14,'连内网怎样用teamviewer连BFN','teamviewer  LAN选项点accept',0,3,27,'192.128.100.135','2018-07-06 10:33:59'),(1234,1,'2018-07-09',23,'陈雪佳',1,14,'忘记开机密码','系统重设密码',0,9,28,'10.128.113.11','2018-07-09 03:06:39'),(1235,1,'2018-07-09',23,'陈雪佳',1,14,'办公软件不能用','重新安装office',0,9,28,'10.128.113.11','2018-07-09 03:10:09'),(1236,1,'2018-07-09',18,'刘阳',1,14,'办公软件不能用','重新安装office',0,9,28,'10.128.113.11','2018-07-09 03:11:20'),(1237,1,'2018-07-09',16,'王雪洁',1,8,'电脑开机无显示','重新插拔内存',0,3,28,'10.128.114.56','2018-07-09 11:28:25'),(1238,1,'2018-07-09',13,'陈晶伟',3,5,'无法打印提示打印模式错误','将原稿页面设置为A4',0,3,28,'10.128.114.56','2018-07-09 11:29:38'),(1239,1,'2018-07-10',2,'王明聪',3,5,'安装销管公室打印机驱动','安装销管公室打印机驱动',0,3,28,'10.128.114.191','2018-07-10 07:04:57'),(1240,1,'2018-07-11',2,'刘洋',1,14,'excle文件打不开','安装WPS转换文件格式',0,3,28,'10.128.115.79','2018-07-11 04:08:47'),(1241,1,'2018-07-11',2,'田雅丽',6,17,'cpegg  无法上网','拔电源重启光端机',0,3,28,'10.128.115.79','2018-07-11 04:10:13'),(1242,1,'2018-07-11',22,'秦鹏飞&朱',6,17,'淘宝天猫图片无法打开','更换img.alicdn.com  IP地址',0,1,28,'10.128.112.254','2018-07-11 05:05:14'),(1243,1,'2018-07-12',3,'杜雪松',6,17,'在qq浏览器qq邮箱无法打开','删除qq浏览器',0,1,28,'10.128.112.254','2018-07-12 03:25:25'),(1244,2,'2018-07-16',21,'卢晶晶',10,22,'订餐系统增加4个，财务1个，食品事业部3个','直接数据插入',0,1,29,'10.128.112.254','2018-07-23 01:42:57'),(1245,1,'2018-07-16',23,'朱顺',1,8,'电脑开机黑屏','重新插拔内存条',0,9,29,'10.128.113.11','2018-07-27 04:27:13'),(1246,1,'2018-07-16',24,'苏满立',1,14,'连接不上打印机','重新安装驱动',0,9,29,'10.128.113.11','2018-07-27 04:24:39'),(1247,1,'2018-07-16',2,'魏小颖',1,14,'无法登入SS系统','小A扫描认证安检',0,3,29,'10.128.114.154','2018-07-16 09:09:53'),(1248,1,'2018-07-16',23,'李松',1,14,'excle文件无法编辑','安装WPS软件',0,3,29,'10.128.114.154','2018-07-16 09:14:44'),(1249,1,'2018-07-17',21,'崔进正',1,14,'上不去网','修复赛门铁克',0,9,29,'10.128.113.11','2018-07-17 01:12:42'),(1250,1,'2018-07-17',23,'陈雪',1,14,'上网不稳定','清垃圾',0,3,29,'10.128.115.25','2018-07-17 04:03:24'),(1251,2,'2018-07-18',24,'应缘',10,22,'马启兵，行政部加一下','数据直接操作',0,1,29,'10.128.112.254','2018-07-23 01:42:57'),(1252,1,'2018-07-18',25,'梁丽艳',3,5,'不能打印','重装墨盒',0,9,29,'10.128.113.11','2018-07-18 01:46:27'),(1253,1,'2018-07-18',24,'东南保安亭',1,14,'摄像头看不了','清理电脑，重装驱动',0,9,29,'10.128.113.11','2018-07-18 01:48:15'),(1254,1,'2018-07-18',18,'李红宇',2,4,'电话能打不能接','重新换线',0,9,29,'10.128.113.11','2018-07-27 04:24:08'),(1255,2,'2018-07-18',6,'杜烨',10,22,'养殖事业部～保障科 报餐去掉杜文杰、李苗苗、谈光川、张传平、张军峰。添加 董玲、石敏、丁天乐','直接修改数据库',0,1,29,'10.128.112.254','2018-07-23 01:42:57'),(1256,2,'2018-07-18',8,'杜烨',10,22,'养殖事业部～保障科去掉张军锋、谭光川','直接修改数据库',0,1,29,'10.128.112.254','2018-07-23 01:42:57'),(1257,2,'2018-07-18',11,'顾丽敏',10,22,'食品事业部-去掉吉庆荣','直接修改数据库',0,1,29,'10.128.112.254','2018-07-23 01:42:57'),(1258,2,'2018-07-18',6,'谢作典',10,22,'蛋鸡三场去掉肖健武','修改数据库',0,1,29,'10.128.112.254','2018-07-23 01:42:57'),(1259,2,'2018-07-18',6,'李超',10,22,'蛋鸡一场去掉王宇，加上谢飞','修改数据库',0,1,29,'10.128.112.254','2018-07-23 01:42:57'),(1260,1,'2018-07-18',2,'刘翔鹤',6,13,'新买笔记本认证上网','深信服注册',0,2,29,'10.128.115.198','2018-07-18 05:46:43'),(1261,1,'2018-07-18',2,'廉络',6,13,'新买笔记本认证上网','盈高准入和深信服注册',0,2,29,'10.128.115.198','2018-07-18 07:01:05'),(1262,1,'2018-07-19',23,'任建',1,14,'电脑蓝屏不进系统','进安全模式卸无用软件',0,3,29,'10.128.113.56','2018-07-19 01:03:31'),(1263,1,'2018-07-19',18,'李虹宇',2,7,'能打不能接','换新网线',0,3,29,'10.128.113.56','2018-07-19 01:04:23'),(1264,1,'2018-07-19',6,'李中元',7,15,'光纤折弯','光纤拉直',0,3,29,'10.128.113.56','2018-07-19 01:05:05'),(1265,1,'2018-07-19',6,'李中元',7,15,'光纤折弯','拉直光纤',0,9,29,'10.128.113.51','2018-07-27 04:23:39'),(1266,1,'2018-07-19',18,'杜爱宇',1,14,'微信打不开','重启电脑',0,3,29,'10.128.113.56','2018-07-19 05:09:34'),(1267,1,'2018-07-19',2,'廉络',1,14,'安装大办公室打印机驱动','安装大办公室打印机驱动',0,3,29,'10.128.113.56','2018-07-19 05:10:17'),(1268,1,'2018-07-19',2,'刘翔鹤',1,14,'安装办公室驱动','安装办公室驱动',0,3,29,'10.128.113.56','2018-07-19 05:13:46'),(1269,1,'2018-07-20',2,'王玉明',3,5,'安装大办公室打印机','安装驱动',0,1,29,'10.128.112.254','2018-07-20 03:30:56'),(1270,1,'2018-07-20',6,'污水处理',2,4,'电话线接头断裂','找到断点 接上',0,9,29,'10.128.113.51','2018-07-20 04:02:14'),(1271,1,'2018-07-20',24,'姜伟',8,2,'天花板掉了一块','重新安装',0,9,29,'10.128.113.51','2018-07-27 04:24:53'),(1272,2,'2018-07-20',8,'沈先学',10,22,'青年鸡场订餐这边加一人：殷卫','数据添加',0,1,29,'10.128.112.254','2018-07-23 01:42:57'),(1273,1,'2018-07-20',4,'杨保田',7,16,'监控固定钉子折断','重新用新钉固定然后用铁丝加固',0,3,29,'192.128.100.156','2018-07-20 10:39:01'),(1274,1,'2018-07-20',4,'蔡德华',1,14,'测温软件无法运行','卸载软件重新安装',0,3,29,'192.128.100.156','2018-07-20 10:40:32'),(1275,1,'2018-07-20',23,'何平',6,17,'光猫用户名丢失，无法上网','进光猫重新设置',0,3,29,'192.128.100.156','2018-07-20 10:43:35'),(1276,1,'2018-07-20',16,'刘志广',2,4,'电话接头处线断开','重新接好线头',0,3,29,'192.128.100.156','2018-07-20 10:49:21'),(1277,1,'2018-07-21',23,'陈雪佳',9,20,'大屏幕左上角有蓝色方框','屏幕通道切换新建DVI窗口',0,3,29,'10.128.113.240','2018-07-21 07:48:26'),(1278,1,'2018-07-21',13,'朱军',3,5,'打印机打第一页不清楚，走纸偏','拆开清洁打印头',0,3,29,'10.128.113.240','2018-07-21 07:50:51'),(1279,1,'2018-07-23',24,'姜伟',1,14,'安装office2007','远程安装office2007',0,1,30,'10.128.112.254','2018-07-23 08:16:53'),(1280,1,'2018-07-23',6,'李中元',7,15,'3号鸡舍监控水晶头老化','重新更换水晶头',0,9,30,'10.128.113.51','2018-07-27 04:23:31'),(1281,1,'2018-07-24',6,'李中元',6,17,'上网时断时续','更换交换机',0,9,30,'10.128.113.51','2018-07-27 04:23:30'),(1282,1,'2018-07-24',6,'李中元',7,15,'5号鸡舍光纤插头脱落','重新更换光纤跳线',0,9,30,'10.128.113.51','2018-07-27 04:23:29'),(1283,1,'2018-07-24',6,'李中元',7,15,'4号鸡舍摄像头电源线虚接','重新接电源线',0,9,30,'10.128.113.51','2018-07-27 04:23:27'),(1284,1,'2018-07-24',14,'闫亭亭',1,14,'excle文件打开后无响应','结速进程重启',0,3,30,'10.128.115.175','2018-07-24 00:49:49'),(1285,1,'2018-07-24',25,'黄贺群',1,19,'电脑卡慢','清垃圾，卸软件',0,3,30,'10.128.115.175','2018-07-24 00:51:16'),(1286,1,'2018-07-24',23,'陈雪佳',1,14,'电脑无法上网','无线网卡重新插拔',0,3,30,'10.128.115.175','2018-07-24 00:52:01'),(1287,1,'2018-07-24',6,'李淑贤',1,14,'电脑无法开机','拔掉U盘重启',0,3,30,'10.128.115.175','2018-07-24 00:56:25'),(1288,1,'2018-07-24',23,'何平',3,5,'无法扫描彩色文档','关机重启',0,3,30,'10.128.115.175','2018-07-24 00:57:33'),(1289,2,'2018-07-24',24,'应缘',10,22,'财务部 叶丽帅离职 it部 韩峥辉离职','状态修改成1',0,1,30,'10.128.112.254','2018-07-24 03:03:12'),(1290,2,'2018-07-24',24,'应缘',10,22,'实习生徐佳为改到销管部','部门变成13',0,1,30,'10.128.112.254','2018-07-24 03:03:58'),(1291,2,'2018-07-24',24,'应缘',10,22,'去掉销售和食品事业线的临时员工','修改状态为1',0,1,30,'10.128.112.254','2018-07-24 03:09:28'),(1292,2,'2018-07-24',24,'应缘',10,22,'采购部删掉徐鹏科','修改状态1',0,1,30,'10.128.112.254','2018-07-24 03:18:24'),(1293,2,'2018-07-24',24,'应缘',10,22,'食品事业线分级车间加一个熊文连','添加新员工',0,1,30,'10.128.112.254','2018-07-24 04:15:37'),(1294,1,'2018-07-25',10,'李鹏飞',9,20,'忘记cpc账号密码','告知账号密码',0,9,30,'10.128.113.51','2018-07-25 07:40:45'),(1295,1,'2018-07-25',23,'王菁蕾',9,20,'中控大屏有4块屏蓝屏','重启拼屏处理器',0,3,30,'10.128.113.38','2018-07-25 11:22:44'),(1296,1,'2018-07-25',1,'刘永银',3,5,'销管备用打印机调试','销管备用打印机调试',0,3,30,'10.128.113.38','2018-07-25 11:23:28'),(1297,1,'2018-07-25',25,'崔荣荣',1,18,'电脑系统损坏','重装系统，重装软件',0,3,30,'10.128.113.38','2018-07-25 11:24:38'),(1298,1,'2018-07-25',25,'崔荣荣',3,5,'打印机无法共享','重新做打印机共享',0,3,30,'10.128.113.38','2018-07-25 11:25:33'),(1299,1,'2018-07-25',6,'赵琴琴',3,5,'做打印机共享','做打印机共享',0,3,30,'10.128.113.38','2018-07-25 11:26:11'),(1300,2,'2018-07-26',24,'应缘',10,22,'实习生里的潘静弄到销管部','修改部门',0,1,30,'10.128.112.254','2018-07-26 00:37:01'),(1301,1,'2018-07-26',18,'张立立',1,19,'上不去内网','重新安装小a',0,9,30,'10.128.113.51','2018-07-26 05:51:22'),(1302,1,'2018-07-26',12,'化验室',1,14,'连接不上打印机','重新设置打印机共享',0,9,30,'10.128.113.51','2018-07-26 07:26:20'),(1303,2,'2018-07-27',24,'应缘',10,22,'26日和27日订餐数量重复','删除多订的数据',0,1,30,'10.128.112.254','2018-07-27 01:42:37'),(1304,1,'2018-07-27',25,'包材库',1,14,'上不去网','重装赛门铁克',0,9,30,'10.128.113.51','2018-07-27 04:23:16'),(1305,1,'2018-07-29',1,'马仁涛',4,10,'第二块硬盘黄灯告警','联系售后更换硬盘',0,2,30,'10.128.115.2','2018-07-29 08:34:34'),(1306,1,'2018-07-30',7,'序灵峰',1,8,'开机显示器不显示','重新插拔显卡恢复',0,9,31,'10.128.113.51','2018-07-30 00:51:35'),(1307,1,'2018-07-30',6,'赵琴琴',1,14,'TeamViewe链接不上','更换TeamViewe账号',0,9,31,'10.128.113.51','2018-07-30 02:09:55'),(1308,1,'2018-07-30',18,'马红玉',2,4,'电话线短路','重新换芯',0,9,31,'10.128.113.51','2018-07-30 03:04:31'),(1309,1,'2018-07-30',24,'朱顺',7,12,'观看7.29号监控','观看7.29号监控',0,9,31,'10.128.113.51','2018-07-30 05:16:05'),(1310,1,'2018-07-30',25,'崔荣荣',1,18,'无法启动','重装系统',0,3,31,'10.128.115.89','2018-07-30 06:48:09'),(1311,1,'2018-07-30',11,'闫宜',6,17,'网页打不开','升级小助手',0,3,31,'10.128.115.89','2018-07-30 06:49:41'),(1312,1,'2018-07-30',21,'王素荣',3,5,'卡纸','取出卡纸',0,3,31,'10.128.115.89','2018-07-30 06:50:40'),(1313,1,'2018-07-30',21,'王芳',1,14,'安装打印机驱动','安装打印机驱动',0,3,31,'10.128.115.89','2018-07-30 06:51:41'),(1314,1,'2018-07-30',1,'刘永银',1,14,'10.1.1.6报警','重新换网线跳线',0,3,31,'10.128.115.89','2018-07-30 06:56:19'),(1315,1,'2018-07-31',25,'崔荣荣',1,19,'开机屏幕显示超出显示范围','运行安全模式调整屏幕分辨率',0,9,31,'10.128.113.51','2018-07-31 00:50:28'),(1316,1,'2018-07-31',7,'序灵峰',1,8,'开机显示器不显示','重新插拔显卡恢复',0,9,31,'10.128.113.51','2018-07-31 00:55:43'),(1317,1,'2018-07-31',18,'马红玉',2,4,'接不了电话','重新换线',0,9,31,'10.128.113.51','2018-07-31 02:46:40'),(1318,1,'2018-07-31',6,'刑攀',1,19,'pm用office进不去','联通外网，只能用外网进',0,9,31,'10.128.113.51','2018-07-31 09:04:58'),(1319,1,'2018-07-31',22,'冯渊',3,5,'无法打印','重新输入认证密码',0,3,31,'192.128.100.182','2018-07-31 10:56:34'),(1320,1,'2018-07-31',1,'刘永银',4,10,'内存报错','更换内存',0,3,31,'192.128.100.182','2018-07-31 10:57:15'),(1321,1,'2018-08-01',22,'赵兴楠',3,5,'打印机显示','重新设置打印机首选项',0,9,31,'10.128.113.125','2018-08-01 01:52:42'),(1322,1,'2018-08-01',23,'赵淑云',3,5,'不能打印','重新添加认证信息',0,1,31,'10.128.112.254','2018-08-01 03:50:39'),(1323,1,'2018-08-01',1,'刘永银',6,17,'cpegg  无法上网','重启光端机',0,3,31,'10.128.113.146','2018-08-01 04:23:11'),(1324,1,'2018-08-01',12,'马长城',6,17,'电脑无法上网','小A扫描认证安检',0,3,31,'10.128.113.146','2018-08-01 04:24:37'),(1325,1,'2018-08-01',11,'郭金蕊',1,14,'电脑上SS无快捷方式','开始附件远程桌面发送到桌面',0,3,31,'10.128.113.146','2018-08-01 10:22:16'),(1326,1,'2018-08-01',21,'石欣旺',9,20,'打卡机无管理员权限无法设置','用软件删掉管理员',0,3,31,'10.128.113.146','2018-08-01 10:23:25'),(1327,1,'2018-08-02',25,'崔荣荣',7,15,'无法调取监控文件','将网站加入兼容性视图设置',0,3,31,'10.128.114.33','2018-08-02 07:42:36'),(1328,1,'2018-08-02',11,'郭金蕊',1,14,'安装追溯系统','安装追溯系统',0,3,31,'10.128.114.33','2018-08-02 07:43:48'),(1329,1,'2018-08-04',6,'侯庆丰',9,20,'大屏幕一半黑屏','重启拼屏处理器',0,3,31,'10.128.115.86','2018-08-05 09:00:23'),(1330,1,'2018-08-04',6,'张腾飞',1,14,'电脑卡慢','卸掉无用软件，优化加速',0,3,31,'10.128.115.86','2018-08-05 09:01:17'),(1331,1,'2018-08-04',25,'崔荣荣',1,14,'无法访问FTP','重新启动电脑',0,3,31,'10.128.115.86','2018-08-05 09:02:27'),(1332,2,'2018-08-06',24,'应缘',10,22,'删除离职人员','在订餐系统里进行删除',0,10,32,'10.127.24.145','2018-08-06 01:35:19'),(1333,1,'2018-08-06',24,'苏满立',1,14,'电脑卡死了','重新启动',0,9,32,'10.128.113.125','2018-08-06 02:47:04'),(1334,1,'2018-08-06',18,'刘阳',1,14,'qq打不上汉字','重启qq后恢复',0,9,32,'10.128.113.125','2018-08-06 04:08:15'),(1335,1,'2018-08-06',14,'杨雪梅',1,14,'CPC忘记密码','a251261@cpgroup.cn登录，密码一样',0,1,32,'10.128.112.254','2018-08-06 05:21:12'),(1336,2,'2018-08-06',21,'卢晶晶',10,22,'人员部门调动','订餐系统部门变更',0,10,32,'10.127.24.145','2018-08-06 05:38:00'),(1337,1,'2018-08-07',22,'赵星楠',1,8,'开机电脑不显示','重新插拔内存条恢复',0,9,32,'10.128.113.125','2018-08-07 00:52:04'),(1338,1,'2018-08-07',21,'王素荣',1,8,'电脑开机黑屏','重新插拔内存条',0,9,32,'10.128.113.125','2018-08-07 05:10:46'),(1339,1,'2018-08-07',21,'王素荣',3,6,'卡纸','取纸',0,9,32,'10.128.113.125','2018-08-07 05:50:54'),(1340,1,'2018-08-08',23,'王箐蕾',9,20,'大屏显示界面不满','重新拉满',0,9,32,'10.128.113.125','2018-08-08 04:09:58'),(1341,1,'2018-08-08',21,'张保英',2,4,'电话线短路','重新接头恢复',0,9,32,'10.128.113.125','2018-08-08 04:12:52'),(1342,1,'2018-08-08',6,'侯庆丰',1,14,'电脑无法进入桌面','重启进入最后一次正确配置',0,3,32,'10.128.113.172','2018-08-08 05:45:13'),(1343,1,'2018-08-08',18,'李建秋',1,8,'旧电脑需要重新安装优化','重装系统，重装软件',0,3,32,'10.128.113.172','2018-08-08 05:46:47'),(1344,1,'2018-08-08',6,'侯庆丰',9,20,'中控大屏蓝屏','设置电脑IP自动获取',0,3,32,'10.128.113.172','2018-08-08 05:47:56'),(1345,1,'2018-08-08',21,'罗干',3,5,'不能打印A4文档','打印机首选项输出选A4',0,3,32,'10.128.113.172','2018-08-08 05:49:22'),(1346,1,'2018-08-08',18,'陈龙辉',3,5,'SS系统不能打印A5','打印机属性驱动选销管429',0,3,32,'10.128.113.172','2018-08-08 05:51:05'),(1347,1,'2018-08-08',21,'罗干',1,14,'不能登录智联招聘网','电脑注销重启',0,3,32,'10.128.113.172','2018-08-08 05:53:51'),(1348,1,'2018-08-08',19,'王振宇',1,18,'电脑蓝屏不进系统','重装系统，重装软件',0,3,32,'10.128.113.172','2018-08-08 05:55:45'),(1349,1,'2018-08-08',18,'朱建敏',1,14,'电脑优化，上网注册','电脑优化，上网注册',0,3,32,'10.128.113.172','2018-08-08 06:15:30'),(1350,1,'2018-08-09',19,'张艺凡',1,14,'电脑卡慢','卸掉无用软件，优化加速',0,3,32,'10.128.114.83','2018-08-09 02:36:47'),(1351,1,'2018-08-09',2,'李晓东',2,7,'电话会议有杂音','重新插拔水晶头',0,3,32,'10.128.114.83','2018-08-09 02:38:13'),(1352,1,'2018-08-09',18,'张立立',1,14,'上不去网','重启小A',0,9,32,'10.128.113.125','2018-08-09 02:58:06'),(1353,1,'2018-08-10',26,'张立',9,20,'打印机扫描的pdf太大，无法上传OA','通过在线压缩PDF，压缩PDF',0,1,32,'10.128.112.254','2018-08-09 05:05:26'),(1354,1,'2018-08-09',4,'董桂彬',1,14,'无法上网','注册上网',0,3,32,'10.128.114.83','2018-08-09 11:27:36'),(1355,1,'2018-08-10',13,'刘小二',1,8,'上不去网本地连接红叉','重新换水晶头恢复',0,9,32,'10.128.113.125','2018-08-10 00:32:18'),(1356,1,'2018-08-10',2,'王玉明',9,20,'大屏不能切换通道','新建DVI',0,9,32,'10.128.113.125','2018-08-10 00:49:27'),(1357,1,'2018-08-10',11,'宋远航',1,14,'上不去网小A叹号','小A扫描安装补丁',0,9,32,'10.128.113.125','2018-08-10 06:21:37'),(1358,1,'2018-08-10',18,'管凤先',3,5,'打印订单不清楚','直接打印成PDF',0,3,32,'10.128.114.213','2018-08-10 08:37:35'),(1359,1,'2018-08-10',7,'张铭容',6,17,'手机提示网络拒绝接入，电脑无法上网','重新启动路由器！',0,1,32,'10.128.112.254','2018-08-10 08:41:30'),(1360,1,'2018-08-13',3,'杜雪松',1,14,'连接不上zoom会议','修改DNS',0,1,33,'10.128.112.254','2018-08-13 01:57:54'),(1361,1,'2018-08-13',21,'王素荣',1,8,'硬盘拷贝','硬盘拷贝',0,9,33,'10.128.113.125','2018-08-13 02:51:25'),(1362,1,'2018-08-13',21,'王素荣',1,14,'忘记开机密码','重置开机密码',0,9,33,'10.128.113.125','2018-08-13 02:56:19'),(1363,1,'2018-08-13',23,'曹鹏辉',1,14,'安装无线网卡，不能上网','认证注册',0,3,33,'192.128.100.218','2018-08-13 13:12:20'),(1364,1,'2018-08-14',19,'张艺凡',2,7,'电话改地方','改线',0,9,33,'10.128.113.125','2018-08-14 01:06:19'),(1365,1,'2018-08-14',22,'冯渊',1,19,'连接不上打印机','删除账号重新输入密码',0,9,33,'10.128.113.125','2018-08-14 01:20:10'),(1366,1,'2018-08-14',17,'程俊',1,14,'远程不了ss系统','重启小A',0,9,33,'10.128.113.125','2018-08-14 03:46:46'),(1367,1,'2018-08-14',19,'张艺凡',1,8,'上不去网本地叹号','重新更换水晶头',0,9,33,'10.128.113.125','2018-08-14 05:41:03'),(1368,1,'2018-08-14',23,'杨立红',3,5,'安装打印机','安装大办公室打印机驱动',0,3,33,'10.128.113.99','2018-08-14 09:05:49'),(1369,1,'2018-08-14',6,'赵琴琴',3,5,'做打印机共享','做打印机共享',0,3,33,'10.128.113.99','2018-08-14 09:07:24'),(1370,1,'2018-08-14',23,'王帅',1,14,'手机ＣＰＣ登不上','重新下软件安装ＣＰＣ',0,3,33,'10.128.113.99','2018-08-14 09:09:35'),(1371,1,'2018-08-15',6,'赵琴琴',1,14,'电脑上不去网，本地叹号','重新插拔网线，安装小A',0,9,33,'10.128.113.125','2018-08-15 03:32:40'),(1372,1,'2018-08-15',19,'韩琪',1,14,'上不去网','安装小A',0,9,33,'10.128.113.125','2018-08-15 04:00:43'),(1373,1,'2018-08-15',23,'陈雪佳',1,14,'百度网盘里东西下载不了','换方式传过来',0,9,33,'10.128.113.125','2018-08-15 05:31:41'),(1374,1,'2018-08-15',6,'赵琴琴',6,17,'１０.１.１.１０电脑无法上网','交换机到电脑重新接线',0,3,33,'192.128.100.230','2018-08-15 13:16:38'),(1375,1,'2018-08-15',25,'张学会',1,8,'电脑不开机','清理内存',0,3,33,'192.128.100.230','2018-08-15 13:19:27'),(1376,1,'2018-08-15',23,'邓君平',3,5,'无法发传真','删除占用的任务',0,3,33,'192.128.100.230','2018-08-15 13:20:26'),(1377,1,'2018-08-16',19,'张艺凡',1,14,'上不去网','启动赛门铁克',0,9,33,'10.128.113.125','2018-08-16 01:02:50'),(1378,1,'2018-08-16',19,'韩琪',1,14,'上不去网','重装小A',0,9,33,'10.128.113.125','2018-08-16 02:02:36'),(1379,1,'2018-08-16',18,'李建秋',1,14,'文件打不开','建议下载wps',0,9,33,'10.128.113.125','2018-08-16 02:25:44'),(1380,1,'2018-08-16',18,'李建秋',1,14,'连接不上打印机','下载驱动，连接打印机。',0,9,33,'10.128.113.125','2018-08-16 02:26:58'),(1381,1,'2018-08-16',25,'崔荣荣',1,14,'上不去网','启用赛门铁克',0,9,33,'10.128.113.125','2018-08-16 02:58:17'),(1382,1,'2018-08-16',2,'杨林峰',3,5,'卡纸','取纸，确定',0,9,33,'10.128.113.125','2018-08-16 03:48:48'),(1383,1,'2018-08-17',6,'赵琴琴',1,8,'上不去网','重做网线',0,9,33,'10.128.113.125','2018-08-17 03:15:39'),(1384,1,'2018-08-17',4,'蔡得华',1,8,'鼠标点不开','更换鼠标',0,9,33,'10.128.113.125','2018-08-17 08:53:31'),(1385,1,'2018-08-17',4,'蔡得华',1,14,'增加检查人员上网权限','增加临时组上网权限',0,9,33,'10.128.113.125','2018-08-17 08:55:39'),(1386,1,'2018-08-20',4,'蔡得华',1,14,'电脑看不了视频回放','建议重装系统',0,9,34,'10.128.113.125','2018-08-20 09:35:11'),(1387,1,'2018-08-21',14,'闫亭亭',1,14,'安装ＣＰＣ','安装ＣＰＣ',0,3,34,'10.128.113.151','2018-08-21 03:11:37'),(1388,1,'2018-08-21',18,'管凤先',3,5,'打印内容清晰度不均匀','清理激光器',0,3,34,'10.128.113.151','2018-08-21 03:14:04'),(1389,1,'2018-08-21',1,'刘永银',6,17,'中央机房移动光端机不通','修复基站光纤',0,3,34,'10.128.113.151','2018-08-21 03:16:04'),(1390,1,'2018-08-21',21,'曹鹏辉',1,14,'打不开FTP不知道地址','链接FTP',0,9,34,'10.128.113.140','2018-08-21 03:18:38'),(1391,2,'2018-08-21',18,'徐佳为',1,18,'电脑反应慢','重装系统',0,10,34,'10.127.24.45','2018-08-21 05:22:01'),(1392,1,'2018-08-21',14,'闫亭亭',1,14,'电脑CPC安装不上','不支持xp系统，',0,9,34,'10.128.113.140','2018-08-21 07:09:21'),(1393,1,'2018-08-21',14,'闫亭亭',9,20,'手机上CPC','网页搜索，下载安装',0,9,34,'10.128.113.140','2018-08-21 07:10:28'),(1394,1,'2018-08-22',1,'刘永银',7,12,'蛋鸡食堂门口监控无法存储','删除重新添加',0,3,34,'10.128.114.43','2018-08-22 05:27:50'),(1395,1,'2018-08-22',1,'刘永银',7,12,'网页访问硬盘录像机无法打开','重新配置录像机HTTP端口',0,3,34,'10.128.114.43','2018-08-22 05:30:27'),(1396,1,'2018-08-22',19,'苗雅迪',1,14,'网页打不开','更换火狐浏览器',0,9,34,'10.128.113.140','2018-08-22 05:33:47'),(1397,1,'2018-08-22',6,'赵琴琴',1,14,'TeamViewe链接不上','现在有问题，直接远程访问',0,9,34,'10.128.113.140','2018-08-22 06:59:29'),(1398,1,'2018-08-23',21,'许嘉蕊',3,5,'安装打印机','安装打印机',0,3,34,'10.128.114.177','2018-08-23 02:56:27'),(1399,1,'2018-08-23',2,'王艺',1,8,'无线鼠标无反应','安装鼠标启动',0,3,34,'10.128.114.177','2018-08-23 02:57:40'),(1400,1,'2018-08-23',2,'张珺轩',3,5,'安装大办公室打印机驱动','安装大办公室打印机驱动',0,3,34,'10.128.114.177','2018-08-23 09:26:13'),(1401,1,'2018-08-23',2,'廉络',1,14,'安装OFFICE2010','安装OFFICE2010',0,3,34,'10.128.114.177','2018-08-23 09:26:49'),(1402,1,'2018-08-23',2,'何雪芹',1,14,'安装OFFICE2010','安装OFFICE2010',0,3,34,'10.128.114.177','2018-08-23 09:27:45'),(1403,1,'2018-08-23',19,'续凌峰',1,14,'电脑自动重启','卸无用软件',0,3,34,'10.128.114.177','2018-08-23 09:29:07'),(1404,1,'2018-08-24',2,'薄会双',1,8,'电脑黑屏','清洁内存',0,3,34,'10.128.115.49','2018-08-24 02:08:48'),(1405,1,'2018-08-27',18,'李建秋',1,14,'上不去网','重启小A',0,9,35,'10.128.113.140','2018-08-27 02:32:05'),(1406,1,'2018-08-27',13,'陈海波',3,6,'出货单不打印','清理打印机，调整色带',0,9,35,'10.128.113.140','2018-08-27 03:25:01'),(1407,1,'2018-08-27',23,'董伟国',1,14,'上不去网','重启小A',0,9,35,'10.128.113.140','2018-08-27 07:08:47'),(1408,1,'2018-08-28',2,'廉络',1,14,'打印A5双面','调成单面',0,9,35,'10.128.113.210','2018-08-28 07:27:54'),(1409,1,'2018-08-29',18,'管凤仙',1,8,'显示器不显示','重插电源',0,9,35,'10.128.113.210','2018-08-29 01:48:06'),(1410,1,'2018-08-29',23,'董伟国',3,5,'无法复印','关闭打印机开启部件',0,3,35,'10.128.114.77','2018-08-29 07:44:33'),(1411,1,'2018-08-29',11,'陈光',9,20,'机器人插车无法自动行走','重新设置车载无线电台',0,3,35,'10.128.114.77','2018-08-29 07:45:18'),(1412,1,'2018-08-29',4,'杜雪松',9,20,'制作电子印章','制作电子印章',0,3,35,'10.128.114.77','2018-08-29 07:46:15'),(1413,1,'2018-08-29',1,'刘永银',7,12,'加拿大监控添加机房摄像头','加拿大监控添加机房摄像头',0,3,35,'10.128.114.77','2018-08-29 07:47:33'),(1414,1,'2018-08-29',4,'蔡德华',1,8,'无法进入操作系统','换新硬[盘重新安装操作系统',0,3,35,'10.128.114.77','2018-08-29 07:48:39'),(1415,1,'2018-08-30',18,'马红峪',1,14,'上不去网','ip改自动，重启小a',0,9,35,'10.128.113.210','2018-08-30 00:27:56'),(1416,1,'2018-08-30',14,'闫亭亭',1,14,'上不去网','重扫小a下载补丁',0,9,35,'10.128.113.210','2018-08-30 01:39:36'),(1417,1,'2018-08-30',11,'宋远航',1,8,'上不去网，本地红叉','重做水晶头',0,9,35,'10.128.113.210','2018-08-30 02:50:42'),(1418,1,'2018-08-31',2,'郭碧佳',1,14,'连接大办公室打印机','连接大办公室打印机',0,9,35,'10.128.113.210','2018-08-31 03:10:47'),(1419,1,'2018-09-03',18,'李建秋',1,8,'显示器红色','更换VGA线',0,9,36,'10.128.113.210','2018-09-03 01:25:17'),(1420,1,'2018-09-03',18,'朱建敏',1,8,'黑屏','擦拭内存条',0,9,36,'10.128.113.210','2018-09-03 01:27:06'),(1421,1,'2018-09-04',1,'刘永银',9,20,'制定网络应急预案','制定网络应急预案',0,3,36,'192.128.100.58','2018-09-04 11:48:58'),(1422,1,'2018-09-04',18,'高敬欣',1,14,'VPN连不上','重新安装',0,3,36,'192.128.100.58','2018-09-04 11:59:00'),(1423,1,'2018-09-04',17,'范厚琼',3,5,'打印机不打印','更换新硒鼓',0,3,36,'192.128.100.58','2018-09-04 12:02:59'),(1424,1,'2018-09-05',16,'张晓磊',9,20,'电视播放PPT','增加手机投屏',0,9,36,'10.128.113.221','2018-09-05 00:30:50'),(1425,1,'2018-09-05',19,'王瑜善',1,8,'连接不上无线','更换无线网卡',0,9,36,'10.128.113.221','2018-09-05 00:32:26'),(1426,1,'2018-09-05',19,'緖凌峰',1,14,'增加上网权限','增加上网权限',0,9,36,'10.128.113.221','2018-09-05 00:45:09'),(1427,1,'2018-09-05',2,'田雅丽',1,14,'SS系统导出Excel闪退','mstsc设置共享',0,1,36,'10.128.112.254','2018-09-05 02:55:20'),(1428,1,'2018-09-05',19,'张蕾',1,8,'电脑黑屏','清理显卡',0,3,36,'10.128.114.150','2018-09-05 07:26:13'),(1429,1,'2018-09-06',18,'王艺',1,14,'打印不出来','特殊纸张改成A4',0,9,36,'10.128.113.221','2018-09-06 01:08:26'),(1430,1,'2018-09-06',19,'緖凌峰',1,14,'ss登不上去','密码到期，更改密码',0,9,36,'10.128.113.221','2018-09-06 01:23:04'),(1431,1,'2018-09-06',6,'李中原',1,14,'上不去网','修改默认网关',0,9,36,'10.128.113.221','2018-09-06 04:14:15'),(1432,1,'2018-09-06',24,'胡森林',1,8,'不显示','显示器问题',0,9,36,'10.128.113.221','2018-09-06 07:07:45'),(1433,1,'2018-09-07',21,'王素荣',1,14,'打开网页慢','更换浏览器',0,9,36,'10.128.113.221','2018-09-07 05:11:47'),(1434,1,'2018-09-07',16,'李宏伟',1,8,'重装电脑，重装程序','重装电脑，重装程序',0,9,36,'10.128.113.221','2018-09-07 09:07:39'),(1435,1,'2018-09-08',26,'高敬欣',6,17,'DNS无法解析','改成DNS自动获取',0,3,36,'192.128.100.70','2018-09-08 10:56:25'),(1436,1,'2018-09-10',14,'闫亭亭',1,14,'物料系统显示不全','更换浏览器',0,9,37,'10.128.113.219','2018-09-10 01:30:02'),(1437,1,'2018-09-10',16,'王雪洁',1,8,'电脑开关坏','改开关线路',0,3,37,'10.128.113.169','2018-09-10 08:03:01'),(1438,1,'2018-09-10',23,'陈雪佳',6,17,'电脑无','无线网卡拔掉重插',0,3,37,'10.128.113.169','2018-09-10 08:03:55'),(1439,1,'2018-09-10',18,'高敬欣',6,17,'电脑无法上网','用360修复',0,3,37,'10.128.113.169','2018-09-10 08:04:49'),(1440,1,'2018-09-10',3,'杜雪松',1,14,'采购单不能导出PDF','选择adob 23',0,1,37,'10.128.112.254','2018-09-10 08:32:51'),(1441,1,'2018-09-11',21,'陈国民',3,5,'安装打印机','安装打印机',0,3,37,'10.128.114.78','2018-09-11 03:09:25'),(1442,1,'2018-09-11',23,'何平',1,14,'word 不能输入中文','安装搜狗输入法',0,3,37,'10.128.114.78','2018-09-11 03:10:23'),(1443,1,'2018-09-11',25,'梁丽艳',2,4,'电话线路故障','重新接线',0,9,37,'10.128.113.219','2018-09-11 06:43:16'),(1444,1,'2018-09-12',23,'陈雪洁',9,20,'参观走廊大屏幕控制不了','电脑端口调试',0,9,37,'10.128.114.228','2018-09-12 09:11:52'),(1445,1,'2018-09-13',2,'君轩张',3,5,'安装打印机','安装打印机',0,3,37,'192.128.100.89','2018-09-13 11:31:16'),(1446,1,'2018-09-13',21,'陈国民',1,14,'双击文件夹打不开，显示文件夹属性','将ALT键复位',0,3,37,'192.128.100.89','2018-09-13 11:32:44'),(1447,1,'2018-09-13',11,'陈光',1,14,'安装CPC报错','重新下载CPC软件',0,3,37,'192.128.100.89','2018-09-13 11:33:38'),(1448,1,'2018-09-14',1,'刘永银',6,17,'cpegg网换线路','换光端机换路由器配置',0,3,37,'192.128.100.88','2018-09-14 12:03:53'),(1449,1,'2018-09-14',24,'赵林海',7,12,'门卫电脑无法回放录像','重新导入配置文件',0,3,37,'192.128.100.88','2018-09-14 12:05:10'),(1450,1,'2018-09-14',4,'杜雪松',3,5,'无法打印','将主电脑打开',0,3,37,'192.128.100.88','2018-09-14 12:05:56'),(1451,1,'2018-09-14',21,'石欣旺',9,20,'打卡机无管理员权限无法设置','强制破解密码',0,3,37,'192.128.100.88','2018-09-14 12:07:17'),(1452,1,'2018-09-18',21,'崔进征',9,20,'手机增加上网权限','手机增加上网权限',0,9,38,'10.128.114.149','2018-09-18 01:03:43'),(1453,1,'2018-09-18',2,'夏铭杭',1,14,'增加上网权限','增加上网权限',0,9,38,'10.128.114.149','2018-09-18 03:48:43'),(1454,1,'2018-09-18',2,'郭榕',1,14,'增加上网权限','增加上网权限',0,9,38,'10.128.114.149','2018-09-18 03:49:05'),(1455,1,'2018-09-18',21,'王素荣',1,14,'无法上网','卸载原有杀毒软件，重新安装',0,7,38,'10.128.115.237','2018-09-18 06:46:07'),(1456,1,'2018-09-19',2,'何雪琴',1,14,'卸载office2010和家庭版office','安装office2016',0,1,38,'10.128.112.254','2018-09-19 03:55:36'),(1457,1,'2018-09-19',26,'彭艳楠',1,14,'电脑开机死机','重启电脑',0,9,38,'10.128.115.98','2018-09-19 05:04:32'),(1458,1,'2018-09-20',21,'崔进征',1,14,'删除上网权限','删除上网权限',0,9,38,'10.128.115.98','2018-09-20 00:29:52'),(1459,1,'2018-09-20',2,'郭榕',1,14,'安装杀毒软件','安装杀毒软件',0,9,38,'10.128.115.98','2018-09-20 07:01:41'),(1460,1,'2018-09-20',2,'夏铭杭',1,14,'安装杀毒软件','安装杀毒软件',0,9,38,'10.128.115.98','2018-09-20 07:02:47'),(1461,1,'2018-09-20',21,'陈国民',1,14,'笔记本无法投影大屏幕','重新启动通道切换器',0,3,38,'10.128.115.169','2018-09-20 11:10:41'),(1462,1,'2018-09-20',6,'李中元',1,14,'大屏幕第一块黑屏','重启大屏幕开关软件刷新',0,3,38,'10.128.115.169','2018-09-20 11:11:51'),(1463,1,'2018-09-20',17,'范厚琼',3,5,'无法打印','将数据线插入正确接口',0,3,38,'10.128.115.169','2018-09-20 11:12:36'),(1464,1,'2018-09-20',4,'胡深林',2,7,'电话能接不能打','更换电话',0,3,38,'10.128.115.169','2018-09-20 11:13:29'),(1465,1,'2018-09-20',21,'王素荣',9,20,'打卡机脱机','更换打卡机',0,3,38,'10.128.115.169','2018-09-20 11:14:39'),(1466,1,'2018-09-21',16,'李宏伟',1,8,'开机不显示','擦拭内存条',0,9,38,'10.128.115.98','2018-09-21 08:16:13'),(1467,1,'2018-09-21',3,'杜雪松',1,14,'更改默认打印机','更改默认打印机',0,9,38,'10.128.115.98','2018-09-21 08:26:03'),(1468,1,'2018-09-21',24,'张微',6,17,'2006宿舍不能上网','重新设路由器',0,3,38,'10.128.113.69','2018-09-21 10:57:52'),(1469,1,'2018-09-21',12,'梁丽艳',1,14,'电脑无法进入系统','断电重启',0,3,38,'10.128.113.69','2018-09-21 11:17:04'),(1470,1,'2018-09-26',18,'刘洋',1,14,'家乐福网站证书错误','更新浏览器',0,9,39,'10.128.115.16','2018-09-26 01:06:16'),(1471,1,'2018-09-26',2,'廉络',1,8,'电脑花屏','清洁内存',0,3,39,'10.128.115.0','2018-09-26 01:09:37'),(1472,1,'2018-09-26',21,'张保英',1,8,'电脑黑屏','清洁内存',0,3,39,'10.128.115.0','2018-09-26 01:10:36'),(1473,1,'2018-09-26',26,'刘沧泉',1,8,'无法上网','外接无线网卡',0,3,39,'10.128.115.0','2018-09-26 01:12:02'),(1474,1,'2018-09-26',14,'闫亭亭',1,14,'链接打印机','链接打印机',0,9,39,'10.128.115.16','2018-09-26 03:01:50'),(1475,1,'2018-09-26',18,'马红裕',1,14,'上不去网','重扫小a',0,9,39,'10.128.115.16','2018-09-26 04:54:25'),(1476,1,'2018-09-27',18,'马红裕',1,14,'开机蓝屏','恢复上一次正确命令',0,9,39,'10.128.115.16','2018-09-27 01:04:29'),(1477,1,'2018-09-27',23,'董伟国',9,20,'需要监控明细，图纸交上级','整理监控明细，图纸交SHE',0,3,39,'192.128.100.113','2018-09-27 10:54:35'),(1478,1,'2018-09-27',10,'韩东亮',1,14,'安装VPN','安装VPN',0,3,39,'192.128.100.113','2018-09-27 10:57:32'),(1479,1,'2018-09-28',23,'杨立红',3,5,'无法打印','盈高里设备类型选PC',0,3,39,'10.128.113.7','2018-09-28 04:26:31'),(1480,1,'2018-09-28',14,'陈伟芳',1,14,'上外网需要认证','深信服加MAC',0,3,39,'10.128.113.7','2018-09-28 04:28:03'),(1481,1,'2018-09-28',2,'赵佳利',1,14,'鼠标没反应','电脑死机',0,9,39,'10.128.115.16','2018-09-28 05:58:44'),(1482,1,'2018-09-29',4,'蔡德华',1,8,'大屏幕不显示','分屏器重新连接',0,3,39,'10.128.113.146','2018-09-29 07:43:56'),(1483,1,'2018-09-29',2,'何雪芹',3,5,'无法扫描','取出原稿订书订',0,3,39,'10.128.113.146','2018-09-29 07:48:32'),(1484,1,'2018-09-30',18,'马红裕',1,8,'上不去网','交换机接通电源',0,9,39,'10.128.115.16','2018-09-30 04:21:18'),(1485,1,'2018-10-01',3,'韩东亮',1,14,'VPN连不上','更换电脑',0,3,40,'10.128.114.5','2018-10-01 07:44:52'),(1486,1,'2018-10-01',18,'李虹宇',1,8,'电脑不开机','重新插拔主板电源线',0,3,40,'10.128.114.5','2018-10-01 07:45:54'),(1487,1,'2018-10-01',13,'王雪洁',1,18,'新电脑需要安装系统','安装操作系统',0,3,40,'10.128.114.5','2018-10-01 07:46:54'),(1488,1,'2018-10-01',1,'刘永银',6,17,'机房移动光端机LA1灯灭','更换跳线',0,3,40,'10.128.114.5','2018-10-01 07:48:13'),(1489,1,'2018-10-01',2,'赵佳丽',1,14,'电脑蓝屏不进系统','重启进安全模式重启',0,3,40,'10.128.114.5','2018-10-01 07:51:17'),(1490,1,'2018-10-02',2,'薄会双',1,14,'安装SAP','安装SAP',0,3,40,'10.128.114.180','2018-10-02 08:24:43'),(1491,1,'2018-10-08',4,'白星',6,17,'线路断开，无网络','重新接线',0,3,41,'10.128.115.247','2018-10-08 00:34:58'),(1492,1,'2018-10-08',25,'张学会',2,7,'电话挪位置','重新布线',0,3,41,'10.128.115.247','2018-10-08 00:56:44'),(1493,1,'2018-10-08',17,'付国成',1,14,'电脑卡了后，excle打开内容为空','将表复制到别的电脑另存为',0,3,41,'10.128.115.247','2018-10-08 00:59:31'),(1494,1,'2018-10-08',26,'张立立',6,17,'笔记本无法上网','小A重新安检认证',0,1,41,'10.128.112.254','2018-10-08 02:28:51'),(1495,1,'2018-10-08',24,'胡森林',1,14,'电脑总是死机','清理优化',0,9,41,'10.128.115.249','2018-10-08 03:15:33'),(1496,1,'2018-10-08',24,'胡森林',1,14,'增加青年鸡熏蒸间摄像头观看权限','增加青年鸡熏蒸间摄像头观看权限',0,9,41,'10.128.115.249','2018-10-08 03:16:55'),(1497,1,'2018-10-08',2,'赵佳利',1,14,'电脑蓝屏','清理，重启',0,9,41,'10.128.115.249','2018-10-08 05:06:17'),(1498,1,'2018-10-08',23,'杨关俊',6,17,'电脑无法上网','禁用网卡，重启电脑',0,3,41,'10.128.115.247','2018-10-08 07:24:54'),(1499,1,'2018-10-08',19,'肖肖',6,17,'电脑无法上网','重启电脑',0,3,41,'10.128.115.247','2018-10-08 07:26:06'),(1500,1,'2018-10-08',22,'朱琳',6,17,'无法打开淘宝的图片','设置host文件',0,1,41,'10.128.112.254','2018-10-08 08:30:49'),(1501,1,'2018-10-08',2,'赵佳丽',1,14,'添加上网权限','添加上网权限',0,9,41,'10.128.115.249','2018-10-08 09:13:04'),(1502,1,'2018-10-09',4,'蔡德华',7,15,'监控掉线','重做水晶头',0,9,41,'10.128.113.173','2018-10-09 00:28:14'),(1503,1,'2018-10-09',2,'赵佳丽',1,14,'安装SAP','安装SAP',0,9,41,'10.128.113.173','2018-10-09 00:28:55'),(1504,1,'2018-10-09',16,'李宏伟',1,14,'重装系统','重装系统',0,9,41,'10.128.113.173','2018-10-09 00:40:50'),(1505,1,'2018-10-09',5,'李宏伟',1,14,'打印机不打印','开启ActiveX控件',0,9,41,'10.128.113.173','2018-10-09 02:15:18'),(1506,1,'2018-10-09',14,'闫亭亭',1,14,'上不去网','改成自动获取ip地址',0,9,41,'10.128.113.173','2018-10-09 02:32:36'),(1507,1,'2018-10-09',25,'崔荣荣',1,14,'打不开FTP','网卡禁用再启用',0,3,41,'10.128.113.172','2018-10-09 04:16:20'),(1508,1,'2018-10-09',3,'赵星楠',1,14,'PDF打不开','安装PDF软件',0,3,41,'10.128.113.172','2018-10-09 04:17:22'),(1509,1,'2018-10-09',24,'李小小',1,8,'开机黑屏','擦拭内存条',0,9,41,'10.128.113.173','2018-10-09 04:30:04'),(1510,1,'2018-10-09',24,'朱顺',1,14,'上不去网','更改无线ap位置',0,9,41,'10.128.113.173','2018-10-09 08:10:46'),(1511,1,'2018-10-09',13,'程俊',1,18,'电脑安装系统','电脑安装系统',0,3,41,'10.128.113.172','2018-10-09 08:52:43'),(1512,1,'2018-10-10',17,'樊丽娟',1,14,'添加无线网卡，增加权限','添加无线网卡，增加权限',0,9,41,'10.128.114.66','2018-10-10 02:16:42'),(1513,1,'2018-10-10',23,'王箐蕾',1,14,'上不去网','自动获取IP地址',0,9,41,'10.128.114.66','2018-10-10 07:16:35'),(1514,1,'2018-10-10',17,'樊丽娟',1,14,'ss登不上去','用户名增加前缀',0,9,41,'10.128.114.66','2018-10-10 07:18:02'),(1515,1,'2018-10-10',18,'王艺',1,14,'上不去cp egg','重新连接',0,9,41,'10.128.114.66','2018-10-10 07:19:45'),(1516,1,'2018-10-11',11,'郭金蕊',1,14,'安装VPN','安装VPN',0,3,41,'10.128.114.171','2018-10-11 01:50:00'),(1517,1,'2018-10-11',19,'苗雅迪',1,14,'上不去网','自动获取IP地址',0,9,41,'10.128.114.190','2018-10-11 03:30:13'),(1518,1,'2018-10-11',24,'胡森林',1,14,'电脑卡慢','清理电脑',0,9,41,'10.128.114.190','2018-10-11 06:19:05'),(1519,1,'2018-10-12',2,'廉络',1,14,'office总是让激活','卸载自带的office，安装office2016',0,1,41,'10.128.112.254','2018-10-12 03:54:39'),(1520,1,'2018-10-12',23,'何平',9,20,'打印彩页1页','打印彩页1页',0,1,41,'10.128.112.254','2018-10-12 04:20:41'),(1521,1,'2018-10-12',2,'刘伟',3,5,'打印机打不清楚','更换色带',0,3,41,'10.128.115.49','2018-10-12 06:04:30'),(1522,1,'2018-10-12',2,'田雅丽',1,14,'电脑卡慢','清垃圾，卸软件',0,3,41,'10.128.115.49','2018-10-12 06:05:43'),(1523,1,'2018-10-16',23,'王箐蕾',1,14,'添加上网权限','添加上网权限',0,9,42,'10.128.113.218','2018-10-16 01:46:23'),(1524,1,'2018-10-16',23,'陈雪佳',1,14,'上不去网','重扫小a',0,9,42,'10.128.113.218','2018-10-16 01:47:13'),(1525,1,'2018-10-16',21,'石欣旺',1,19,'电脑C盘扩展空间','分区助手',0,2,42,'10.128.113.233','2018-10-16 01:53:34'),(1526,1,'2018-10-16',3,'韩东亮',1,14,'远程erp没有本地磁盘','设置远程桌面',0,1,42,'10.128.112.254','2018-10-16 06:43:38'),(1527,1,'2018-10-16',23,'任健',1,14,'无法打印','网络问题，盈高设置可信，固定IP地址',0,1,42,'10.128.112.254','2018-10-16 07:21:59'),(1528,1,'2018-10-17',2,'郭碧佳',1,14,'需要通过VPN访问平谷SS系统','安装VPN，配置平谷VPN地址',0,7,42,'10.128.114.18','2018-10-17 01:24:24'),(1529,1,'2018-10-17',2,'赵佳丽',3,6,'卡纸','取纸',0,9,42,'10.128.114.91','2018-10-17 06:58:45'),(1530,1,'2018-10-17',2,'张珺轩',3,5,'安装打印机','安装打印机',0,3,42,'10.128.114.88','2018-10-17 07:01:16'),(1531,1,'2018-10-18',11,'闫宜',7,15,'监控不显示','重新接线',0,9,42,'10.128.114.240','2018-10-18 06:12:40'),(1532,1,'2018-10-18',23,'苏满立',6,17,'无法上网','重新认证',0,3,42,'10.128.114.218','2018-10-18 06:46:12'),(1533,1,'2018-10-18',21,'徐佳蕊',1,18,'电脑无法进入系统','重装系统',0,3,42,'10.128.114.218','2018-10-18 06:47:17'),(1534,1,'2018-10-18',23,'苏满立',3,5,'无法打印','重启电脑',0,3,42,'10.128.114.218','2018-10-18 06:48:09'),(1535,1,'2018-10-18',24,'任建',1,14,'打印文件','打印文件',0,9,42,'10.128.114.240','2018-10-18 08:42:08'),(1536,1,'2018-10-19',24,'闫子强',1,8,'上不去网，光纤红灯','擦拭冷接头，捋顺光纤',0,9,42,'10.128.115.100','2018-10-19 01:33:03'),(1537,1,'2018-10-19',2,'刘伟',3,6,'发票打印机原色带无法使用','更换新色带',0,1,42,'10.128.112.254','2018-10-19 03:50:59'),(1538,1,'2018-10-19',24,'胡森林',1,14,'增加饲料厂门口监控观看权限','增加饲料厂门口监控观看权限',0,9,42,'10.128.115.100','2018-10-19 04:15:25'),(1539,1,'2018-10-19',17,'程俊',3,6,'打印机卡纸','拆下墨盒取纸',0,9,42,'10.128.115.100','2018-10-19 07:04:29'),(1540,1,'2018-10-19',5,'刘志广',1,8,'开机不显示','擦拭内存条',0,9,42,'10.128.115.100','2018-10-19 07:07:46'),(1541,1,'2018-10-22',18,'马红裕',1,14,'电脑开机蓝屏','软件修复',0,9,43,'10.128.113.110','2018-10-22 01:40:01'),(1542,1,'2018-10-22',11,'郭金蕊',3,5,'打印机脱机','删除重新添加',0,3,43,'10.128.113.98','2018-10-22 09:05:02'),(1543,1,'2018-10-22',19,'刘轩瑞',3,5,'打印机脱机','删除重新添加',0,3,43,'10.128.113.98','2018-10-22 09:06:03'),(1544,1,'2018-10-22',1,'刘永银',9,20,'堆叠交换机重新配置与元件2同步','重新配置交换机',0,3,43,'10.128.113.98','2018-10-22 09:07:36'),(1545,1,'2018-10-23',16,'闫宜',1,14,'上不去网','重做系统',0,9,43,'10.128.114.37','2018-10-23 02:09:37'),(1546,1,'2018-10-23',16,'闫宜',1,14,'cp egg无法上网','自动回复',0,9,43,'10.128.114.37','2018-10-23 03:36:09'),(1547,1,'2018-10-23',18,'马红裕',3,6,'更换碳粉','更换碳粉',0,9,43,'10.128.114.37','2018-10-23 03:52:54'),(1548,1,'2018-10-24',2,'王涛',1,14,'个人笔记本需要连接ZD-office','安装小助手，上网认证',0,7,43,'10.128.114.119','2018-10-24 02:53:04'),(1549,1,'2018-10-24',13,'李宏伟',1,8,'重做系统','重做系统',0,9,43,'10.128.114.117','2018-10-24 04:11:16'),(1550,1,'2018-10-24',4,'蔡德华',1,14,'共享不了另一台电脑','忘记被共享电脑密码',0,9,43,'10.128.114.117','2018-10-24 08:53:56'),(1551,1,'2018-10-25',11,'陈光',7,16,'更换监控位置','重新走线',0,9,43,'10.128.115.4','2018-10-25 03:03:26'),(1552,1,'2018-10-25',1,'刘永银',6,17,'10.1.1.6报警','网线水晶头重新压紧',0,3,43,'10.128.114.244','2018-10-25 03:38:40'),(1553,1,'2018-10-25',2,'张珺轩',1,14,'无法打印','打印机放纸',0,3,43,'10.128.114.244','2018-10-25 03:39:38'),(1554,1,'2018-10-25',23,'朱顺',9,20,'CPC联系人搜所不到自己的名字','提交CPC管理员解决',0,3,43,'10.128.114.244','2018-10-25 06:00:39'),(1555,1,'2018-10-25',11,'闫宜',1,14,'查杀病毒','查杀病毒',0,9,43,'10.128.115.4','2018-10-25 06:29:27'),(1556,1,'2018-10-25',11,'宋玉航',3,5,'打印机不能打印','删除打印机，重新添加打印机',0,1,43,'10.128.112.254','2018-10-25 08:04:30'),(1557,1,'2018-10-25',11,'唐国才',1,14,'笔记本上网','笔记本上网',0,9,43,'10.128.115.4','2018-10-25 08:15:16'),(1558,1,'2018-10-26',18,'高敬欣',1,14,'电脑无法上网，提示DNS服务出现问题','将DNS设置成自动获取',0,7,43,'10.128.114.119','2018-10-26 02:12:28'),(1559,1,'2018-10-26',22,'赵星楠',1,18,'电脑卡慢','重装系统',0,3,43,'10.128.115.131','2018-10-26 05:35:44'),(1560,1,'2018-10-26',22,'赵星楠',3,5,'物料系统无法打印','开启浏览器active插件',0,3,43,'10.128.115.131','2018-10-26 05:38:19'),(1561,1,'2018-10-26',6,'马志亮',1,14,'增加上网权限','增加上网权限',0,9,43,'10.128.115.128','2018-10-26 06:02:19'),(1562,1,'2018-10-26',6,'赵琴琴',1,14,'增加上网权限','增加上网权限',0,9,43,'10.128.115.128','2018-10-26 06:02:55'),(1563,1,'2018-10-27',12,'孔庆敏',1,8,'上不去网本地红叉','重做水晶头',0,9,43,'10.128.115.212','2018-10-27 01:59:00'),(1564,1,'2018-10-27',24,'朱顺',1,14,'邮包间回放','播放回放',0,9,43,'10.128.115.212','2018-10-27 07:55:37'),(1565,1,'2018-10-29',11,'刘亮',6,17,'IP地址冲突','网卡禁用再启用',0,3,44,'10.128.115.131','2018-10-29 03:25:16'),(1566,1,'2018-10-29',16,'闫宜',3,5,'打印文件','打印文件',0,9,44,'10.128.113.130','2018-10-29 03:40:41'),(1567,1,'2018-10-30',11,'宋远航',1,14,'共享打印机打印不出来','更改共享密码',0,9,44,'10.128.113.130','2018-10-30 03:05:16'),(1568,1,'2018-10-30',11,'王志超',1,14,'深信服显示分级设备科电脑隐患','查杀病毒',0,9,44,'10.128.113.130','2018-10-30 03:08:13'),(1569,1,'2018-10-30',18,'马红裕',3,6,'扫描文件有黑影','清理打印机',0,9,44,'10.128.113.130','2018-10-30 07:47:02'),(1570,1,'2018-10-30',6,'徐春付',1,19,'电脑卡慢','清垃圾，卸软件',0,3,44,'10.128.113.251','2018-10-30 08:25:15'),(1571,1,'2018-10-31',14,'闫亭亭',1,14,'链接打印机','链接打印机',0,9,44,'10.128.114.143','2018-10-31 07:50:55'),(1572,1,'2018-11-01',2,'李晓东',1,14,'office打不开','隐藏所有microsoft',0,9,44,'10.128.115.11','2018-11-01 03:12:02'),(1573,1,'2018-11-01',2,'李晓东',1,14,'重装系统，安装软件','重装系统，安装软件',0,9,44,'10.128.115.11','2018-11-01 06:04:26'),(1574,1,'2018-11-01',11,'郭金蕊',3,5,'打印机脱机','重新添加',0,3,44,'10.128.114.254','2018-11-01 06:24:02'),(1575,1,'2018-11-01',19,'张蕾',3,5,'打印机脱机','重新添加打印机',0,3,44,'10.128.114.254','2018-11-01 06:25:18'),(1576,1,'2018-11-01',3,'韩东亮',3,5,'打印内容错位','打印机首选项调整扩展设置',0,3,44,'10.128.114.254','2018-11-01 06:29:11'),(1577,1,'2018-11-01',24,'王箐蕾',3,5,'卡纸后不打印','取出卡纸，修理出纸口',0,9,44,'10.128.115.11','2018-11-01 07:27:16'),(1578,1,'2018-11-02',25,'黄鹤群',1,8,'上不去网','更换网线',0,9,44,'10.128.115.128','2018-11-02 03:20:19'),(1579,1,'2018-11-02',2,'高慧',1,14,'笔记本增加上网权限','笔记本增加上网权限',0,9,44,'10.128.115.128','2018-11-02 05:29:02'),(1580,1,'2018-11-02',2,'高慧',1,14,'安装大办公室打印机驱动','安装大办公室打印机驱动',0,7,44,'10.128.114.119','2018-11-02 05:46:56'),(1581,1,'2018-11-05',17,'范厚琼',1,8,'无法开机','清洁内存',0,3,45,'10.128.115.131','2018-11-05 02:48:34'),(1582,1,'2018-11-05',24,'张志强',3,5,'打印机不打印','取消暂停打印',0,3,45,'10.128.115.131','2018-11-05 03:30:47'),(1583,1,'2018-11-05',23,'何平',3,5,'无法找到打印机','网卡禁用再启用',0,3,45,'10.128.115.131','2018-11-05 03:31:33'),(1584,1,'2018-11-05',4,'蔡德华',1,8,'安装ups','安装ups',0,9,45,'10.128.113.127','2018-11-05 05:14:53'),(1585,1,'2018-11-05',1,'赵佳丽',1,14,'无法打印OA中文件','卸载打印机驱动，重新安装',0,7,45,'10.128.114.119','2018-11-05 07:06:06'),(1586,1,'2018-11-05',1,'王志超',9,20,'中央机房空调维护保养','中央机房空调维护保养',0,9,45,'10.128.113.127','2018-11-05 08:52:52'),(1587,1,'2018-11-06',19,'绪凌峰',1,14,'上不去网','重扫小a',0,9,45,'10.128.114.15','2018-11-06 03:33:17'),(1588,1,'2018-11-06',19,'苗雅迪',1,14,'登陆不上ss忘记密码','重设密码',0,9,45,'10.128.114.15','2018-11-06 03:34:22'),(1589,1,'2018-11-06',21,'张珺轩',3,6,'打印机卡纸','取出卡纸，纸上有订书钉',0,9,45,'10.128.114.15','2018-11-06 05:35:53'),(1590,1,'2018-11-06',18,'高敬欣',3,5,'打印机进纸倾斜','调节纸张厚度标尺为2',0,3,45,'10.128.113.245','2018-11-06 06:52:36'),(1591,1,'2018-11-06',12,'梁丽艳',1,14,'U盘打不开','重启电脑',0,3,45,'10.128.113.245','2018-11-06 06:54:11'),(1592,1,'2018-11-06',2,'刘阳',1,14,'微信无法接收文件','重新安装',0,3,45,'10.128.113.245','2018-11-06 06:55:17'),(1593,1,'2018-11-06',8,'侯杰',1,14,'青年鸡OPC连不上','重新安装team',0,3,45,'10.128.113.245','2018-11-06 06:56:29'),(1594,1,'2018-11-07',11,'郭金蕊',1,14,'打印机不打印','重新连接共享打印机',0,9,45,'10.128.114.15','2018-11-07 02:56:51'),(1595,1,'2018-11-07',26,'李爱芝',1,14,'安装PDF阅读器','安装PDF阅读器',0,7,45,'10.128.114.119','2018-11-07 04:04:23'),(1596,1,'2018-11-07',11,'陈光',7,16,'摄像头调整位置','摄像头调整位置',0,9,45,'10.128.114.15','2018-11-07 05:22:06'),(1597,1,'2018-11-08',11,'闫宜',1,14,'安装SAP','安装SAP',0,9,45,'10.128.115.8','2018-11-08 00:32:18'),(1598,1,'2018-11-08',1,'王志超',9,20,'机房空调维护加氟','机房空调维护加氟',0,9,45,'10.128.115.8','2018-11-08 00:35:42'),(1599,1,'2018-11-08',17,'陈晶伟',3,5,'打印机脱机','重新插拔打印要网线头',0,3,45,'10.128.114.242','2018-11-08 00:39:25'),(1600,1,'2018-11-08',6,'朱顺',1,8,'开机黑屏','擦拭内存条',0,9,45,'10.128.115.8','2018-11-08 07:49:17'),(1601,1,'2018-11-08',4,'吴董波',1,14,'链接打印机','链接打印机',0,9,45,'10.128.115.8','2018-11-08 07:50:14'),(1602,1,'2018-11-09',6,'王秉旭',1,14,'重装系统','重装系统',0,9,45,'10.128.115.8','2018-11-09 03:26:05'),(1603,1,'2018-11-09',24,'餐厅会计',1,14,'重装系统','重装系统',0,9,45,'10.128.115.8','2018-11-09 03:27:47'),(1604,1,'2018-11-09',1,'王国华',1,14,'每次用谷歌都要手动加载flash','卸载软件重新安装',0,3,45,'10.128.115.181','2018-11-09 11:22:09'),(1605,1,'2018-11-09',18,'高敬欣',6,17,'路由器设置错误','重新设置路由器',0,3,45,'10.128.115.181','2018-11-09 11:23:43'),(1606,1,'2018-11-12',23,'杨关俊',6,13,'只能上微信QQ','深信服绑定MAC',0,2,46,'10.128.113.99','2018-11-12 07:10:15'),(1607,1,'2018-11-13',14,'闫亭亭',1,14,'ss登不上去','更换无线链接',0,9,46,'10.128.113.243','2018-11-13 01:01:09'),(1608,1,'2018-11-13',17,'樊丽娟',1,14,'上不去网','更新杀毒软件',0,9,46,'10.128.113.243','2018-11-13 01:16:28'),(1609,1,'2018-11-13',23,'何平',9,20,'打印彩页共计18页','打印彩页',0,1,46,'10.128.112.254','2018-11-13 04:21:52'),(1610,1,'2018-11-13',6,'朱顺',1,14,'连不上无线','重启电脑',0,9,46,'10.128.113.243','2018-11-13 04:22:54'),(1611,1,'2018-11-13',11,'陈光',7,16,'9-10 15-16 17-18摄像头位置更改','调整监控位置',0,9,46,'10.128.113.243','2018-11-13 09:06:58'),(1612,1,'2018-11-14',8,'胡森林',1,14,'电脑卡慢','清理电脑',0,9,46,'10.128.113.243','2018-11-14 07:45:52'),(1613,1,'2018-11-14',2,'刘阳',3,5,'无法打印','取消暂停打印',0,3,46,'10.128.113.227','2018-11-14 08:42:21'),(1614,1,'2018-11-14',18,'马红峪',1,14,'安装VPN','安装VPN',0,3,46,'10.128.113.227','2018-11-14 08:43:03'),(1615,1,'2018-11-14',19,'张一凡',1,8,'无法开机','用力按电源按钮',0,3,46,'10.128.113.227','2018-11-14 08:44:35'),(1616,1,'2018-11-14',2,'刘翔鹤',3,5,'安装打印机驱动','安装大办公室打印机驱动',0,3,46,'10.128.113.227','2018-11-14 08:45:15'),(1617,1,'2018-11-14',23,'任建',1,14,'打印内容是繁体','更换字体',0,3,46,'10.128.113.227','2018-11-14 08:46:28'),(1618,1,'2018-11-14',11,'刘永银',1,14,'电脑感染病毒','杀毒',0,3,46,'10.128.113.227','2018-11-14 08:47:37'),(1619,1,'2018-11-15',26,'王艺',1,8,'电脑没电，开不开机','增加插线板',0,9,46,'10.128.114.197','2018-11-15 00:35:54'),(1620,1,'2018-11-15',2,'杨雪梅',1,8,'上不去网','插网线，更换本地链接',0,9,46,'10.128.114.197','2018-11-15 00:46:04'),(1621,1,'2018-11-15',2,'赵佳丽',1,14,'无法上网','安装小助手',0,7,46,'10.128.114.119','2018-11-15 02:59:42'),(1622,1,'2018-11-15',16,'闫宜',1,14,'打印不了东西','分级电脑重新链接打印机',0,9,46,'10.128.114.197','2018-11-15 04:01:28'),(1623,1,'2018-11-15',11,'张琳',1,14,'清理电脑','清理电脑',0,9,46,'10.128.114.197','2018-11-15 04:02:53'),(1624,1,'2018-11-15',6,'赵琴琴',1,14,'追溯系统登不上去','追溯系统从新安装',0,9,46,'10.128.114.197','2018-11-15 06:56:20'),(1625,1,'2018-11-15',14,'杨雪梅',6,17,'没有注册深信服','注册上网',0,3,46,'10.128.114.199','2018-11-15 08:32:07'),(1626,1,'2018-11-15',8,'肖婧',1,14,'无法导入饲养信息','调整导入数据表格格式',0,3,46,'10.128.114.199','2018-11-15 08:38:50'),(1627,1,'2018-11-15',2,'王艺',1,14,'无法在FTP打开扫描文件','将文件拷贝到本地电脑',0,3,46,'10.128.114.199','2018-11-15 08:40:12'),(1628,1,'2018-11-16',14,'闫亭亭',1,14,'qq邮箱登不上去','允许认证',0,9,46,'10.128.115.67','2018-11-16 01:18:59'),(1629,1,'2018-11-16',14,'闫亭亭',1,14,'xp系统保存签呈为pdf','不支持',0,9,46,'10.128.115.67','2018-11-16 03:28:52'),(1630,1,'2018-11-16',11,'郭金蕊',3,5,'打印跳行','重新调试',0,9,46,'10.128.115.67','2018-11-16 04:10:16'),(1631,1,'2018-11-17',18,'杨艳',1,14,'增加上网权限','增加上网权限',0,9,46,'10.128.115.167','2018-11-17 04:48:23'),(1632,1,'2018-11-17',18,'李虹宇',1,14,'增加上网权限','增加上网权限',0,9,46,'10.128.115.167','2018-11-17 04:49:34'),(1633,1,'2018-11-19',14,'赵星楠',1,14,'链接打印机分级','链接打印机分级',0,9,47,'10.128.113.35','2018-11-19 04:09:41'),(1634,1,'2018-11-19',18,'李虹宇',1,14,'笔记本链接打印机','笔记本链接打印机',0,9,47,'10.128.113.35','2018-11-19 04:14:32'),(1635,1,'2018-11-19',18,'杨艳',1,14,'清理电脑，链接打印机','清理电脑，链接打印机',0,9,47,'10.128.113.35','2018-11-19 04:15:12'),(1636,1,'2018-11-19',14,'闫亭亭',1,14,'物料系统二级页面打不开','关闭弹窗拦截',0,9,47,'10.128.113.35','2018-11-19 05:21:48'),(1637,1,'2018-11-19',25,'梁丽艳',9,20,'液蛋二包间网线电话线换地方，增加线槽','液蛋二包间网线电话线换地方，增加线槽',0,9,47,'10.128.113.35','2018-11-19 08:09:58'),(1638,1,'2018-11-20',2,'刘翔鹤',1,14,'安装电脑，更改密码','安装电脑，更改密码',0,9,47,'10.128.113.188','2018-11-20 03:55:36'),(1639,1,'2018-11-20',2,'廉络',1,14,'无法登FTP','切换到办公网',0,3,47,'10.128.113.150','2018-11-20 05:09:27'),(1640,1,'2018-11-20',23,'王菁蕾',1,8,'笔记本接大屏幕无信号','将cpeeg网线换成内网网线',0,3,47,'10.128.113.150','2018-11-20 05:12:55'),(1641,1,'2018-11-20',19,'张艺凡',1,8,'黑屏','显示器电源线重插',0,9,47,'10.128.113.188','2018-11-20 05:14:13'),(1642,1,'2018-11-20',4,'蔡德华',7,15,'投料房监控密码忘记','重新设置密码',0,3,47,'10.128.113.150','2018-11-20 05:14:36'),(1643,1,'2018-11-21',13,'刘小二',1,8,'电脑组装','电脑组装',0,9,47,'10.128.114.31','2018-11-21 08:31:55'),(1644,1,'2018-11-21',19,'绪凌峰',1,14,'上不去网','重装网卡驱动',0,9,47,'10.128.114.31','2018-11-21 08:35:05'),(1645,1,'2018-11-22',2,'刘翔鹤',1,14,'安装vpn','安装VPN，配置平谷、上海VPN地址',0,7,47,'10.128.114.119','2018-11-22 02:53:32'),(1646,1,'2018-11-22',21,'许佳蕊',1,14,'笔记本上不去网','小助手重新认证',0,7,47,'10.128.114.119','2018-11-22 03:04:27'),(1647,1,'2018-11-22',18,'杜爱宇',1,14,'台式电脑上不去网','小助认证，将MAC地址添加到深信服中',0,7,47,'10.128.114.119','2018-11-22 03:05:42'),(1648,1,'2018-11-22',18,'杜爱宇',1,14,'清除电脑密码','清除电脑密码',0,3,47,'10.128.114.14','2018-11-22 08:58:36'),(1649,1,'2018-11-22',21,'崔进争',1,8,'笔记本USB鼠标无法使用','联系外部供应商',0,3,47,'10.128.114.14','2018-11-22 09:00:12'),(1650,1,'2018-11-22',1,'刘永银',1,14,'大屏幕备用机安装软件','大屏幕备用机安装软件',0,3,47,'10.128.114.14','2018-11-22 09:00:57'),(1651,1,'2018-11-22',1,'赵琴琴',1,14,'分级厂OPC边接不上','重新启动系统',0,3,47,'10.128.114.14','2018-11-22 09:02:32'),(1652,1,'2018-11-22',1,'刘永银',1,14,'SS服务器12无法在ILO下载日志','联系外部供应商',0,3,47,'10.128.114.14','2018-11-22 09:03:50'),(1653,1,'2018-11-22',6,'赵琴琴',1,14,'10.1.1.10无法远程','深信服放行 teamvier',0,3,47,'10.128.114.14','2018-11-22 09:06:02'),(1654,1,'2018-11-22',18,'杜爱宇',3,5,'安装打印机','安装打印机',0,3,47,'10.128.114.14','2018-11-22 09:12:08'),(1655,1,'2018-11-23',21,'张保英',6,17,'无法打开北京社保网站','查询是1网段cdn，修改hots文件，',0,1,47,'10.128.112.254','2018-11-23 01:48:08'),(1656,1,'2018-11-23',3,'冯渊',1,14,'物料系统上不去','更换网址',0,9,47,'10.128.115.16','2018-11-23 02:26:57'),(1657,1,'2018-11-23',18,'天津高敬欣',1,14,'链接打印机','链接打印机',0,9,47,'10.128.115.16','2018-11-23 02:27:51'),(1658,1,'2018-11-23',18,'杜爱宇',1,14,'安装OFFICE2010','安装OFFICE2010',0,3,47,'10.128.114.252','2018-11-23 02:53:40'),(1659,1,'2018-11-23',18,'杜爱宇',1,14,'两个浏览器不能同时开','重启电脑',0,3,47,'10.128.114.252','2018-11-23 02:54:24'),(1660,1,'2018-11-23',1,'王志超',9,20,'小空调冷凝水管整理','小空调冷凝水管整理',0,9,47,'10.128.115.16','2018-11-23 03:09:44'),(1661,1,'2018-11-26',23,'邓君平',1,19,'无法上网','小A检查，安装补丁',0,7,48,'10.128.114.119','2018-11-26 03:08:03'),(1662,1,'2018-11-26',11,'宋玉航',1,14,'windows10安装vpn和cpc','安装vpn和cpc',0,1,48,'10.128.112.254','2018-11-26 05:45:20'),(1663,1,'2018-11-26',14,'闫亭亭',1,14,'安装vpn','安装VPN、开通VPN权限',0,7,48,'10.128.114.119','2018-11-26 06:17:15'),(1664,1,'2018-11-26',14,'张琳',9,20,'手机如何访问SS系统','配置VPN，下载远程桌面连接APP',0,7,48,'10.128.114.119','2018-11-26 06:28:43'),(1665,1,'2018-11-26',17,'陈晶伟',1,14,'安装vpn','安装VPN',0,7,48,'10.128.114.119','2018-11-26 08:27:21'),(1666,1,'2018-11-26',14,'杨雪梅',1,14,'安装vpn','安装VPN、开通VPN权限',0,7,48,'10.128.114.119','2018-11-26 08:27:49'),(1667,1,'2018-11-27',2,'王艺',1,18,'安装远程软件','安装远程软件',0,3,48,'10.128.113.93','2018-11-27 01:00:01'),(1668,1,'2018-11-27',2,'魏小颖',1,14,'安装远程软件','安装远程软件',0,3,48,'10.128.113.93','2018-11-27 01:00:49'),(1669,1,'2018-11-27',2,'郭碧佳',1,14,'无法打印','重启软件',0,3,48,'10.128.113.93','2018-11-27 01:02:46'),(1670,1,'2018-11-27',4,'辛文鹏',6,17,'AP网络不稳定','更换连接线',0,3,48,'10.128.113.93','2018-11-27 01:03:54'),(1671,1,'2018-11-27',18,'张宁',3,5,'做打印机共享','做打印机共享',0,3,48,'10.128.113.93','2018-11-27 01:04:35'),(1672,1,'2018-11-27',2,'王涛',1,14,'安装远程软件','安装远程软件',0,3,48,'10.128.113.93','2018-11-27 01:05:37'),(1673,1,'2018-11-27',2,'廉络',1,14,'安装远程软件','安装远程软件',0,3,48,'10.128.113.93','2018-11-27 01:07:00'),(1674,1,'2018-11-27',14,'张琳',1,14,'vpn连接不上','用手机热点即可',0,1,48,'192.128.100.62','2018-11-27 01:56:51'),(1675,1,'2018-11-27',22,'朱琳',1,14,'安装上海vpn','安装上海vpn',0,1,48,'192.128.100.63','2018-11-27 03:49:14'),(1676,1,'2018-11-27',1,'王志超',7,16,'更换门口摄像头','更换门口摄像头',0,9,48,'10.128.113.96','2018-11-27 07:06:19'),(1677,1,'2018-11-27',17,'樊丽娟',1,14,'安装tv','安装tv',0,9,48,'10.128.113.96','2018-11-27 07:07:03'),(1678,1,'2018-11-28',2,'赵佳利',1,14,'电脑更换位置','电脑更换位置',0,9,48,'10.128.113.188','2018-11-28 00:36:10'),(1679,1,'2018-11-28',22,'秦鹏飞',1,14,'安装上海vpn和物料系统打开设置','远程安装',0,1,48,'10.128.112.254','2018-11-28 01:36:27'),(1680,1,'2018-11-28',11,'陈光',3,5,'无法打印','取消所有文档重新打印',0,3,48,'10.128.113.183','2018-11-28 03:18:33'),(1681,1,'2018-11-28',2,'薄会双',1,14,'安装远程软件','安装远程软件',0,3,48,'10.128.113.183','2018-11-28 03:20:45'),(1682,1,'2018-11-28',8,'李政',7,15,'办公室监控不显示','导入到分组',0,3,48,'10.128.113.183','2018-11-28 03:22:21'),(1683,1,'2018-11-28',18,'张宁',3,5,'打印机脱机','重启打印服务',0,3,48,'10.128.113.183','2018-11-28 09:14:40'),(1684,1,'2018-11-28',2,'刘阳',1,14,'安装远程软件','安装远程软件',0,3,48,'10.128.113.183','2018-11-28 09:15:21'),(1685,1,'2018-11-29',18,'天津高敬欣',1,14,'打印机不打印','重启打印服务',0,9,48,'10.128.114.33','2018-11-29 01:30:13'),(1686,1,'2018-11-29',2,'王艺',1,14,'电脑死机','重新启动',0,3,48,'10.128.114.5','2018-11-29 01:57:20'),(1687,1,'2018-11-29',2,'朱冰冰',1,8,'开机黑屏','擦拭内存条',0,9,48,'10.128.114.33','2018-11-29 04:28:14'),(1688,1,'2018-12-02',18,'彭艳楠',1,14,'安装远程软件','安装远程软件',0,3,48,'10.128.114.176','2018-12-02 06:03:27'),(1689,1,'2018-12-02',8,'肖婧',7,12,'开监控权限','开监控权限',0,3,48,'10.128.114.176','2018-12-02 06:04:28'),(1690,1,'2018-12-02',14,'闫亭亭',1,14,'无法打开物料系统','远程公司电脑',0,3,48,'10.128.114.176','2018-12-02 06:05:37'),(1691,1,'2018-12-02',6,'赵琴琴',1,14,'10.1.1.6 OPC报错','关掉所有程序重新启动',0,3,48,'10.128.114.176','2018-12-02 06:47:29'),(1692,1,'2018-12-03',11,'陈光',7,15,'5个监控不显示','更换集中供电',0,9,49,'10.128.114.33','2018-12-03 01:03:33'),(1693,1,'2018-12-04',22,'冯渊',1,14,'安装VPN（平谷&上海）','安装VPN（平谷&上海）',0,1,49,'10.128.112.254','2018-12-04 01:42:06'),(1694,1,'2018-12-04',19,'杨丽红',1,14,'上传文件','上传文件',0,9,49,'10.128.114.33','2018-12-04 02:14:52'),(1695,1,'2018-12-04',2,'张珺轩',1,14,'SAP打印不了','更换打印机驱动',0,9,49,'10.128.114.33','2018-12-04 02:15:33'),(1696,1,'2018-12-04',23,'邓君平',1,14,'打印机不打印','清理电脑，重扫小啊，链接打印机',0,9,49,'10.128.114.33','2018-12-04 03:10:45'),(1697,1,'2018-12-04',4,'蔡得华',9,20,'三台台式主机安装UPS电源','三台台式主机安装UPS电源',0,1,49,'10.128.112.254','2018-12-04 04:56:39'),(1698,1,'2018-12-04',22,'朱琳',9,20,'物采电脑不能访问淘宝天猫京东','深信服添加物采部门访问淘宝天猫京东策略',0,1,49,'10.128.112.254','2018-12-04 05:18:08'),(1699,1,'2018-12-04',23,'邓君平',1,14,'上不去网','重新认证部门',0,7,49,'10.128.114.119','2018-12-04 05:46:56'),(1700,1,'2018-12-04',14,'赵星楠',3,5,'无法打印','取消暂停打印',0,3,49,'10.128.115.119','2018-12-04 05:51:34'),(1701,1,'2018-12-04',6,'张微',6,17,'201无法上网','重启光猫',0,3,49,'10.128.115.119','2018-12-04 05:52:34'),(1702,1,'2018-12-04',6,'卢旭东',1,18,'电脑不开机','重装系统',0,3,49,'10.128.115.119','2018-12-04 05:53:25'),(1703,1,'2018-12-04',23,'陈云平',9,20,'剪辑宣传片','剪辑宣传片',0,3,49,'10.128.115.119','2018-12-04 05:54:25'),(1704,1,'2018-12-04',23,'任建',1,14,'OA两页如何打印在一张纸上','用金山PDF一张多页打印',0,3,49,'10.128.115.119','2018-12-04 05:57:26'),(1705,1,'2018-12-04',2,'孙睿',3,5,'无法打印','小A扫描认证安检',0,3,49,'10.128.115.119','2018-12-04 05:58:34'),(1706,1,'2018-12-04',21,'石欣旺',3,5,'无法打印','小A扫描认证安检',0,3,49,'10.128.115.119','2018-12-04 05:59:27'),(1707,1,'2018-12-05',11,'唐国才',1,18,'重装系统.赛门铁克.SAP','重装系统.赛门铁克.SAP',0,9,49,'10.128.114.33','2018-12-05 07:38:17'),(1708,1,'2018-12-05',24,'姜伟',3,6,'卡纸','取出卡纸',0,9,49,'10.128.114.33','2018-12-05 07:42:12'),(1709,1,'2018-12-06',22,'朱琳',1,14,'电脑白屏，','清理电脑缓存，重启服务',0,9,49,'10.128.114.33','2018-12-06 03:19:31'),(1710,1,'2018-12-06',12,'梁丽艳',1,14,'电脑卡慢','清理电脑',0,9,49,'10.128.114.33','2018-12-06 04:27:26'),(1711,1,'2018-12-06',23,'杨关骏',1,8,'笔记本增加内存条','笔记本增加内存条',0,9,49,'10.128.114.33','2018-12-06 08:24:31'),(1712,1,'2018-12-06',18,'杜爱宇',1,14,'微信无法发图片','深信服配置策略',0,3,49,'10.128.112.70','2018-12-06 09:25:08'),(1713,1,'2018-12-07',18,'朱建敏',1,14,'VPN无法连接','远程桌面协助',0,7,49,'10.128.114.119','2018-12-07 01:50:26'),(1714,1,'2018-12-07',18,'李延聪',6,13,'上网认证注册','上网认证注册',0,3,49,'10.128.113.211','2018-12-07 06:57:41'),(1715,1,'2018-12-07',18,'付小倩',6,13,'上网认证注册','上网认证注册',0,3,49,'10.128.113.211','2018-12-07 06:58:45'),(1716,1,'2018-12-07',4,'蔡德华',1,8,'电脑不开机','重新插拔内存',0,3,49,'10.128.113.211','2018-12-07 06:59:34'),(1717,1,'2018-12-09',23,'何平',1,14,'不能打印','重启电脑',0,9,49,'10.128.114.46','2018-12-09 08:08:25'),(1718,1,'2018-12-10',26,'杜爱宇',1,14,'不打印','重设默认打印机',0,9,50,'10.128.114.46','2018-12-10 02:13:17'),(1719,1,'2018-12-10',22,'李淑贤',1,14,'WIN7需要激活','激活WIN7',0,3,50,'10.128.114.153','2018-12-10 10:28:20'),(1720,1,'2018-12-10',2,'赵佳丽',3,5,'复印内容有横道','清洁打印机玻璃',0,3,50,'10.128.114.153','2018-12-10 10:29:17'),(1721,1,'2018-12-10',13,'陈海波',3,5,'安装打印机','安装打印机',0,3,50,'10.128.114.153','2018-12-10 10:29:54'),(1722,1,'2018-12-10',8,'李政',7,12,'调试监控','调式监控',0,3,50,'10.128.114.153','2018-12-10 10:30:42'),(1723,1,'2018-12-10',18,'杜爱宇',1,14,'安装WM','安装WM',0,3,50,'10.128.114.153','2018-12-10 10:31:32'),(1724,1,'2018-12-11',22,'朱琳',1,14,'开不了机','自动修复',0,9,50,'10.128.114.46','2018-12-11 01:14:05'),(1725,1,'2018-12-11',13,'陈海波',3,6,'打印机不进纸','清理送纸轮',0,9,50,'10.128.114.46','2018-12-11 01:15:43'),(1726,1,'2018-12-11',25,'梁丽艳',3,6,'打印机不进纸','清理送纸轮',0,9,50,'10.128.114.46','2018-12-11 01:17:40'),(1727,1,'2018-12-11',19,'苗雅迪',1,14,'登陆不上麦当劳系统','重新安装谷歌 火狐浏览器',0,9,50,'10.128.114.46','2018-12-11 05:05:21'),(1728,1,'2018-12-11',18,'赵梓晨',1,14,'安装打印机','安装小助手、杀毒软件、上网认证、打印机驱动',0,7,50,'10.128.114.119','2018-12-11 07:15:42'),(1729,1,'2018-12-12',13,'刘小二',1,8,'开机不显示','更换显卡',0,9,50,'10.128.114.46','2018-12-12 02:08:35'),(1730,1,'2018-12-12',2,'王涛',1,14,'表格不能用','关闭程序重开',0,9,50,'10.128.114.46','2018-12-12 02:09:56'),(1731,1,'2018-12-12',8,'李政',7,16,'青年鸡办公室外侧监控移至消毒间','青年鸡办公室外侧监控移至消毒间',0,9,50,'10.128.114.46','2018-12-12 02:11:31'),(1732,1,'2018-12-12',1,'王志超',9,20,'硬盘录像机报警','重启254硬盘录像机',0,9,50,'10.128.114.46','2018-12-12 05:37:11'),(1733,1,'2018-12-13',18,'杜爱宇',1,8,'更换内存条','更换内存条',0,9,50,'10.128.113.7','2018-12-13 01:33:21'),(1734,1,'2018-12-13',21,'石欣旺',9,20,'打卡机脱机','重新设置',0,3,50,'10.128.115.248','2018-12-13 08:52:27'),(1735,1,'2018-12-13',18,'杜爱宇',3,5,'物料系统无法打印','设置浏览器插件',0,3,50,'10.128.115.248','2018-12-13 09:02:16'),(1736,1,'2018-12-14',23,'王箐蕾',7,12,'查看参观走廊一楼监控回放','查看参观走廊一楼监控回放',0,9,50,'10.128.113.7','2018-12-14 01:52:37'),(1737,1,'2018-12-14',2,'高慧',1,14,'安装vpn','安装VPN、开通VPN权限',0,7,50,'10.128.114.119','2018-12-14 03:51:04'),(1738,1,'2018-12-14',22,'李淑贤',1,14,'打不开淘宝图片和PDF文件打不开','修改host文件和重新安装abode reader',0,1,50,'10.128.112.254','2018-12-14 06:45:06'),(1739,1,'2018-12-14',2,'李晓东',1,8,'更换硬盘','更换硬盘',0,9,50,'10.128.113.7','2018-12-14 07:04:58'),(1740,1,'2018-12-14',2,'李晓东',1,14,'安装SAP，赛门铁克，办公软件','安装SAP，赛门铁克，办公软件',0,9,50,'10.128.113.7','2018-12-14 07:24:03'),(1741,1,'2018-12-16',13,'朱军',3,6,'打印提示打印机模式不对','重新推拉纸盒，识别A4纸张，纸盒接触有问题',0,2,50,'10.128.114.30','2018-12-16 04:35:29'),(1742,1,'2018-12-17',14,'闫亭亭',1,14,'QQ无法发送文件和图片','小A认证，将MAC添加到深信服中',0,7,51,'10.128.114.119','2018-12-17 06:58:07'),(1743,1,'2018-12-18',23,'张敬华',1,14,'增加上网权限，安装小A','增加上网权限，安装小A',0,9,51,'10.128.114.42','2018-12-18 02:35:06');
/*!40000 ALTER TABLE `hardware_problem` ENABLE KEYS */;
UNLOCK TABLES;

--
-- Table structure for table `hardware_type`
--

DROP TABLE IF EXISTS `hardware_type`;
/*!40101 SET @saved_cs_client     = @@character_set_client */;
/*!40101 SET character_set_client = utf8 */;
CREATE TABLE `hardware_type` (
  `t_id` int(5) unsigned NOT NULL AUTO_INCREMENT COMMENT '维护类型ID',
  `type` char(20) NOT NULL COMMENT '维护类型',
  `o_id` int(5) NOT NULL COMMENT '对象id',
  PRIMARY KEY (`t_id`)
) ENGINE=MyISAM AUTO_INCREMENT=23 DEFAULT CHARSET=utf8 COMMENT='维护类型';
/*!40101 SET character_set_client = @saved_cs_client */;

--
-- Dumping data for table `hardware_type`
--

LOCK TABLES `hardware_type` WRITE;
/*!40000 ALTER TABLE `hardware_type` DISABLE KEYS */;
INSERT INTO `hardware_type` VALUES (1,'电话安装',8),(2,'网络安装',8),(3,'监控安装',8),(4,'电话打不通',2),(5,'打印机调试',3),(6,'打印机硬件',3),(7,'电话调试',2),(8,'电脑硬件',1),(9,'服务器软件',4),(10,'服务器硬件',4),(11,'机器人维护',5),(12,'监控录像存读',7),(13,'上网认证注册',6),(14,'电脑软件维护',1),(15,'监控图像不显示',7),(16,'监控位置调整',7),(17,'无法上网',6),(18,'电脑系统安装',1),(19,'电脑系统优化',1),(20,'其他',9),(21,'机器人演示',5),(22,'订餐人员变更',10);
/*!40000 ALTER TABLE `hardware_type` ENABLE KEYS */;
UNLOCK TABLES;

--
-- Table structure for table `submit_user`
--

DROP TABLE IF EXISTS `submit_user`;
/*!40101 SET @saved_cs_client     = @@character_set_client */;
/*!40101 SET character_set_client = utf8 */;
CREATE TABLE `submit_user` (
  `Sub_id` int(6) unsigned NOT NULL AUTO_INCREMENT COMMENT '提交人ID',
  `Sub_name` char(20) NOT NULL COMMENT '提报人名字',
  PRIMARY KEY (`Sub_id`)
) ENGINE=MyISAM DEFAULT CHARSET=utf8 COMMENT='提报人表';
/*!40101 SET character_set_client = @saved_cs_client */;

--
-- Dumping data for table `submit_user`
--

LOCK TABLES `submit_user` WRITE;
/*!40000 ALTER TABLE `submit_user` DISABLE KEYS */;
/*!40000 ALTER TABLE `submit_user` ENABLE KEYS */;
UNLOCK TABLES;

--
-- Table structure for table `system_module`
--

DROP TABLE IF EXISTS `system_module`;
/*!40101 SET @saved_cs_client     = @@character_set_client */;
/*!40101 SET character_set_client = utf8 */;
CREATE TABLE `system_module` (
  `m_id` int(5) unsigned NOT NULL AUTO_INCREMENT COMMENT 'id',
  `M_name` char(20) DEFAULT NULL COMMENT '模块名称',
  PRIMARY KEY (`m_id`)
) ENGINE=MyISAM AUTO_INCREMENT=101 DEFAULT CHARSET=utf8 COMMENT='模块表';
/*!40101 SET character_set_client = @saved_cs_client */;

--
-- Dumping data for table `system_module`
--

LOCK TABLES `system_module` WRITE;
/*!40000 ALTER TABLE `system_module` DISABLE KEYS */;
INSERT INTO `system_module` VALUES (1,'销售'),(2,'总账'),(3,'OA'),(4,'SAP'),(5,'饲料厂'),(6,'分级厂'),(7,'农场'),(8,'深加工'),(9,'液蛋厂');
/*!40000 ALTER TABLE `system_module` ENABLE KEYS */;
UNLOCK TABLES;

--
-- Table structure for table `system_problem`
--

DROP TABLE IF EXISTS `system_problem`;
/*!40101 SET @saved_cs_client     = @@character_set_client */;
/*!40101 SET character_set_client = utf8 */;
CREATE TABLE `system_problem` (
  `p_id` int(8) unsigned NOT NULL AUTO_INCREMENT COMMENT '问题ID',
  `a_id` int(8) DEFAULT NULL COMMENT '地区ID',
  `p_date` date NOT NULL COMMENT '提交日期',
  `m_id` int(5) NOT NULL COMMENT '模块ID',
  `s_id` int(5) NOT NULL COMMENT '统系类型ID',
  `submit_user` char(20) DEFAULT NULL COMMENT '报人提',
  `problem` varchar(100) DEFAULT NULL COMMENT '问题',
  `method` varchar(100) DEFAULT NULL COMMENT '处理方法',
  `u_id` int(5) NOT NULL COMMENT '处理人ID',
  `status` int(4) DEFAULT NULL COMMENT '处理状态',
  `week` int(8) unsigned DEFAULT NULL COMMENT '第几周',
  `ip_address` varchar(40) NOT NULL COMMENT 'ip地址',
  `create_time` timestamp NOT NULL DEFAULT CURRENT_TIMESTAMP ON UPDATE CURRENT_TIMESTAMP COMMENT '创建时间',
  PRIMARY KEY (`p_id`),
  KEY `u_id` (`u_id`)
) ENGINE=MyISAM AUTO_INCREMENT=4102 DEFAULT CHARSET=utf8 COMMENT='问题表';
/*!40101 SET character_set_client = @saved_cs_client */;

--
-- Dumping data for table `system_problem`
--

LOCK TABLES `system_problem` WRITE;
/*!40000 ALTER TABLE `system_problem` DISABLE KEYS */;
INSERT INTO `system_problem` VALUES (1,1,'2017-01-01',6,7,'辛奇','51700240','GBM66000、EGGM0710',5,NULL,52,'','2018-02-22 07:10:07'),(2,1,'2017-01-01',6,7,'辛奇','51503240','GBM66000、EGGM0710',5,NULL,52,'','2018-02-22 07:10:07'),(3,1,'2017-01-01',6,7,'辛奇','51008241','GBM66000、EGGM0710',5,NULL,52,'','2018-02-22 07:08:30'),(4,1,'2017-01-01',6,7,'辛奇','51004242','GBM66000、EGGM0710',5,NULL,52,'','2018-02-22 07:08:30'),(5,1,'2017-01-01',6,7,'辛奇','51020012','GBM66000、EGGM0710',5,NULL,52,'','2018-02-22 07:08:30'),(6,1,'2017-01-02',6,7,'辛奇','51004242','GBM66000、EGGM0710',5,NULL,1,'','2018-02-22 06:44:23'),(7,1,'2017-01-03',6,7,'李小静','手工开磅','修改INI信息设定',5,NULL,1,'','2018-02-22 06:44:23'),(8,1,'2017-01-03',8,5,'陈海波','411701D000001','删除',5,NULL,1,'','2018-02-22 06:44:23'),(9,1,'2017-01-03',1,3,'王海霞','供应商结算方式变更','北京总部协助',5,NULL,1,'','2018-02-22 06:44:23'),(10,1,'2017-01-03',1,3,'杜爱宇','微信总店增加运输线路','DCM06000',5,NULL,1,'','2018-02-22 06:44:23'),(11,1,'2017-01-03',1,7,'张宁','GBM36000SLM01930DCM09000SHSI1510','LIANGY',5,NULL,1,'','2018-02-22 06:44:23'),(12,1,'2017-01-03',5,1,'王哲宇','STI17100结账报错','写说明发张驰（F019815500信息错误）',5,NULL,1,'','2018-02-22 06:44:23'),(13,1,'2017-01-03',1,3,'张宁','中国汽车工业工程有限公司','GBM15000-18000；链接线路',5,NULL,1,'','2018-02-22 06:44:23'),(14,1,'2017-01-03',1,3,'梁瑞雪','中化聚缘企业管理（北京）有限公司（中化大厦）','GBM15000-18000；链接线路',5,NULL,1,'','2018-02-22 06:44:23'),(15,1,'2017-01-03',1,3,'梁瑞雪','中化聚缘企业管理（北京）有限公司（凯晨世贸）','GBM15000-18000；链接线路',5,NULL,1,'','2018-02-22 06:44:23'),(16,1,'2017-01-03',2,3,'许泽云','更新税号-多米诺标识科技有限公司','上海服务器、GBM15000',5,NULL,1,'','2018-02-22 06:44:23'),(17,1,'2017-01-04',1,1,'廉络','已走完货的单子仍在RCI01900显示','程序员解决',5,NULL,1,'','2018-02-22 06:44:23'),(18,1,'2017-01-04',1,3,'李益如','供应商，多点生活（中国）网络科技有限公司110108336463754','GBM15000，16000',5,NULL,1,'','2018-02-22 06:44:23'),(19,1,'2017-01-04',2,7,'冯渊','范围操作设置','加20450',5,NULL,1,'','2018-02-22 06:44:23'),(20,1,'2017-01-04',1,3,'彭艳楠','北京福祥斋商贸有限公司 BJ505014','GBM15000-18000；链接线路',5,NULL,1,'','2018-02-22 06:44:23'),(21,1,'2017-01-04',2,5,'董伟国','重置密码','renj',5,NULL,1,'','2018-02-22 06:44:23'),(22,1,'2017-01-04',5,7,'杜雪松','94036改为标包','GBM29000',5,NULL,1,'','2018-02-22 06:44:23'),(23,1,'2017-01-04',2,5,'冯渊','E4761611020034','PUI03000',5,NULL,1,'','2018-02-22 06:44:23'),(24,1,'2017-01-04',1,5,'许泽云','确认调拨单','确认',5,NULL,1,'','2018-02-22 06:44:23'),(25,1,'2017-01-04',8,5,'赵权玺','FMP17100重新打印','',5,NULL,1,'','2018-02-22 06:44:23'),(26,1,'2017-01-04',6,7,'宋宇航','手工开磅','修改INI信息设定',5,NULL,1,'','2018-02-22 06:44:23'),(27,1,'2017-01-05',2,3,'张晓磊','供应商：卫辉市宏达烘干机械设备厂 211551','GBM1500016000',5,NULL,1,'','2018-02-22 06:44:23'),(28,1,'2017-01-05',1,3,'朱让让','增加仓位','GBM17000-18000；链接线路',5,NULL,1,'','2018-02-22 06:44:23'),(29,1,'2017-01-05',1,3,'马红峪','北京四有青年餐饮管理有限公司 BJ505015','GBM15000-18000；链接线路',5,NULL,1,'','2018-02-22 06:44:23'),(30,1,'2017-01-05',8,5,'梁丽艳','98685、99949','核销',5,NULL,1,'','2018-02-22 06:44:23'),(31,1,'2017-01-05',8,5,'梁丽艳','62单日期','修改',5,NULL,1,'','2018-02-22 06:44:23'),(32,1,'2017-01-05',6,7,'宋宇航','手工开磅','修改INI信息设定',5,NULL,1,'','2018-02-22 06:44:23'),(33,1,'2017-01-05',1,5,'刘小二','RT负库存核销后出现箱数、盒数不对应','IA协助解决',5,NULL,1,'','2018-02-22 06:44:23'),(34,1,'2017-01-05',1,3,'杜爱宇','增加仓位','GBM17000-18000；链接线路',5,NULL,1,'','2018-02-22 06:44:23'),(35,1,'2017-01-05',1,3,'李晓东/彭艳楠','HB307001 暂停后启用','由赊销改为现销',5,NULL,1,'','2018-02-22 06:44:23'),(36,1,'2017-01-06',8,7,'梁丽艳','核销产品正负库存','核销',5,NULL,1,'','2018-02-22 06:44:23'),(37,1,'2017-01-06',6,7,'冯渊','四家供应商共30笔采购单','截单',5,NULL,1,'','2018-02-22 06:44:23'),(38,1,'2017-01-06',1,2,'高洁','唐山市方辉商贸有限公司  由供应商变成客户&更新税号','GBM15000-18000；链接线路',5,NULL,1,'','2018-02-22 06:44:23'),(39,1,'2017-01-06',6,7,'宋宇航','手工开磅','修改INI信息设定',5,NULL,1,'','2018-02-22 06:44:23'),(40,1,'2017-01-06',5,7,'史帅鹏','重新注销RFID卡17张','删除、重建',5,NULL,1,'','2018-02-22 06:44:23'),(41,1,'2017-01-07',5,7,'','15种小料维护','非标改标包、修改规格、成本组01改A1',5,NULL,1,'','2018-02-22 06:44:23'),(42,1,'2017-01-07',6,7,'毕建广','手工开磅','修改INI信息设定',5,NULL,1,'','2018-02-22 06:44:23'),(43,1,'2017-01-07',8,5,'刘马春','删除单子','删除',5,NULL,1,'','2018-02-22 06:44:23'),(44,1,'2017-01-08',1,3,'张宁','中国电子科技集团公司第五十三研究所TJ502015','GBM15000-18000；链接线路',5,NULL,1,'','2018-02-22 06:44:23'),(45,1,'2017-01-08',6,7,'毕建广','手工开磅','修改INI信息设定',5,NULL,1,'','2018-02-22 06:44:23'),(46,1,'2017-01-08',5,5,'杜雪松','更改采购申请单','FMM35000',5,NULL,1,'','2018-02-22 06:44:23'),(47,1,'2017-01-09',1,5,'彭艳楠','退货移库','移库',5,NULL,2,'','2018-02-22 06:44:23'),(48,1,'2017-01-09',1,3,'廉络','变更账期额度','上海爱一特SH402002',5,NULL,2,'','2018-02-22 06:44:23'),(49,1,'2017-01-09',1,3,'魏小颖','销户','000495 张宁（停用)',5,NULL,2,'','2018-02-22 06:44:23'),(50,1,'2017-01-09',2,3,'何凤鹏','北京绿谷宝业建筑装饰有限公司 211552','GBM15000-16000',5,NULL,2,'','2018-02-22 06:44:23'),(51,1,'2017-01-09',5,5,'朱磊','司机混卡，已卸货','开磅',5,NULL,2,'','2018-02-22 06:44:23'),(52,1,'2017-01-09',1,3,'廉络','变更账期额度','上海世达SH302014',5,NULL,2,'','2018-02-22 06:44:23'),(53,1,'2017-01-09',1,3,'廉络','变更账期额度','上海爱一特SH402002',5,NULL,2,'','2018-02-22 06:44:23'),(54,1,'2017-01-09',1,3,'廉络','变更账期额度','上海外轮SH302009',5,NULL,2,'','2018-02-22 06:44:23'),(55,1,'2017-01-09',1,3,'姬小飞','秦皇岛兴龙广缘商业连锁有限公司 HB054003','GBM15000-18000；链接线路',5,NULL,2,'','2018-02-22 06:44:23'),(56,1,'2017-01-09',1,3,'姬小飞','沈阳今旅饭店有限公司 LN502002','GBM15000-18000；链接线路',5,NULL,2,'','2018-02-22 06:44:23'),(57,1,'2017-01-09',2,3,'李淑贤','供应商，北京恒晟厚泰科技有限公司91110105MA003DQ476','设定',5,NULL,2,'','2018-02-22 06:44:23'),(58,1,'2017-01-09',2,3,'李淑贤','SS系统供应商税号与物采系统不一致，导致青年鸡看不到要确认的订单','更新税号与物采系统一致',5,NULL,2,'','2018-02-22 06:44:23'),(59,1,'2017-01-09',6,7,'张宁','手工开磅','修改INI信息设定',5,NULL,2,'','2018-02-22 06:44:23'),(60,1,'2017-01-09',1,3,'张宁','增加仓位','GBM15000；链接线路',5,NULL,2,'','2018-02-22 06:44:23'),(61,1,'2017-01-10',5,5,'蔡得华','删除单据6笔','删单',5,NULL,2,'','2018-02-22 06:44:23'),(62,1,'2017-01-10',5,5,'杜雪松','删除单据5笔','删单',5,NULL,2,'','2018-02-22 06:44:23'),(63,1,'2017-01-10',5,7,'蔡得华/杜雪松','对应合同号关闭，手工补录','开磅',5,NULL,2,'','2018-02-22 06:44:23'),(64,1,'2017-01-10',6,7,'毕建广','手工开磅','修改INI信息设定',5,NULL,2,'','2018-02-22 06:44:23'),(65,1,'2017-01-11',2,5,'张宝英','重置密码','重置密码',5,NULL,2,'','2018-02-22 06:44:23'),(66,1,'2017-01-11',1,5,'杨燕','50发货单日期','修改日期',5,NULL,2,'','2018-02-22 06:44:23'),(67,1,'2017-01-11',1,2,'朱琳','由供应商添加信息为客户 合阳秦顺','GBM17000-18000；链接线路',5,NULL,2,'','2018-02-22 06:44:23'),(68,1,'2017-01-11',1,3,'刘祥鹤','210145账目并至215467','设定',5,NULL,2,'','2018-02-22 06:44:23'),(69,1,'2017-01-11',1,3,'马红峪','私人定制开子户：私人定制签呈','设定',5,NULL,2,'','2018-02-22 06:44:23'),(70,1,'2017-01-11',6,7,'毕建广','手工开磅','修改INI信息设定',5,NULL,2,'','2018-02-22 06:44:23'),(71,1,'2017-01-12',1,5,'马鑫宇','对应车牌号库存不足点击确认','手动发送',5,NULL,2,'','2018-02-22 06:44:23'),(72,1,'2017-01-12',1,3,'冯渊','供应商买鸡蛋211299','设定',5,NULL,2,'','2018-02-22 06:44:23'),(73,1,'2017-01-12',2,3,'张晓磊','青岛华泰锅炉热电设备有限公司 211553','设定',5,NULL,2,'','2018-02-22 06:44:23'),(74,1,'2017-01-13',2,5,'王海霞','PVM03000取消已付款项5笔','删除',5,NULL,2,'','2018-02-22 06:44:23'),(75,1,'2017-01-13',1,3,'何凤鹏','北京市五环顺通物流中心 211554','GBM15000-16000',5,NULL,2,'','2018-02-22 06:44:23'),(76,1,'2017-01-13',6,7,'毕建广','手工开磅','修改INI信息设定',5,NULL,2,'','2018-02-22 06:44:23'),(77,1,'2017-01-13',2,3,'何平','211271添加银行、账号','GBM20000',5,NULL,2,'','2018-02-22 06:44:23'),(78,1,'2017-01-14',1,1,'朱军','春节礼盒产品SS系统库存与WM库存不一致','联系IA',2,NULL,2,'','2018-02-22 06:44:23'),(79,1,'2017-01-14',1,5,'杜爱宇','删除50单据','联系IA',2,NULL,2,'','2018-02-22 06:44:23'),(80,1,'2017-01-16',1,3,'彭艳楠','变更账期额度','SD402001',5,NULL,3,'','2018-02-22 06:44:23'),(81,1,'2017-01-16',1,3,'彭艳楠','变更账期额度','HB402004',5,NULL,3,'','2018-02-22 06:44:23'),(82,1,'2017-01-16',1,3,'梁瑞雪','变更地址/联系方式','中化金茂物业管理（北京）有限公司',5,NULL,3,'','2018-02-22 06:44:23'),(83,1,'2017-01-16',1,3,'秦鹏飞','衡水精工橡塑制品有限公司','设定',5,NULL,3,'','2018-02-22 06:44:23'),(84,1,'2017-01-16',1,5,'','SRM03000','删除',5,NULL,3,'','2018-02-22 06:44:23'),(85,1,'2017-01-16',1,3,'梁瑞雪','中化金茂物业管理（北京）有限公司','设定',5,NULL,3,'','2018-02-22 06:44:23'),(86,1,'2017-01-16',1,3,'冯渊','供应商卖鸡蛋 211525','设定',5,NULL,3,'','2018-02-22 06:44:23'),(87,1,'2017-01-16',6,7,'毕建广','手工开磅','修改INI信息设定',5,NULL,3,'','2018-02-22 06:44:23'),(88,1,'2017-01-16',1,3,'冯渊','供应商卖鸡蛋 211293','设定',5,NULL,3,'','2018-02-22 06:44:23'),(89,1,'2017-01-17',8,5,'梁丽艳','修改62单日期','修改',5,NULL,3,'','2018-02-22 06:44:23'),(90,1,'2017-01-17',8,7,'陈海波','增加DYPC01仓位','STM19000WMM05000',5,NULL,3,'','2018-02-22 06:44:23'),(91,1,'2017-01-17',9,5,'黄佩臣','修改61单日期','修改',5,NULL,3,'','2018-02-22 06:44:23'),(92,1,'2017-01-17',1,5,'张宁','RT仓位散盒移至AA01报错','移库至PB',5,NULL,3,'','2018-02-22 06:44:23'),(93,1,'2017-01-17',1,3,'张宁','天津世经源食品科技有限公司','设定',5,NULL,3,'','2018-02-22 06:44:23'),(94,1,'2017-01-17',1,3,'张宁','天津开发区捷好标准食品有限公司','设定',5,NULL,3,'','2018-02-22 06:44:23'),(95,1,'2017-01-17',1,3,'梁瑞雪','变更账期额度','四有青年 BJ505015',5,NULL,3,'','2018-02-22 06:44:23'),(96,1,'2017-01-17',6,7,'毕建广','手工开磅','修改INI信息设定',5,NULL,3,'','2018-02-22 06:44:23'),(97,1,'2017-01-18',8,5,'梁丽艳','修改62单日期','修改',5,NULL,3,'','2018-02-22 06:44:23'),(98,1,'2017-01-18',8,1,'梁丽艳','PP01库存剩余0.002KG，但做损耗时显示-0.048KG','联系IA反馈程序员解决',5,NULL,3,'','2018-02-22 06:44:23'),(99,1,'2017-01-18',1,5,'廉络','已审核、已打印单据删除','RS1701E00147',5,NULL,3,'','2018-02-22 06:44:23'),(100,1,'2017-01-18',1,3,'张宁','增加仓位','HB201109',5,NULL,3,'','2018-02-22 06:44:23'),(101,1,'2017-01-18',1,3,'张宁','增加仓位','HB201111',5,NULL,3,'','2018-02-22 06:44:23'),(102,1,'2017-01-18',2,3,'朱琳','供应商：大连新悦包装有限公司 211556','GBM15000-16000；GBM20000',5,NULL,3,'','2018-02-22 06:44:23'),(103,1,'2017-01-18',1,3,'张宁','增加仓位','TJ502017',5,NULL,3,'','2018-02-22 06:44:23'),(104,1,'2017-01-18',1,7,'梁英','开权限','',5,NULL,3,'','2018-02-22 06:44:23'),(105,1,'2017-01-18',1,5,'刘洋','修改日期','修改',5,NULL,3,'','2018-02-22 06:44:23'),(106,1,'2017-01-19',8,5,'李小静','入库过程中下单，系统未来得及抓取正在入库的数','手动发送',5,NULL,3,'','2018-02-22 06:44:23'),(107,1,'2017-01-19',1,5,'张宁','人为操作错误','双击选择不能手工输入',5,NULL,3,'','2018-02-22 06:44:23'),(108,1,'2017-01-19',1,5,'刘小二','RS1701E00158','删除',5,NULL,3,'','2018-02-22 06:44:23'),(109,1,'2017-01-20',1,5,'马鑫宇','16日单据占用','',5,NULL,3,'','2018-02-22 06:44:23'),(110,1,'2017-01-20',6,5,'宋宇航','PO单','删除',5,NULL,3,'','2018-02-22 06:44:23'),(111,1,'2017-01-20',1,5,'冯渊','000888支票在途未承兑，未入账','反馈给冯渊、订单组',5,NULL,3,'','2018-02-22 06:44:23'),(112,1,'2017-01-20',9,5,'赵伟','65单确认日期有误','删除确认单',5,NULL,3,'','2018-02-22 06:44:23'),(113,1,'2017-01-20',9,5,'赵伟','65是A302转移出库的单据，64是D101转移入库的单据，72是D101代码变更出库，71是D101代码变更入库','STM15003修改日期：A302的65、D101的61、72、71',5,NULL,3,'','2018-02-22 06:44:23'),(114,1,'2017-01-20',1,2,'马红峪','BJ200005 已暂停客户启用','修改状态',5,NULL,3,'','2018-02-22 06:44:23'),(115,1,'2017-01-20',1,3,'马红峪','增加仓位214993','GBM17000、链接线路',5,NULL,3,'','2018-02-22 06:44:23'),(116,1,'2017-01-20',1,3,'梁瑞雪','北京九州嘉禾科贸有限公司 BJ505018','添加业务；GBM15000-18000；链接线路',5,NULL,3,'','2018-02-22 06:44:23'),(117,1,'2017-01-20',1,3,'秦鹏飞','北京向阳程茂商贸有限公司','设定',5,NULL,3,'','2018-02-22 06:44:23'),(118,1,'2017-01-20',1,3,'马红峪','上海祥如食品有限公司','设定',5,NULL,3,'','2018-02-22 06:44:23'),(119,1,'2017-01-20',1,3,'马红峪','上海能的贸易有限公司','设定',5,NULL,3,'','2018-02-22 06:44:23'),(120,1,'2017-01-20',1,5,'刘洋','修改日期','修改',5,NULL,3,'','2018-02-22 06:44:23'),(121,1,'2017-01-20',7,7,'李淑贤','0128农场系统青年鸡看不到物料系统的采购单据','提交IA检查，物料系统换端口，重走流程',5,NULL,3,'','2018-02-22 06:44:23'),(122,1,'2017-01-21',6,3,'于辛卉','WM系统','设定',5,NULL,3,'','2018-02-22 06:44:23'),(123,1,'2017-01-22',1,3,'王海霞','亚太鹏盛（北京）税务师事务所有限公司（供应商）','设定',5,NULL,3,'','2018-02-22 06:44:23'),(124,1,'2017-01-22',8,5,'陈海波','修改41日期并入库','修改',5,NULL,3,'','2018-02-22 06:44:23'),(125,1,'2017-01-22',2,7,'秦鹏飞','SS系统20450接收不到物料系统的采购单据','物料系统换端口，重走流程测试，接收正常',5,NULL,3,'','2018-02-22 06:44:23'),(126,1,'2017-01-22',1,5,'张宁','53501030','移库',5,NULL,3,'','2018-02-22 06:44:23'),(127,1,'2017-01-22',1,5,'李小静','50150102695对应SP1701000785（一张SP对应多张50），只能找程序员删除','写说明发客服',5,NULL,3,'','2018-02-22 06:44:23'),(128,1,'2017-01-22',1,3,'赵佳丽','增加/减少扣点','沃尔玛BJ101007',5,NULL,3,'','2018-02-22 06:44:23'),(129,1,'2017-01-22',1,3,'','上海喜貔富更换代码211101---999921。王玉明SS群内反馈，已走货、空退、空出','提交对账组杨洋解决',5,NULL,3,'','2018-02-22 06:44:23'),(130,1,'2017-01-23',1,3,'魏小颖','BJ101007','更改0账期0额度、赊销',5,NULL,4,'','2018-02-22 06:44:23'),(131,1,'2017-01-23',8,5,'梁丽艳','修改日期','STM15003修改日期：A302的65、D101的61、72、71',5,NULL,4,'','2018-02-22 06:44:23'),(132,1,'2017-01-23',8,5,'梁丽艳','申请、并确认','申请、并确认',5,NULL,4,'','2018-02-22 06:44:23'),(133,1,'2017-01-23',1,2,'秦鹏飞','001049秦川牛开户买鸡蛋','17000、18000、链接线路',5,NULL,4,'','2018-02-22 06:44:23'),(134,1,'2017-01-23',1,3,'秦鹏飞','供应商买鸡蛋，合阳县秦川牛商贸有限公司(210214)','设定',5,NULL,4,'','2018-02-22 06:44:23'),(135,1,'2017-01-23',1,5,'马红峪','001049是青年鸡的供应商，核销时，选择事业线2041，跨子事业线核销','重新核销',5,NULL,4,'','2018-02-22 06:44:23'),(136,1,'2017-01-23',5,3,'杜雪松','9A0139','中央服务器下载',5,NULL,4,'','2018-02-22 06:44:23'),(137,1,'2017-01-23',8,5,'梁丽艳','修改损耗单据，0库存，并核销PP01','计算、修改、核销、检查',5,NULL,4,'','2018-02-22 06:44:23'),(138,1,'2017-01-23',1,3,'何平','变更业务','GBM23100',5,NULL,4,'','2018-02-22 06:44:23'),(139,1,'2017-01-23',1,5,'刘洋','修改日期','B4B402-64',5,NULL,4,'','2018-02-22 06:44:23'),(140,1,'2017-01-23',1,5,'梁英','退出重开','退出重开',5,NULL,4,'','2018-02-22 06:44:23'),(141,1,'2017-01-23',6,7,'张宁','手工开磅','修改INI信息设定',5,NULL,4,'','2018-02-22 06:44:23'),(142,1,'2017-01-24',1,5,'彭艳楠','退错单子，删除','恢复、删除',5,NULL,4,'','2018-02-22 06:44:23'),(143,1,'2017-01-24',1,3,'赵佳丽','BJ304010 已停的户启用','启用',5,NULL,4,'','2018-02-22 06:44:23'),(144,1,'2017-01-24',2,3,'崔进争','Leadership Development Charoen Pokphand Group Co.,Ltd','付款信息、并打印用款申请单',5,NULL,4,'','2018-02-22 06:44:23'),(145,1,'2017-01-24',6,7,'分级厂','系统不能取到地磅重量数据，重新设置地磅参数','设置地磅',5,NULL,4,'','2018-02-22 06:44:23'),(146,1,'2017-01-24',6,7,'张宁','手工开磅','修改INI信息设定',5,NULL,4,'','2018-02-22 06:44:23'),(147,1,'2017-01-24',1,1,'李小静','对应车牌号数量翻倍','恢复、删除，重开',5,NULL,4,'','2018-02-22 06:44:23'),(148,1,'2017-01-24',6,3,'宋宇航','huweipeng  HWP','设定',5,NULL,4,'','2018-02-22 06:44:23'),(149,1,'2017-01-24',9,3,'高林','ydruku  YDRK','设定',5,NULL,4,'','2018-02-22 06:44:23'),(150,1,'2017-01-25',6,7,'毕建广','手工开磅','修改INI信息设定',5,NULL,4,'','2018-02-22 06:44:23'),(151,1,'2017-01-25',9,7,'马世斌','取消分级厂权限，开通液蛋权限','设定',5,NULL,4,'','2018-02-22 06:44:23'),(152,1,'2017-01-25',5,7,'王玉','修改L02L03J01仓位设定（勾选筒仓）','',5,NULL,4,'','2018-02-22 06:44:23'),(153,1,'2017-01-25',5,7,'王玉','更新STM01100','更新',5,NULL,4,'','2018-02-22 06:44:23'),(154,1,'2017-01-25',5,5,'刘翔鹤','12311:65--98；12312:64--98','STM01100',5,NULL,4,'','2018-02-22 06:44:23'),(155,1,'2017-01-25',6,7,'毕建广','手工开磅','修改INI信息设定',5,NULL,4,'','2018-02-22 06:44:23'),(156,1,'2017-01-29',6,5,'李晓建','手动发送','发送',5,NULL,4,'','2018-02-22 06:44:23'),(157,1,'2017-02-02',1,3,'','BJ302061变更地址','设定',5,NULL,5,'','2018-02-22 06:44:23'),(158,1,'2017-02-02',5,5,'','删除重复调拨单，手工开磅完成正确的调拨单','设定',5,NULL,5,'','2018-02-22 06:44:23'),(159,1,'2017-02-02',9,1,'赵伟','1月31日半成品日结做完灯仍呈红色','联系IA找程序员解决',5,NULL,5,'','2018-02-22 06:44:23'),(160,1,'2017-02-03',5,7,'李淑贤','农场系统看不到采购单据，增加产品702000306','设定',5,NULL,5,'','2018-02-22 06:44:23'),(161,1,'2017-02-03',1,3,'李淑贤','农场系统看不到采购单据，更新供应商税号914412007408482773','设定',5,NULL,5,'','2018-02-22 06:44:23'),(162,1,'2017-02-03',2,7,'刘翔鹤','财务STM01310检索不到F01Z2F10171系列饲料，修改系统INI设置','设定',5,NULL,5,'','2018-02-22 06:44:23'),(163,1,'2017-02-03',1,3,'张宁','深圳市明喆物业管理有限公司GD502002','设定',5,NULL,5,'','2018-02-22 06:44:23'),(164,1,'2017-02-04',5,7,'刘翔鹤','批量更新饲料成本组信息','设定',5,NULL,5,'','2018-02-22 06:44:23'),(165,1,'2017-02-04',1,3,'彭艳楠','BJ402029调账期45','设定',5,NULL,5,'','2018-02-22 06:44:23'),(166,1,'2017-02-06',6,7,'宋宇航','VPN','添加',5,NULL,6,'','2018-02-22 06:44:23'),(167,1,'2017-02-06',1,3,'马红峪','增加仓位','BJ213443',5,NULL,6,'','2018-02-22 06:44:23'),(168,1,'2017-02-06',5,3,'杜雪松','从上海服务器下载供应商信息','下载并更改仓位A1A101',5,NULL,6,'','2018-02-22 06:44:23'),(169,1,'2017-02-06',1,5,'刘洋','修改日期','修改',5,NULL,6,'','2018-02-22 06:44:23'),(170,1,'2017-02-06',1,3,'梁瑞雪','供应商，肖同熙 500105198505180628','设定',5,NULL,6,'','2018-02-22 06:44:23'),(171,1,'2017-02-07',6,5,'宋宇航','修改日期','修改',5,NULL,6,'','2018-02-22 06:44:23'),(172,1,'2017-02-07',1,7,'张宁','WM系统','设定',5,NULL,6,'','2018-02-22 06:44:23'),(173,1,'2017-02-07',1,5,'刘洋','修改日期','修改',5,NULL,6,'','2018-02-22 06:44:23'),(174,1,'2017-02-07',5,3,'杜雪松','运输商：乐亭县骏源货物运输车队 211558','GBM15000、16000；20000',5,NULL,6,'','2018-02-22 06:44:23'),(175,1,'2017-02-07',1,3,'张宁','中油阳光物业管理有限公司 TJ502018','GBM15000-18000；链接线路',5,NULL,6,'','2018-02-22 06:44:23'),(176,1,'2017-02-08',1,3,'梁瑞雪','变更地址/联系方式','GBM15000',5,NULL,6,'','2018-02-22 06:44:23'),(177,1,'2017-02-08',8,5,'梁丽艳','修改日期','修改',5,NULL,6,'','2018-02-22 06:44:23'),(178,1,'2017-02-08',1,3,'朱琳','添加供应商：三河市瑞林包装制品有限公司 211559','GBM15000、16000；20000',5,NULL,6,'','2018-02-22 06:44:23'),(179,1,'2017-02-08',1,3,'秦鹏飞','供应商：215477北京腾飞铭记食品销售有限公司110105573183369','GBM15000、16000',5,NULL,6,'','2018-02-22 06:44:23'),(180,1,'2017-02-08',5,7,'','GBM29000产品成本组信息维护','修改',5,NULL,6,'','2018-02-22 06:44:23'),(181,1,'2017-02-08',1,5,'刘洋','修改日期','修改',5,NULL,6,'','2018-02-22 06:44:23'),(182,1,'2017-02-08',1,3,'李小静','变更账期额度','上海片江',5,NULL,6,'','2018-02-22 06:44:23'),(183,1,'2017-02-08',1,3,'张宁','变更通路','TJ502018',5,NULL,6,'','2018-02-22 06:44:23'),(184,1,'2017-02-08',1,3,'高洁','变更通路','HB101003',5,NULL,6,'','2018-02-22 06:44:23'),(185,1,'2017-02-08',1,5,'梁瑞雪','于建军深加工订单分配','分配',5,NULL,6,'','2018-02-22 06:44:23'),(186,1,'2017-02-08',8,7,'梁丽艳、辛奇','更改56100150B产品系列信息','更改',5,NULL,6,'','2018-02-22 06:44:23'),(187,1,'2017-02-09',1,3,'梁瑞雪','增加仓位','客户代码980136',5,NULL,6,'','2018-02-22 06:44:23'),(188,1,'2017-02-09',9,7,'赵伟','EGM04111','开权限',5,NULL,6,'','2018-02-22 06:44:23'),(189,1,'2017-02-09',9,5,'高林','STM15003','确认',5,NULL,6,'','2018-02-22 06:44:23'),(190,1,'2017-02-09',1,3,'张宁','中国银行股份有限公司天津北辰支行 TJ502019','GBM15000-18000；链接线路',5,NULL,6,'','2018-02-22 06:44:23'),(191,1,'2017-02-09',1,5,'彭艳楠','1月份设置2月价格，导致删除不了','修改有效期',5,NULL,6,'','2018-02-22 06:44:23'),(192,1,'2017-02-09',1,5,'张宁','未保存58400','保存58400',5,NULL,6,'','2018-02-22 06:44:23'),(193,1,'2017-02-11',8,7,'李静','添加新产品温泉蛋（代码59300002W）','设定',5,NULL,6,'','2018-02-22 06:44:23'),(194,1,'2017-02-11',8,5,'梁丽艳','62单申领时原料不够卡住，手动发送','手动发送',5,NULL,6,'','2018-02-22 06:44:23'),(195,1,'2017-02-13',9,5,'刘小二','61入库单卡住，手动发送','手动发送',5,NULL,7,'','2018-02-22 06:44:23'),(196,1,'2017-02-13',1,7,'李小静','ACI01200','设定',5,NULL,7,'','2018-02-22 06:44:23'),(197,1,'2017-02-13',2,5,'冯渊','E4761512250268','截单',5,NULL,7,'','2018-02-22 06:44:23'),(198,1,'2017-02-13',1,7,'李小静','产品价格设置维护','59300002W成本价按碟设置',5,NULL,7,'','2018-02-22 06:44:23'),(199,1,'2017-02-13',1,5,'薄会双','GBM15000、GBM18000','导出',5,NULL,7,'','2018-02-22 06:44:23'),(200,1,'2017-02-13',1,3,'张宝英','增加供应商用于支付生育津贴，王孟乐130425199208127123','GBM15000、16000',5,NULL,7,'','2018-02-22 06:44:23'),(201,1,'2017-02-14',1,3,'邓君平','变更账期额度','GBM18000',5,NULL,7,'','2018-02-22 06:44:23'),(202,1,'2017-02-14',9,5,'赵伟','修改65单日期','GBM44I00',5,NULL,7,'','2018-02-22 06:44:23'),(203,1,'2017-02-14',1,2,'薄会双','已停止客户重新启用正常状态','BJ504001平谷区委办公室',5,NULL,7,'','2018-02-22 06:44:23'),(204,1,'2017-02-14',1,1,'刘小二','程序员无法解决，只能通过移库再开单','移库至正常仓位，再次开单',5,NULL,7,'','2018-02-22 06:44:23'),(205,1,'2017-02-14',1,3,'邓君平','北京顺丰速运有限公司 211562','GBM15000、16000',5,NULL,7,'','2018-02-22 06:44:23'),(206,1,'2017-02-14',2,7,'康媛媛','GBM281002820028300','设定',5,NULL,7,'','2018-02-22 06:44:23'),(207,1,'2017-02-14',5,5,'张冰','重置密码','重置',5,NULL,7,'','2018-02-22 06:44:23'),(208,1,'2017-02-14',2,7,'康媛媛','陈阳、郑洁、黄咏伦、吴凯、张端、马文平 6人开户','测试系统管理员权限',5,NULL,7,'','2018-02-22 06:44:23'),(209,1,'2017-02-15',8,5,'梁丽艳','修改日期','修改',5,NULL,7,'','2018-02-22 06:44:23'),(210,1,'2017-02-15',9,5,'赵伟','14日确认结转单翻倍，删除，修改日期并重新确认','删除、修改日期、重新确认',5,NULL,7,'','2018-02-22 06:44:23'),(211,1,'2017-02-15',8,5,'梁丽艳','删除申请单，修改日期，重新申请','删除、修改日期、重新申请',5,NULL,7,'','2018-02-22 06:44:23'),(212,1,'2017-02-15',8,5,'梁丽艳','62单损耗','修改',5,NULL,7,'','2018-02-22 06:44:23'),(213,1,'2017-02-15',1,5,'刘洋','64单确认库存转移入库','修改',5,NULL,7,'','2018-02-22 06:44:23'),(214,1,'2017-02-15',8,5,'梁丽艳','恢复单据','恢复',5,NULL,7,'','2018-02-22 06:44:23'),(215,1,'2017-02-15',8,5,'梁丽艳','62单领用','修改',5,NULL,7,'','2018-02-22 06:44:23'),(216,1,'2017-02-15',8,5,'梁丽艳','PO单','修改',5,NULL,7,'','2018-02-22 06:44:23'),(217,1,'2017-02-16',1,5,'李虹宇','重置密码','重置',5,NULL,7,'','2018-02-22 06:44:23'),(218,1,'2017-02-16',1,1,'','单子不消失就会占用额度,让这个单子想其他正常单子一样,完成后就不会再显示出来','联系IA找程序员解决',5,NULL,7,'','2018-02-22 06:44:23'),(219,1,'2017-02-16',8,5,'梁丽艳','56325李锦记卤水汁EGM10101耗用未正常结转','IA将9日相关单据删除重做',5,NULL,7,'','2018-02-22 06:44:23'),(220,1,'2017-02-16',1,3,'张宁','天津聚华盈商贸有限公司 TJ502020','GBM15000-18000；链接线路',5,NULL,7,'','2018-02-22 06:44:23'),(221,1,'2017-02-16',9,5,'高林','问题实际为12月30日发生，可能是人为耗用输错','联系IA调整',5,NULL,7,'','2018-02-22 06:44:23'),(222,1,'2017-02-16',1,3,'马红峪','上海眷飨餐饮管理有限公司 SH501004','GBM15000-18000；链接线路',5,NULL,7,'','2018-02-22 06:44:23'),(223,1,'2017-02-16',1,3,'马红峪','北京小度信息科技有限公司 SH501005','GBM15000-18000；链接线路',5,NULL,7,'','2018-02-22 06:44:23'),(224,1,'2017-02-16',1,7,'梁英','STM14000STM44000FMI28000STI10100','设定',5,NULL,7,'','2018-02-22 06:44:23'),(225,1,'2017-02-17',2,7,'康媛媛','王林','测试系统管理员权限',5,NULL,7,'','2018-02-22 06:44:23'),(226,1,'2017-02-17',1,3,'李爱芝','变更业务','GBM23100',5,NULL,7,'','2018-02-22 06:44:23'),(227,1,'2017-02-17',1,3,'彭艳楠','仙桃旺旺食品有限公司 HB504004','GBM15000-18000；链接线路',5,NULL,7,'','2018-02-22 06:44:23'),(228,1,'2017-02-17',1,5,'马鑫宇','手动发送','手动发送',5,NULL,7,'','2018-02-22 06:44:23'),(229,1,'2017-02-17',1,3,'李小静','01280001','链接线路',5,NULL,7,'','2018-02-22 06:44:23'),(230,1,'2017-02-17',1,5,'李小静','恢复、删除调拨单','恢复、删除',5,NULL,7,'','2018-02-22 06:44:23'),(231,1,'2017-02-17',1,3,'彭艳楠','变更账期额度','GBM18000',5,NULL,7,'','2018-02-22 06:44:23'),(232,1,'2017-02-17',1,3,'彭艳楠','安徽蜀王美心餐饮管理有限责任公司  AH307003 ','GBM15000-18000；链接线路',5,NULL,7,'','2018-02-22 06:44:23'),(233,1,'2017-02-17',1,3,'彭艳楠','安徽蜀王饮食服务有限责任公司  AH307004','GBM15000-18000；链接线路',5,NULL,7,'','2018-02-22 06:44:23'),(234,1,'2017-02-17',1,3,'彭艳楠','安徽蜀王美诗捷食品有限公司  AH307002','GBM15000-18000；链接线路',5,NULL,7,'','2018-02-22 06:44:23'),(235,1,'2017-02-18',1,7,'刘小二','设置DEPB01仓位','设定',5,NULL,7,'','2018-02-22 06:44:23'),(236,1,'2017-02-18',8,5,'梁丽艳','62单修改日期','修改',5,NULL,7,'','2018-02-22 06:44:23'),(237,1,'2017-02-18',8,7,'刘马春','添加抹茶味110g布丁散盒56300003','设定',5,NULL,7,'','2018-02-22 06:44:23'),(238,1,'2017-02-18',8,7,'梁丽艳','修改56300112产品系列','设定',5,NULL,7,'','2018-02-22 06:44:23'),(239,1,'2017-02-20',2,3,'张晓磊','供应商：北京市大广益锅炉安装公司 211564','GBM15000、16000',5,NULL,8,'','2018-02-22 06:44:23'),(240,1,'2017-02-20',1,3,'张保英','001161孙晓静  身份证号：120104197807075522','GBM15000、16000',5,NULL,8,'','2018-02-22 06:44:23'),(241,1,'2017-02-20',1,3,'张保英','001162周红云 身份证号：110228198201240924','GBM15000、16000',5,NULL,8,'','2018-02-22 06:44:23'),(242,1,'2017-02-20',1,3,'张保英','001163郭书艳  身份证号：110111197008251624','GBM15000、16000',5,NULL,8,'','2018-02-22 06:44:23'),(243,1,'2017-02-20',1,3,'张保英','001164郝跃红  身份证号：120111196812223541','GBM15000、16000',5,NULL,8,'','2018-02-22 06:44:23'),(244,1,'2017-02-20',1,3,'李益如','001165张红芳 身份证号：110111197902264024 ','GBM15000、16000',5,NULL,8,'','2018-02-22 06:44:23'),(245,1,'2017-02-20',1,3,'张宁','增加仓位','GBM17000；链接线路--TJ502006',5,NULL,8,'','2018-02-22 06:44:23'),(246,1,'2017-02-20',1,3,'张宁','天津市红桥区人民政府机关食堂 TJ502021','GBM15000-18000；链接线路',5,NULL,8,'','2018-02-22 06:44:23'),(247,1,'2017-02-20',1,3,'张宁','天津自贸区億翔高益商贸有限公司河西区分公司 TJ502022','GBM15000-18000；链接线路',5,NULL,8,'','2018-02-22 06:44:23'),(248,1,'2017-02-20',1,3,'何平','变更业务','BJ505007',5,NULL,8,'','2018-02-22 06:44:23'),(249,1,'2017-02-21',1,7,'彭艳楠','FMI28000','设定',5,NULL,8,'','2018-02-22 06:44:23'),(250,1,'2017-02-21',1,3,'杨燕','增加仓位','GBM17000-18000；链接线路-BJ203599',4,NULL,8,'','2018-02-22 06:44:23'),(251,1,'2017-02-21',6,7,'','RUIJM权限等级由ADMIN改为NORMAL','设定',5,NULL,8,'','2018-02-22 06:44:23'),(252,1,'2017-02-21',2,3,'秦鹏飞','供应商：北京多麦机械设备有限公司 211565','GBM15000-16000',5,NULL,8,'','2018-02-22 06:44:23'),(253,1,'2017-02-21',1,3,'髙君','财务田甜离职，需要变更系统设定会计员名单','系统设定--员工信息',4,NULL,8,'','2018-02-22 06:44:23'),(254,1,'2017-02-21',1,3,'张宁','增加仓位','TJ201049',5,NULL,8,'','2018-02-22 06:44:23'),(255,1,'2017-02-21',2,3,'康媛媛','添加WM测试系统','设定',5,NULL,8,'','2018-02-22 06:44:23'),(256,1,'2017-02-21',1,3,'梁瑞雪','增加仓位','设定',5,NULL,8,'','2018-02-22 06:44:23'),(257,1,'2017-02-21',7,3,'李淑贤','北京艾非克斯生物科技有限公司更新税号','设定',5,NULL,8,'','2018-02-22 06:44:23'),(258,1,'2017-02-21',7,7,'李淑贤','加料号000000000031754','设定',5,NULL,8,'','2018-02-22 06:44:23'),(259,1,'2017-02-21',7,1,'李淑贤','青年鸡看不到订单，SS供应商与产品信息都正常，提交IA解决','农场系统没收到此单据，重新发送',5,NULL,8,'','2018-02-22 06:44:23'),(260,1,'2017-02-22',5,5,'杜雪松','删除采购单据4015120167','PUM01000',5,NULL,8,'','2018-02-22 06:44:23'),(261,1,'2017-02-22',8,5,'梁丽艳','62耗用修改日期','设定',5,NULL,8,'','2018-02-22 06:44:23'),(262,1,'2017-02-22',6,5,'芮久明','删除入库单','411702G0079、411702G0080',5,NULL,8,'','2018-02-22 06:44:23'),(263,1,'2017-02-22',1,3,'马红峪','增加仓位','上海能的 SH501003',5,NULL,8,'','2018-02-22 06:44:23'),(264,1,'2017-02-22',1,5,'张宁','RS1702E00190退货单入库2次产生两张64单据','EGM10900删除一张64单',5,NULL,8,'','2018-02-22 06:44:23'),(265,1,'2017-02-22',2,5,'冯渊','河北天盛达 210374','截单',5,NULL,8,'','2018-02-22 06:44:23'),(266,1,'2017-02-22',2,3,'刘琴','供应商：211566','GBM15000-16000',5,NULL,8,'','2018-02-22 06:44:23'),(267,1,'2017-02-22',1,2,'张宁','客户：SH301015','GBM15000-16000',4,NULL,8,'','2018-02-22 06:44:23'),(268,1,'2017-02-23',1,3,'马红峪','北京双洋腾达商贸有限公司 BJ505019','GBM15000-18000；链接线路',5,NULL,8,'','2018-02-22 06:44:23'),(269,1,'2017-02-23',8,5,'梁丽艳','62单日期','设定',5,NULL,8,'','2018-02-22 06:44:23'),(270,1,'2017-02-23',2,5,'秦鹏飞','打印2016年12月14日收货报告','打印',5,NULL,8,'','2018-02-22 06:44:23'),(271,1,'2017-02-23',2,3,'张晓磊','供应商：北京胜宗华美电器修理部 211567','GBM15000-16000',5,NULL,8,'','2018-02-22 06:44:23'),(272,1,'2017-02-23',1,3,'许泽云','关停供应商211356（户名重复）','GBM15000',5,NULL,8,'','2018-02-22 06:44:23'),(273,1,'2017-02-23',1,3,'许泽云','关停供应商001047','GBM15000',5,NULL,8,'','2018-02-22 06:44:23'),(274,1,'2017-02-23',1,3,'梁瑞雪','增加仓位','BJ202036',5,NULL,8,'','2018-02-22 06:44:23'),(275,1,'2017-02-23',1,3,'马红峪','福兰德：BJ505020','GBM15000-18000；链接线路',5,NULL,8,'','2018-02-22 06:44:23'),(276,1,'2017-02-26',6,1,'李晓建','2月25日日结标准耗用有误','程序员更新菜单',2,NULL,8,'','2018-02-22 06:44:23'),(277,1,'2017-02-27',6,7,'','更新10系统EGM04200菜单','从12复制更新（程序员只更新12）',5,NULL,9,'','2018-02-22 06:44:23'),(278,1,'2017-02-27',1,3,'梁瑞雪','000183缪青户增开深加工现销户权限','设定-后又关闭',5,NULL,9,'','2018-02-22 06:44:23'),(279,1,'2017-02-27',1,3,'梁瑞雪','深加工B2C BJ505021','GBM15000-18000；链接线路',5,NULL,9,'','2018-02-22 06:44:23'),(280,1,'2017-02-27',1,3,'彭艳楠','变更名称','天津南侨简称有误',5,NULL,9,'','2018-02-22 06:44:23'),(281,1,'2017-02-27',1,5,'刘洋','修改日期','修改',5,NULL,9,'','2018-02-22 06:44:23'),(282,1,'2017-02-28',6,1,'宋宇航','日结已结转，灯仍是红色','提交IA联系程序员',5,NULL,9,'','2018-02-22 06:44:23'),(283,1,'2017-02-28',2,3,'秦鹏飞','华录森宝电子科技有限公司 211568','GBM15000-16000',5,NULL,9,'','2018-02-22 06:44:23'),(284,1,'2017-02-28',2,5,'朱琳','永清内雅艺纸 共20笔单子','截单',5,NULL,9,'','2018-02-22 06:44:23'),(285,1,'2017-02-28',2,5,'冯渊','德欣 共10笔','截单',5,NULL,9,'','2018-02-22 06:44:23'),(286,1,'2017-02-28',2,7,'王玉明','IA测试开测试系统权限','设定',5,NULL,9,'','2018-02-22 06:44:23'),(287,1,'2017-03-01',8,5,'梁丽艳','62单领用日期','设定',5,NULL,9,'','2018-02-22 06:44:23'),(288,1,'2017-03-01',8,5,'梁丽艳','删除62领用单','恢复、删除',5,NULL,9,'','2018-02-22 06:44:23'),(289,1,'2017-03-01',8,5,'许泽云','删除62耗用单','删除',5,NULL,9,'','2018-02-22 06:44:23'),(290,1,'2017-03-01',8,5,'梁丽艳','人为多领（23日不生产，领料12.8KG）','查完系统后告知，自行处理',5,NULL,9,'','2018-02-22 06:44:23'),(291,1,'2017-03-01',9,5,'高林','2月16日IA调整完毕后，液蛋再次日结导致','查完系统后告知，自行处理',5,NULL,9,'','2018-02-22 06:44:23'),(292,1,'2017-03-01',8,5,'梁丽艳','28日保密料多领，做耗用','EGM10101',5,NULL,9,'','2018-02-22 06:44:23'),(293,1,'2017-03-01',8,1,'梁丽艳','EGM10101菜单做损耗库存不足','提交IA联系程序员',5,NULL,9,'','2018-02-22 06:44:23'),(294,1,'2017-03-01',5,5,'朱磊','64/65单据显示最新记录日期为3月27日','修改',5,NULL,9,'','2018-02-22 06:44:23'),(295,1,'2017-03-01',2,3,'秦鹏飞','添加供应商：北京恒嘉百利商贸有限公司 211569','GBM15000-16000',5,NULL,9,'','2018-02-22 06:44:23'),(296,1,'2017-03-01',1,5,'张超','WM找不到SP号，且无法恢复','手动发送',5,NULL,9,'','2018-02-22 06:44:23'),(297,1,'2017-03-01',9,5,'黄佩臣','删除65非生产出库单','删除',5,NULL,9,'','2018-02-22 06:44:23'),(298,1,'2017-03-01',9,5,'黄佩臣','65非生产出库修改日期','修改',5,NULL,9,'','2018-02-22 06:44:23'),(299,1,'2017-03-01',8,7,'许泽云','59300015产品信息设置错误，导致结账报错','修改成本组',5,NULL,9,'','2018-02-22 06:44:23'),(300,1,'2017-03-02',5,5,'姜思博','忘记SS系统登录密码','设定',4,NULL,9,'','2018-02-22 06:44:23'),(301,1,'2017-03-02',5,7,'何雪琴','修改产品成本组约500个','GBM29000',5,NULL,9,'','2018-02-22 06:44:23'),(302,1,'2017-03-02',1,3,'马红峪','北京井号夜宵餐饮管理有限公司BJ402034','修改',4,NULL,9,'','2018-02-22 06:44:23'),(303,1,'2017-03-02',9,5,'高林','蛋黄液、蛋白液半成品核销','核销',5,NULL,9,'','2018-02-22 06:44:23'),(304,1,'2017-03-02',5,7,'何雪琴','H开头产品成本组维护','GBM29000',5,NULL,9,'','2018-02-22 06:44:23'),(305,1,'2017-03-02',8,7,'何雪琴','59300002成本组修改','GBM29001',5,NULL,9,'','2018-02-22 06:44:23'),(306,1,'2017-03-02',1,1,'张超','程序问题，需要重新分一下单子，重做','FMI28000',4,NULL,9,'','2018-02-22 06:44:23'),(307,1,'2017-03-02',7,7,'刘翔鹤','蛋鸡场2,13,15,17栋换羽要求删除饲养记录修改栋舍批次','农场删除饲养数据、scada网页版',2,NULL,9,'','2018-02-22 06:44:23'),(308,1,'2017-03-02',1,3,'马红峪','北京元茂商贸有限公司BJ402035','GBM15000-16000',4,NULL,9,'','2018-02-22 06:44:23'),(309,1,'2017-03-02',1,3,'梁瑞雪','增加仓位','BJ402017',5,NULL,9,'','2018-02-22 06:44:23'),(310,1,'2017-03-03',2,7,'康媛媛','修改INI设定','修改INI设定',5,NULL,9,'','2018-02-22 06:44:23'),(311,1,'2017-03-03',2,3,'王敬宇','添加：待收回于区费用','GBM15000-16000',5,NULL,9,'','2018-02-22 06:44:23'),(312,1,'2017-03-03',1,3,'高洁','河北省唐山市路北区远洋城底商BJ201611','GBM15000-16000',4,NULL,9,'','2018-02-22 06:44:23'),(313,1,'2017-03-03',1,5,'李小静','单枚销售产品，按箱开（未设置箱数）','按枚数开',5,NULL,9,'','2018-02-22 06:44:23'),(314,1,'2017-03-03',1,2,'杨燕','更改客户名称：北京宝瑞荔湾酒店有限公司','上海服务器修改，重新发送',4,NULL,9,'','2018-02-22 06:44:23'),(315,1,'2017-03-03',1,3,'杨燕','北京天健永乐餐饮管理有限公司：BJ302111','GBM15000-16000',4,NULL,9,'','2018-02-22 06:44:23'),(316,1,'2017-03-03',1,3,'梁瑞雪','增加仓位','BJ302064',5,NULL,9,'','2018-02-22 06:44:23'),(317,1,'2017-03-03',1,1,'陈晶伟','确认发货单提示：已确认，但单据状态显示等待确认','提交IA联系程序员',4,NULL,9,'','2018-02-22 06:44:23'),(318,1,'2017-03-04',1,5,'马鑫宇','首次以枚为单位开立销售单，未设置箱信息，对应车牌号报错','移库至DEPB01',5,NULL,9,'','2018-02-22 06:44:23'),(319,1,'2017-03-04',6,5,'宋宇航','开立PO单不整箱，误以为系统问题','告知按整箱下计划',5,NULL,9,'','2018-02-22 06:44:23'),(320,1,'2017-03-04',9,5,'黄佩臣','默认20430仓位，入库时未选择正确仓位','选择正确仓位',5,NULL,9,'','2018-02-22 06:44:23'),(321,1,'2017-03-05',1,5,'刘小二','PG仓位移库至PB','移库至DEPB01',5,NULL,9,'','2018-02-22 06:44:23'),(322,1,'2017-03-06',2,3,'杜爱宇','供应商：北京福顺盛德食品有限公司 211571','GBM15000-16000',5,NULL,10,'','2018-02-22 06:44:23'),(323,1,'2017-03-06',2,3,'何凤鹏','供应商：北京家家送冷链物流有限公司 211572','GBM15000-16000',5,NULL,10,'','2018-02-22 06:44:23'),(324,1,'2017-03-06',2,7,'曹文利','NORMAL升级为HIGH','GBM04000',5,NULL,10,'','2018-02-22 06:44:23'),(325,1,'2017-03-06',1,5,'刘小二','59300015未设置装箱标准','提交IA联系程序员',5,NULL,10,'','2018-02-22 06:44:23'),(326,1,'2017-03-06',5,3,'杜雪松','上海服务器下载','CTG11000',5,NULL,10,'','2018-02-22 06:44:23'),(327,1,'2017-03-07',8,7,'','59300002A产品设置EGGM0710装箱标准','EGGM0710',5,NULL,10,'','2018-02-22 06:44:23'),(328,1,'2017-03-07',2,5,'王海霞','PVM08000操作报错（未正常操作）','退出系统重进',5,NULL,10,'','2018-02-22 06:44:23'),(329,1,'2017-03-07',1,3,'梁瑞雪','增加仓位','BJ203754',5,NULL,10,'','2018-02-22 06:44:23'),(330,1,'2017-03-07',5,7,'朱磊','手工开磅','手工开磅',5,NULL,10,'','2018-02-22 06:44:23'),(331,1,'2017-03-07',2,3,'秦鹏飞','供应商：北京双红兴旺肉食店 211573','GBM15000-16000；20000',5,NULL,10,'','2018-02-22 06:44:23'),(332,1,'2017-03-07',8,7,'梁丽艳','赵怀瑞EGP01000','设定',5,NULL,10,'','2018-02-22 06:44:23'),(333,1,'2017-03-07',1,3,'梁瑞雪','增加仓位','TJ502019',5,NULL,10,'','2018-02-22 06:44:23'),(334,1,'2017-03-07',2,3,'李益如','个人：李泽祥 001166','GBM15000-16000；20000',5,NULL,10,'','2018-02-22 06:44:23'),(335,1,'2017-03-07',8,5,'高峰','41收货报告','恢复（PUU01100）、删除',5,NULL,10,'','2018-02-22 06:44:23'),(336,1,'2017-03-07',1,5,'李小静','RS退货单','恢复（SRU01000）、删除',5,NULL,10,'','2018-02-22 06:44:23'),(337,1,'2017-03-08',1,5,'李小静','退货产品负库存','提交IA解决',5,NULL,10,'','2018-02-22 06:44:23'),(338,1,'2017-03-08',2,3,'秦鹏飞','供应商： 滕州市越前食品有限公司 211574','GBM15000-16000；20000',5,NULL,10,'','2018-02-22 06:44:23'),(339,1,'2017-03-08',1,5,'杜爱宇','退货单确认两遍','删除一张',5,NULL,10,'','2018-02-22 06:44:23'),(340,1,'2017-03-08',1,5,'杜爱宇','手动发送64单','手动发送',5,NULL,10,'','2018-02-22 06:44:23'),(341,1,'2017-03-08',1,2,'李红宇','变更客户HB304015行销员','GBM2310里更改',4,NULL,10,'','2018-02-22 06:44:23'),(342,1,'2017-03-08',1,7,'毕建广','51005000','',5,NULL,10,'','2018-02-22 06:44:23'),(343,1,'2017-03-08',1,1,'张宁','54404060产品盒数出现非整数导致发货单确认不了','提交IA',5,NULL,10,'','2018-02-22 06:44:23'),(344,1,'2017-03-08',1,7,'魏小颖','关停33085、33086、33089三个部门','修改状态、名称',5,NULL,10,'','2018-02-22 06:44:23'),(345,1,'2017-03-08',2,3,'石欣旺','个人：闫蕾 001167','GBM15000-16000',5,NULL,10,'','2018-02-22 06:44:23'),(346,1,'2017-03-08',1,3,'彭艳楠','武汉雨琛供应链有限公司 （1） WH402003','GBM15000-18000；链接线路',5,NULL,10,'','2018-02-22 06:44:23'),(347,1,'2017-03-09',8,5,'梁丽艳','修改62单日期','修改',5,NULL,10,'','2018-02-22 06:44:23'),(348,1,'2017-03-09',8,7,'张丽','半成品日结库存不足提示只保留两位小数','提报IA联系程序员调整为四位小数',5,NULL,10,'','2018-02-22 06:44:23'),(349,1,'2017-03-09',1,3,'张宁','天津金诺伟业国际贸易有限公司TJ304006','GBM15000-16000；20000',4,NULL,10,'','2018-02-22 06:44:23'),(350,1,'2017-03-09',2,5,'赵肖肖','重置密码','设定',5,NULL,10,'','2018-02-22 06:44:23'),(351,1,'2017-03-09',8,5,'梁丽艳','重置密码','设定',5,NULL,10,'','2018-02-22 06:44:23'),(352,1,'2017-03-09',1,3,'马红峪','增加仓位','TJ201043',4,NULL,10,'','2018-02-22 06:44:23'),(353,1,'2017-03-09',2,7,'赵肖肖','开启研发信息设置权限','设定',5,NULL,10,'','2018-02-22 06:44:23'),(354,1,'2017-03-09',8,7,'李静','修改STM14003 INI文件信息','添加51005000',5,NULL,10,'','2018-02-22 06:44:23'),(355,1,'2017-03-09',1,3,'马红峪','增加仓位','客户001011',4,NULL,10,'','2018-02-22 06:44:23'),(356,1,'2017-03-09',1,3,'张宁','变更通路','HB203833',4,NULL,10,'','2018-02-22 06:44:23'),(357,1,'2017-03-09',1,3,'杜爱宇','增加仓位','TJ201056',4,NULL,10,'','2018-02-22 06:44:23'),(358,1,'2017-03-09',1,3,'杜爱宇','增加仓位','TJ302026',5,NULL,10,'','2018-02-22 06:44:23'),(359,1,'2017-03-10',1,3,'杜爱宇','设置价格','SX203001',4,NULL,10,'','2018-02-22 06:44:23'),(360,1,'2017-03-10',1,3,'杨燕','增加仓位','BJ404047',4,NULL,10,'','2018-02-22 06:44:23'),(361,1,'2017-03-10',1,3,'何平','店商互联(北京)科技发展有限公司BJ201612','GBM15000-16000；DCM06000',4,NULL,10,'','2018-02-22 06:44:23'),(362,1,'2017-03-10',1,5,'张宁','修改62单日期','GBM44I00',4,NULL,10,'','2018-02-22 06:44:23'),(363,1,'2017-03-10',1,3,'李红宇','增加仓位','BJ5050193',4,NULL,10,'','2018-02-22 06:44:23'),(364,1,'2017-03-13',1,3,'马红峪','增加仓位','BJ201313',4,NULL,11,'','2018-02-22 06:44:23'),(365,1,'2017-03-13',5,1,'贾豪磊','玉米价格新政策未覆盖旧政策','写说明发IA',5,NULL,11,'','2018-02-22 06:44:23'),(366,1,'2017-03-13',1,3,'李红宇','增加仓位','BJ201414',4,NULL,11,'','2018-02-22 06:44:23'),(367,1,'2017-03-13',7,5,'肖婧','产品入库不会入','',5,NULL,11,'','2018-02-22 06:44:23'),(368,1,'2017-03-14',5,3,'杜雪松','变更付款银行','修改',5,NULL,11,'','2018-02-22 06:44:23'),(369,1,'2017-03-14',5,3,'杜雪松','从上海服务器下载供应商信息','9A0519',5,NULL,11,'','2018-02-22 06:44:23'),(370,1,'2017-03-14',1,3,'马红峪','北京瑞太华兴商贸有限公司BJ307012','GBM15000-16000；DCM06000',4,NULL,11,'','2018-02-22 06:44:23'),(371,1,'2017-03-14',5,3,'杜雪松','从上海服务器下载供应商信息','9A0517',5,NULL,11,'','2018-02-22 06:44:23'),(372,1,'2017-03-15',4,3,'王云','增加用户计划部王云','先申请，再新开账户，增加权限',4,NULL,11,'','2018-02-22 06:44:23'),(373,1,'2017-03-15',1,3,'张宁','TJ304007，TJ304008','GBM15000-16000；DCM06000',4,NULL,11,'','2018-02-22 06:44:23'),(374,1,'2017-03-15',1,3,'马红峪','增加仓位','GBM17000修改仓位，连接线路',4,NULL,11,'','2018-02-22 06:44:23'),(375,1,'2017-03-15',5,3,'杜雪松','从上海服务器下载供应商信息','9A0577',5,NULL,11,'','2018-02-22 06:44:23'),(376,1,'2017-03-15',5,3,'杜雪松','松原市宁江区晶源物流中心 211575','GBM15000-16000；20000',5,NULL,11,'','2018-02-22 06:44:23'),(377,1,'2017-03-15',8,5,'梁丽艳','修改日期','62单',5,NULL,11,'','2018-02-22 06:44:23'),(378,1,'2017-03-16',1,3,'马红峪','北京市五十七中学BJ304013','GBM15000-16000；DCM06000',4,NULL,11,'','2018-02-22 06:44:23'),(379,1,'2017-03-16',4,3,'李淑贤','秦皇岛市瑞雪制衣有限公司修改税号','GBM15000-16000',4,NULL,11,'','2018-02-22 06:44:23'),(380,1,'2017-03-16',4,3,'李淑贤','北京东方杰亚商贸中心；廊坊市安次区码头镇绍华印刷厂','上海服务器；GBM15000-16000',4,NULL,11,'','2018-02-22 06:44:23'),(381,1,'2017-03-16',8,5,'梁丽艳','下62单报错','选错仓位',5,NULL,11,'','2018-02-22 06:44:23'),(382,1,'2017-03-16',2,7,'薄会双','测试版权限','设定',5,NULL,11,'','2018-02-22 06:44:23'),(383,1,'2017-03-16',1,3,'马红峪','正大小资味','GBM15000-16000；DCM06000',4,NULL,11,'','2018-02-22 06:44:23'),(384,1,'2017-03-17',1,5,'张宁','65单','修改',5,NULL,11,'','2018-02-22 06:44:23'),(385,1,'2017-03-17',8,5,'梁丽艳','59RM0000产品耗用与系统不一致','检查、核算',5,NULL,11,'','2018-02-22 06:44:23'),(386,1,'2017-03-16',1,3,'马红峪','毕桂云个体','GBM15000-16000；DCM06000',4,NULL,11,'','2018-02-22 06:44:23'),(387,1,'2017-03-18',6,5,'孟祥彪','61入库单','设定',5,NULL,11,'','2018-02-22 06:44:23'),(388,1,'2017-03-18',6,5,'孟祥彪','62、65单','设定',5,NULL,11,'','2018-02-22 06:44:23'),(389,1,'2017-03-18',6,5,'包材库','输入不了数量','退出系统重进',5,NULL,11,'','2018-02-22 06:44:23'),(390,1,'2017-03-18',1,5,'魏小颖','单据核销不了，多人同时使用','退出',5,NULL,11,'','2018-02-22 06:44:23'),(391,1,'2017-03-18',1,5,'曹英俊','发货单确认不了','取消原发货单、重开',5,NULL,11,'','2018-02-22 06:44:23'),(392,1,'2017-03-19',6,7,'李晓建','设定产品信息（装箱标准）51602240A','设定',5,NULL,11,'','2018-02-22 06:44:23'),(393,1,'2017-03-19',6,5,'李晓建','61单入库卡住，手动发送','手动发送',5,NULL,11,'','2018-02-22 06:44:23'),(394,1,'2017-03-19',1,5,'杨燕','确认发货单报错','退出单人操作',5,NULL,11,'','2018-02-22 06:44:23'),(395,1,'2017-03-20',1,5,'高洁','修改64单日期','设定',5,NULL,12,'','2018-02-22 06:44:23'),(396,1,'2017-03-20',1,5,'杨燕','修改64单日期','设定',5,NULL,12,'','2018-02-22 06:44:23'),(397,1,'2017-03-20',1,3,'张宁','TJ304007，TJ304008需要更改仓位','GBM17000',4,NULL,12,'','2018-02-22 06:44:23'),(398,1,'2017-03-20',8,5,'梁丽艳','62单耗用日期','设定',5,NULL,12,'','2018-02-22 06:44:23'),(399,1,'2017-03-20',1,3,'彭艳楠','北京彩虹之约餐饮有限公司BJ303003','GBM15000-16000；DCM06000',4,NULL,12,'','2018-02-22 06:44:23'),(400,1,'2017-03-20',1,5,'张宁','修改64单日期','设定',4,NULL,12,'','2018-02-22 06:44:23'),(401,1,'2017-03-20',2,5,'王喻善','重置密码','设定',4,NULL,12,'','2018-02-22 06:44:23'),(402,1,'2017-03-21',9,5,'黄佩臣','61入库单日期','修改',5,NULL,12,'','2018-02-22 06:44:23'),(403,1,'2017-03-21',1,3,'许泽云','销户','BJ203599',2,NULL,12,'','2018-02-22 06:44:23'),(404,1,'2017-03-21',8,5,'李静','重置密码','zhaohuairui',5,NULL,12,'','2018-02-22 06:44:23'),(405,1,'2017-03-21',1,7,'李小静','陈伟芳账户','DCM06000DCI01000',5,NULL,12,'','2018-02-22 06:44:23'),(406,1,'2017-03-21',1,3,'许泽云','变更名称','物美大兴1',5,NULL,12,'','2018-02-22 06:44:23'),(407,1,'2017-03-22',1,3,'许泽云','销户','210944',5,NULL,12,'','2018-02-22 06:44:23'),(408,1,'2017-03-22',8,5,'梁丽艳','库存有误','PP01中17日产生负库存',5,NULL,12,'','2018-02-22 06:44:23'),(409,1,'2017-03-22',7,5,'肖婧','批次设置错误','IA调整',5,NULL,12,'','2018-02-22 06:44:23'),(410,1,'2017-03-22',9,5,'曹文利','2月份液蛋厂蛋液结转数据不一致','分级厂转移后删单液蛋厂未重新日结',5,NULL,12,'','2018-02-22 06:44:23'),(411,1,'2017-03-22',6,1,'毕建广','手动发送','手动发送',5,NULL,12,'','2018-02-22 06:44:23'),(412,1,'2017-03-22',1,1,'曹英俊','发货单确认不了','联系IA找程序员解决',5,NULL,12,'','2018-02-22 06:44:23'),(413,1,'2017-03-22',1,5,'杨燕','51发货单带不走产品','移库至DEPB01、程序员解决',5,NULL,12,'','2018-02-22 06:44:23'),(414,1,'2017-03-22',9,5,'赵伟','删除62单','删除',5,NULL,12,'','2018-02-22 06:44:23'),(415,1,'2017-03-22',2,7,'康媛媛','GBM18000','设定',5,NULL,12,'','2018-02-22 06:44:23'),(416,1,'2017-03-22',1,3,'张宁','增加仓位','设定',5,NULL,12,'','2018-02-22 06:44:23'),(417,1,'2017-03-22',1,3,'王敬宇','BJ505022','许霞',5,NULL,12,'','2018-02-22 06:44:23'),(418,1,'2017-03-22',1,3,'王敬宇','BJ505023','杨云峰',5,NULL,12,'','2018-02-22 06:44:23'),(419,1,'2017-03-22',1,3,'王敬宇','BJ505024','芮成军',5,NULL,12,'','2018-02-22 06:44:23'),(420,1,'2017-03-22',1,3,'王敬宇','BJ505025','白洁',5,NULL,12,'','2018-02-22 06:44:23'),(421,1,'2017-03-22',1,3,'王敬宇','BJ505026','祁峰',5,NULL,12,'','2018-02-22 06:44:23'),(422,1,'2017-03-22',7,5,'肖婧','修改7栋批次','提交IA吉永总处理',5,NULL,12,'','2018-02-22 06:44:23'),(423,1,'2017-03-23',1,3,'杨燕','增加仓位','BJ302084',4,NULL,12,'','2018-02-22 06:44:23'),(424,1,'2017-03-23',1,3,'王敬宇','BJ505027','程俊',5,NULL,12,'','2018-02-22 06:44:23'),(425,1,'2017-03-23',5,7,'蔡得华','561263产品信息下载更新','CTG13000',5,NULL,12,'','2018-02-22 06:44:23'),(426,1,'2017-03-23',1,3,'王敬宇','停用000112、000573、000675、001006、001012','GBM15000',5,NULL,12,'','2018-02-22 06:44:23'),(427,1,'2017-03-23',2,5,'李淑贤','重置密码','设定',4,NULL,12,'','2018-02-22 06:44:23'),(428,1,'2017-03-23',1,3,'杨燕','增加仓位','BJ201417',4,NULL,12,'','2018-02-22 06:44:23'),(429,1,'2017-03-24',9,5,'赵伟','修改61入库单日期','修改',5,NULL,12,'','2018-02-22 06:44:23'),(430,1,'2017-03-24',1,7,'','移库','PB-PS-PB',5,NULL,12,'','2018-02-22 06:44:23'),(431,1,'2017-03-24',8,5,'梁丽艳','修改62单日期','修改',5,NULL,12,'','2018-02-22 06:44:23'),(432,1,'2017-03-24',5,7,'李鹏飞','下载产品代码及对应产品系列','E1587、F01E158700',5,NULL,12,'','2018-02-22 06:44:23'),(433,1,'2017-03-27',6,5,'刘小二','STM15000确认重打包转移出库时报错','把53503015分2次重打包',4,NULL,13,'','2018-02-22 06:44:23'),(434,1,'2017-03-28',1,3,'李益如','添加供应商：青岛九皋会议活动策划管理有限公司','上海服务器；GBM15000-16000',4,NULL,13,'','2018-02-22 06:44:23'),(435,1,'2017-03-28',8,5,'梁丽艳','修改62单日期','修改',5,NULL,13,'','2018-02-22 06:44:23'),(436,1,'2017-03-28',8,1,'刘马春','EGM10101菜单报错','提交IA联系程序员',5,NULL,13,'','2018-02-22 06:44:23'),(437,1,'2017-03-28',1,3,'李雯雯','变更账期额度','BJ101024',5,NULL,13,'','2018-02-22 06:44:23'),(438,1,'2017-03-29',5,7,'蔡得华','生产阶段2的F01E158700无法耗用生产阶段3的92923','IA修改92923的生产阶段为2、再次下载、更改标包',5,NULL,13,'','2018-02-22 06:44:23'),(439,1,'2017-03-29',1,1,'朱军','DCM12000确认发货报错','提交IA联系程序员',4,NULL,13,'','2018-02-22 06:44:23'),(440,1,'2017-03-29',1,3,'杜爱宇','增加仓位','GBM15000-16000；DCM06000',4,NULL,13,'','2018-02-22 06:44:23'),(441,1,'2017-03-29',1,3,'李淑贤','增加供应商：廊坊市安次区码头镇绍华印刷厂','上海服务器；GBM15000-16000',4,NULL,13,'','2018-02-22 06:44:23'),(442,1,'2017-03-29',8,5,'梁丽艳','修改64、65单日期','修改',5,NULL,13,'','2018-02-22 06:44:23'),(443,1,'2017-03-29',8,5,'梁丽艳','确认蛋液结转单','STM15003',5,NULL,13,'','2018-02-22 06:44:23'),(444,1,'2017-03-29',2,3,'李淑贤','增加仓位','GBM20000-001170',5,NULL,13,'','2018-02-22 06:44:23'),(445,1,'2017-03-29',1,5,'刘洋','修改64日期','修改',4,NULL,13,'','2018-02-22 06:44:23'),(446,1,'2017-03-29',1,3,'李益如','添加个人','GBM15000-16000',5,NULL,13,'','2018-02-22 06:44:23'),(447,1,'2017-03-29',7,7,'李淑贤','药品','GBM29000',5,NULL,13,'','2018-02-22 06:44:23'),(448,1,'2017-03-30',1,3,'廉络','变更账期额度','GBM18000',5,NULL,13,'','2018-02-22 06:44:23'),(449,1,'2017-03-30',8,3,'李淑贤','增加仓位','GBM16000-001170',5,NULL,13,'','2018-02-22 06:44:23'),(450,1,'2017-03-30',8,5,'梁丽艳','修改62单日期','修改',5,NULL,13,'','2018-02-22 06:44:23'),(451,1,'2017-03-30',1,1,'廉络','50单呈现黑色，但删除时提示已审核','删除单子重开',5,NULL,13,'','2018-02-22 06:44:23'),(452,1,'2017-03-30',9,1,'黄佩臣','3月1、3、4、5、6日不耗用，15日之后正常','提交IA联系程序员处理',5,NULL,13,'','2018-02-22 06:44:23'),(453,1,'2017-03-31',1,3,'李益如','添加个人','代立莹 001174',5,NULL,13,'','2018-02-22 06:44:23'),(454,1,'2017-03-31',1,3,'李益如','添加个人','代芳 001175',5,NULL,13,'','2018-02-22 06:44:23'),(455,1,'2017-03-31',8,5,'梁丽艳','57RM0000耗用菜单显示数量与实际耗用不同，无法做损耗','提交IA联系程序员处理',5,NULL,13,'','2018-02-22 06:44:23'),(456,1,'2017-03-31',1,1,'朱军','DCM12000确认发货报错','提交IA联系程序员',4,NULL,13,'','2018-02-22 06:44:23'),(457,1,'2017-03-31',1,3,'马红玉','增加仓位','GBM16000-BJ302112',2,NULL,13,'','2018-02-22 06:44:23'),(458,1,'2017-03-31',1,2,'姬小飞','客户：天津喜家德餐饮服务有限公司TJ201085','上海服务器；GBM15000-18000,设置线路',4,NULL,13,'','2018-02-22 06:44:23'),(459,1,'2017-03-31',1,3,'高洁','更改账期','GBM18000',4,NULL,13,'','2018-02-22 06:44:23'),(460,1,'2017-03-31',6,5,'包材库','41入库单选错供应商','恢复-删除',5,NULL,13,'','2018-02-22 06:44:23'),(461,1,'2017-03-31',1,3,'李益如','正大食品企业(上海)有限公司苏州分公司','上海服务器下载',5,NULL,13,'','2018-02-22 06:44:23'),(462,1,'2017-03-31',2,3,'秦鹏飞','变更税号','北京京盐金龙策商贸有限公司',5,NULL,13,'','2018-02-22 06:44:23'),(463,1,'2017-03-31',8,5,'梁丽艳','修改62单日期','修改',5,NULL,13,'','2018-02-22 06:44:23'),(464,1,'2017-03-31',5,7,'杜雪松','18808改为1000KG/bag','GBM29000',5,NULL,13,'','2018-02-22 06:44:23'),(465,1,'2017-03-31',1,3,'张宝英','个人：陈冬梅001176','上海服务器；GBM15000-16000',4,NULL,13,'','2018-02-22 06:44:23'),(466,1,'2017-03-31',1,1,'李小静','实际卖出108根豆腐产品，但是库存减少8根','提交IA联系程序员处理',4,NULL,13,'','2018-02-22 06:44:23'),(467,1,'2017-03-31',1,2,'刘伟','\"（永辉）BJ101011下面的购物客户都改成折扣2\r\n\"','GBM17000',4,NULL,13,'','2018-02-22 06:44:23'),(468,1,'2017-04-01',1,5,'朱军','64单','修改',5,NULL,13,'','2018-02-22 06:44:23'),(469,1,'2017-04-01',1,5,'朱军','移库','移库至DEPB01、程序员解决',5,NULL,13,'','2018-02-22 06:44:23'),(470,1,'2017-04-01',1,3,'薄会双','变更账期额度','496个户-GBM16000',4,NULL,13,'','2018-02-22 06:44:23'),(471,1,'2017-04-01',1,7,'','添加通路','GBM03000',5,NULL,13,'','2018-02-22 06:44:23'),(472,1,'2017-04-01',1,3,'','变更通路','完成619集团内部客户通路变更76个',5,NULL,13,'','2018-02-22 06:44:23'),(473,1,'2017-04-02',1,5,'刘小二','64非生产入库','EGM10900删除641704E000002',5,NULL,13,'','2018-02-22 06:44:23'),(474,1,'2017-04-02',2,7,'康媛媛','深加工相关菜单权限','设定',5,NULL,13,'','2018-02-22 06:44:23'),(475,1,'2017-04-02',1,7,'','将56100002、56300001、59100130A设定入库至DEAA01','WMM05000',5,NULL,13,'','2018-02-22 06:44:23'),(476,1,'2017-04-02',1,5,'杨燕','现销户，无法核销','核销不选子事业线',5,NULL,13,'','2018-02-22 06:44:23'),(477,1,'2017-04-02',5,7,'何雪琴','维护产品生产阶段','上海服务器下载、GBM29000',5,NULL,13,'','2018-02-22 06:44:23'),(478,1,'2017-04-03',2,7,'康媛媛','总账相关菜单权限','设定',5,NULL,14,'','2018-02-22 06:44:23'),(479,1,'2017-04-03',5,7,'何雪琴','维护产品成本组','GBM29000',5,NULL,14,'','2018-02-22 06:44:23'),(480,1,'2017-04-03',1,5,'马红峪','BJ201004内部员工户4月1日出现单据完成但是订单在SLM01930仍显示，占用余额。','写说明发IA',5,NULL,14,'','2018-02-22 06:44:23'),(481,1,'2017-04-03',2,5,'冯渊','重置密码','设定',5,NULL,14,'','2018-02-22 06:44:23'),(482,1,'2017-04-03',6,5,'宋宇航','产品信息设置错误','修改',5,NULL,14,'','2018-02-22 06:44:23'),(483,1,'2017-04-03',8,5,'刘马春','EGM10101抓取WM实时正数库存，而该产品有负数未核销','核销负库存',5,NULL,14,'','2018-02-22 06:44:23'),(484,1,'2017-04-04',6,5,'王瑜善','产品信息设置有误，导致分级厂日结报错','删除错误设定',5,NULL,14,'','2018-02-22 06:44:23'),(485,1,'2017-04-04',6,5,'曹文利','87781负库存，人为重复调减导致','',5,NULL,14,'','2018-02-22 06:44:23'),(486,1,'2017-04-04',2,5,'曹文利','许泽云账户重置密码','重置',5,NULL,14,'','2018-02-22 06:44:23'),(487,1,'2017-04-04',1,3,'马红峪','增加仓位','GBM17000-18000；链接线路',5,NULL,14,'','2018-02-22 06:44:23'),(488,1,'2017-04-04',9,7,'赵肖肖','57010101','GBM66000、EGGM0710',5,NULL,14,'','2018-02-22 06:44:23'),(489,1,'2017-04-04',6,7,'张宁','51004364','GBM66000、EGGM0710',5,NULL,14,'','2018-02-22 06:44:23'),(490,1,'2017-04-05',2,5,'冯渊','采购截单','PUI03000',5,NULL,14,'','2018-02-22 06:44:23'),(491,1,'2017-04-05',1,7,'朱军','对应车牌号库存不足，经查都在PG仓位无占单','wmm60001',4,NULL,14,'','2018-02-22 06:44:23'),(492,1,'2017-04-05',6,5,'李晓建','下订单的时候ss系统显示不消耗外箱','EGGM0710',4,NULL,14,'','2018-02-22 06:44:23'),(493,1,'2017-04-05',1,5,'彭艳楠','1.退货入人为操作错误2.wm01000查询菜单显示错误58200010、58300015','提交IA联系程序员',4,NULL,14,'','2018-02-22 06:44:23'),(494,1,'2017-04-06',8,5,'梁丽艳','PO恢复打印删除，删除一张62','STM14015',4,NULL,14,'','2018-02-22 06:44:23'),(495,1,'2017-04-06',6,5,'牛倩','单据开错日期','恢复打印删除单据',4,NULL,14,'','2018-02-22 06:44:23'),(496,1,'2017-04-06',1,7,'马红峪','RSI019S0-马红峪、杨燕、李宏宇、杜爱宇','设定',5,NULL,14,'','2018-02-22 06:44:23'),(497,1,'2017-04-07',1,3,'杨燕','更改仓位','GBM17000，GBM06000',4,NULL,14,'','2018-02-22 06:44:23'),(498,1,'2017-04-07',2,7,'廉络','查询税号','GBM15000',4,NULL,14,'','2018-02-22 06:44:23'),(499,1,'2017-04-07',8,5,'梁丽艳','入库错误，删除ML，再去删除62','EGM04113',4,NULL,14,'','2018-02-22 06:44:23'),(500,1,'2017-04-07',6,5,'赵肖肖','新增产品时代码后多敲2个空格，后面继续报错','提交IA删除',4,NULL,14,'','2018-02-22 06:44:23'),(501,1,'2017-04-07',6,5,'刘小二','系统重打包申请11盒，确认2盒，系统减少2盒，实物减少11盒','重打包9盒',4,NULL,14,'','2018-02-22 06:44:23'),(502,1,'2017-04-07',1,5,'朱军','确认出库时出到了5月2日，导致4月份库存和实物不一致','提交IA处理',4,NULL,14,'','2018-02-22 06:44:23'),(503,1,'2017-04-07',1,3,'马红峪','BJ10200472','GBM15000-18000；链接线路',4,NULL,14,'','2018-02-22 06:44:23'),(504,1,'2017-04-07',8,1,'梁丽艳','32936产品','提交IA处理',5,NULL,14,'','2018-02-22 06:44:23'),(505,1,'2017-04-08',8,1,'刘马春','系统只抓取WM实时正库存，而不是总体库存','核销',5,NULL,14,'','2018-02-22 06:44:23'),(506,1,'2017-04-10',1,5,'彭艳楠','退货申请6袋，做退货入库时只入3袋，系统亏损','提交IA处理',4,NULL,15,'','2018-02-22 06:44:23'),(507,1,'2017-04-10',6,7,'毕建广','入库票据不自动增加，不能入库','提交IA处理',4,NULL,15,'','2018-02-22 06:44:23'),(508,1,'2017-04-10',6,5,'冯渊','4个供应商在ss系统停用所有的合同业务','菜单PUI03000完成',4,NULL,15,'','2018-02-22 06:44:23'),(509,1,'2017-04-10',1,3,'马红峪','BJ10200473','GBM15000-18000；链接线路',4,NULL,15,'','2018-02-22 06:44:23'),(510,1,'2017-04-10',1,3,'李晓静','SD617001','GBM15000-18000；链接线路',4,NULL,15,'','2018-02-22 06:44:23'),(511,1,'2017-04-10',1,7,'髙君','产品：58200010、58300015 ss系统和wm不一致','提交IA处理',4,NULL,15,'','2018-02-22 06:44:23'),(512,1,'2017-04-10',1,7,'刘小二','系统库存显示：发货数量显示为小数与出货数不一致','提交IA处理',4,NULL,15,'','2018-02-22 06:44:23'),(513,1,'2017-04-11',5,2,'杜雪松','变更开户行','A12036 嘉里',5,NULL,15,'','2018-02-22 06:44:23'),(514,1,'2017-04-11',1,3,'邓君平','青岛康大海青食品有限公司SD621001','GBM15000-18000；链接线路',5,NULL,15,'','2018-02-22 06:44:23'),(515,1,'2017-04-11',8,5,'梁丽艳','62单时间','设定',5,NULL,15,'','2018-02-22 06:44:23'),(516,1,'2017-04-11',8,5,'梁丽艳','财务调减99010库存，从PP01里调减','删除错误调减单、重新从PC调减',5,NULL,15,'','2018-02-22 06:44:23'),(517,1,'2017-04-11',1,5,'彭艳楠','一个销售订单2个产品，发货单只打印1个，已经生成51，开立订单界面还在','提交IA处理',4,NULL,15,'','2018-02-22 06:44:23'),(518,1,'2017-04-11',8,5,'梁丽艳','62单时间','设定',5,NULL,15,'','2018-02-22 06:44:23'),(519,1,'2017-04-11',8,7,'陈海波','54027产品WM系统仓位设定','查询未设定，通知库房设定',5,NULL,15,'','2018-02-22 06:44:23'),(520,1,'2017-04-11',8,7,'陈海波','54027产品41入库单、62领用单发送','手动发送',5,NULL,15,'','2018-02-22 06:44:23'),(521,1,'2017-04-11',2,5,'曹文利','210998客户付款通知单','PVM02000',5,NULL,15,'','2018-02-22 06:44:23'),(522,1,'2017-04-11',8,5,'梁丽艳','59104069产品信息设定错误','修改GBM66000',5,NULL,15,'','2018-02-22 06:44:23'),(523,1,'2017-04-11',1,3,'张宁','固安邻家（天津）科技有限公司','GBM15000-18000；链接线路',4,NULL,15,'','2018-02-22 06:44:23'),(524,1,'2017-04-11',1,3,'张宁','天津市河东区大王庄街道积善里社区居民委员会','GBM15000-18000；链接线路',4,NULL,15,'','2018-02-22 06:44:23'),(525,1,'2017-04-11',1,3,'张宁','天津鼎丰国际贸易有限公司','GBM15000-18000；链接线路',4,NULL,15,'','2018-02-22 06:44:23'),(526,1,'2017-04-11',1,3,'王敬宇','12个户分别有多个事业线，不同事业线都设置额度和账期，重复需要取消','GBM18000',4,NULL,15,'','2018-02-22 06:44:23'),(527,1,'2017-04-12',2,5,'王玉','重置密码','重置',5,NULL,15,'','2018-02-22 06:44:23'),(528,1,'2017-04-12',1,5,'陈晶伟','液蛋产品入库没有输箱，导致对应车牌号错误','移库WMM60000',4,NULL,15,'','2018-02-22 06:44:23'),(529,1,'2017-04-12',2,7,'康媛媛','选蛋厂相关权限','设定',5,NULL,15,'','2018-02-22 06:44:23'),(530,1,'2017-04-12',1,3,'代芳','添加供应商：北京汇丰视觉文化有限公司 001178','GBM15000-16000',5,NULL,15,'','2018-02-22 06:44:23'),(531,1,'2017-04-12',2,5,'陈伟芳','重置密码','设定',5,NULL,15,'','2018-02-22 06:44:23'),(532,1,'2017-04-12',1,7,'魏小颖','WXYLIANLUO','设定',5,NULL,15,'','2018-02-22 06:44:23'),(533,1,'2017-04-12',1,2,'张宁','开户：天津医科大学总医院招待所 TJ617001','GBM15000-18000；链接线路',4,NULL,15,'','2018-02-22 06:44:23'),(534,1,'2017-04-12',1,2,'张宁','开户：天津荣盛餐饮管理有限公司 TJ617002','GBM15000-18000；链接线路',4,NULL,15,'','2018-02-22 06:44:23'),(535,1,'2017-04-12',1,2,'马红峪','开户：北京百胜瑞丰商贸有限公司 BJ614001','GBM15000-18000；链接线路',4,NULL,15,'','2018-02-22 06:44:23'),(536,1,'2017-04-12',1,2,'马红峪','开户：北京格恩福德商贸有限公司 BJ614002','GBM15000-18000；链接线路',4,NULL,15,'','2018-02-22 06:44:23'),(537,1,'2017-04-13',8,7,'梁丽艳','EGM04113 查询入库菜单','设定',5,NULL,15,'','2018-02-22 06:44:23'),(538,1,'2017-04-13',8,5,'孔庆敏','核销负库存','核销',5,NULL,15,'','2018-02-22 06:44:23'),(539,1,'2017-04-13',8,5,'孔庆敏','删除耗用单','删除',5,NULL,15,'','2018-02-22 06:44:23'),(540,1,'2017-04-13',1,7,'康媛媛','关停不使用部门37个','设定',5,NULL,15,'','2018-02-22 06:44:23'),(541,1,'2017-04-13',8,5,'梁丽艳','核销负库存','核销',5,NULL,15,'','2018-02-22 06:44:23'),(542,1,'2017-04-14',1,7,'刘小二','DCM12000确认发货报错（显示：56100130A:can\'t create location）','提交IA处理',4,NULL,15,'','2018-02-22 06:44:23'),(543,1,'2017-04-14',8,5,'梁丽艳','产品负库存','损耗多做',5,NULL,15,'','2018-02-22 06:44:23'),(544,1,'2017-04-14',2,7,'王玉明','STI17100、17200、17300、17400查看实际运行程序','查看',5,NULL,15,'','2018-02-22 06:44:23'),(545,1,'2017-04-14',1,3,'李晓东','000573杨云峰户启用','设定',5,NULL,15,'','2018-02-22 06:44:23'),(546,1,'2017-04-14',1,3,'张宁','增加仓位','链接线路',5,NULL,15,'','2018-02-22 06:44:23'),(547,1,'2017-04-14',8,5,'梁丽艳','删除62领用单、再次领用确认','删除、确认',5,NULL,15,'','2018-02-22 06:44:23'),(548,1,'2017-04-15',1,5,'杨燕','开单子没有价格（原先设置价格单位变更）','修改原有效期、重新设置',5,NULL,15,'','2018-02-22 06:44:23'),(549,1,'2017-04-17',8,5,'梁丽艳','核销负库存','核销',5,NULL,16,'','2018-02-22 06:44:23'),(550,1,'2017-04-17',1,7,'魏小颖','导出系统GBM17000信息','导出后分析找出对应列',5,NULL,16,'','2018-02-22 06:44:23'),(551,1,'2017-04-17',2,3,'何平','烟台名雕装饰工程有限公司 211580','GBM15000-GBM16000',5,NULL,16,'','2018-02-22 06:44:23'),(552,1,'2017-04-17',1,7,'陈晶伟','对应车牌号报错','移库WMM60000',4,NULL,16,'','2018-02-22 06:44:23'),(553,1,'2017-04-17',1,3,'彭艳楠','BJ302060需要走液蛋，变更A305到A302','GBM17000',4,NULL,16,'','2018-02-22 06:44:23'),(554,1,'2017-04-17',1,3,'廉络','BJ404017变更渠道到餐饮','GBM16000',4,NULL,16,'','2018-02-22 06:44:23'),(555,1,'2017-04-17',2,7,'曹文利','开权限','设定',5,NULL,16,'','2018-02-22 06:44:23'),(556,1,'2017-04-18',2,7,'','SS单据往SAP发送','发送',5,NULL,16,'','2018-02-22 06:44:23'),(557,1,'2017-04-18',6,5,'陈光','重新做日结','教操作人员重新做',5,NULL,16,'','2018-02-22 06:44:23'),(558,1,'2017-04-18',1,5,'朱军','Q宝贝库存WM与SS库存不一致（财务3月15日调账引起）','提交IA处理',5,NULL,16,'','2018-02-22 06:44:23'),(559,1,'2017-04-18',5,5,'杜雪松','取消采购单','取消',5,NULL,16,'','2018-02-22 06:44:23'),(560,1,'2017-04-18',1,5,'天津刘洋','64单','修改',4,NULL,16,'','2018-02-22 06:44:23'),(561,1,'2017-04-18',6,5,'牛倩','62单（已打印）','恢复打印删除单据',4,NULL,16,'','2018-02-22 06:44:23'),(562,1,'2017-04-18',8,7,'陈海波','新建仓位RRPK01','新建',5,NULL,16,'','2018-02-22 06:44:23'),(563,1,'2017-04-18',8,5,'孔庆敏','产品信息设定错误（59104069）','通知研发修改',5,NULL,16,'','2018-02-22 06:44:23'),(564,1,'2017-04-18',8,7,'张丽','EGM10101菜单57RM0000只抓取WM实时正数库存','提交IA联系程序员处理',5,NULL,16,'','2018-02-22 06:44:23'),(565,1,'2017-04-18',1,3,'张宁','销户','张记牛杂面（廉络确认无欠款，可以停）',5,NULL,16,'','2018-02-22 06:44:23'),(566,1,'2017-04-18',1,3,'张宁','梁红伟 001179','GBM15000-16000；并填表提报康媛媛',5,NULL,16,'','2018-02-22 06:44:23'),(567,1,'2017-04-19',6,5,'刘琴','日结没做，导致EGR01000数据异常','分析数据来源并转告',5,NULL,16,'','2018-02-22 06:44:23'),(568,1,'2017-04-19',1,3,'李爱枝','变更地址/联系方式','BJ617001',5,NULL,16,'','2018-02-22 06:44:23'),(569,1,'2017-04-19',1,3,'李爱枝','变更地址/联系方式','BJ204168',5,NULL,16,'','2018-02-22 06:44:23'),(570,1,'2017-04-19',2,3,'秦鹏飞','供应商：北京诚坛商贸有限公司 211581','GBM15000-16000',5,NULL,16,'','2018-02-22 06:44:23'),(571,1,'2017-04-19',2,3,'秦鹏飞','供应商：福斯华（北京）科贸有限公司 211582','GBM15000-16000',5,NULL,16,'','2018-02-22 06:44:23'),(572,1,'2017-04-19',1,3,'张宁','天津市盛世晶达餐饮管理有限公司TJ616002','GBM15000-18000；链接线路',4,NULL,16,'','2018-02-22 06:44:23'),(573,1,'2017-04-19',1,3,'张宁','天津市嘉宸餐饮管理有限公司TJ616003','GBM15000-18000；链接线路',4,NULL,16,'','2018-02-22 06:44:23'),(574,1,'2017-04-19',1,3,'张宁','天津市河北区诚众食品便利店TJ614003','GBM15000-18000；链接线路',4,NULL,16,'','2018-02-22 06:44:23'),(575,1,'2017-04-19',1,3,'张宁','天津宏远天商贸有限公司TJ617003','GBM15000-18000；链接线路',4,NULL,16,'','2018-02-22 06:44:23'),(576,1,'2017-04-19',1,3,'张宁','天津市滨海新区塘沽美景园食品TJ614004','GBM15000-18000；链接线路',4,NULL,16,'','2018-02-22 06:44:23'),(577,1,'2017-04-19',1,3,'张宁','天津市北辰区传军便利店TJ614005','GBM15000-18000；链接线路',4,NULL,16,'','2018-02-22 06:44:23'),(578,1,'2017-04-19',1,3,'张宁','天津市南开区袁立食品超市TJ614006','GBM15000-18000；链接线路',4,NULL,16,'','2018-02-22 06:44:23'),(579,1,'2017-04-19',1,3,'张宁','天津天一佳顺食品超市TJ614007','GBM15000-18000；链接线路',4,NULL,16,'','2018-02-22 06:44:23'),(580,1,'2017-04-19',1,3,'张宁','天津市福滨洗涤用品超市TJ614008','GBM15000-18000；链接线路',4,NULL,16,'','2018-02-22 06:44:23'),(581,1,'2017-04-19',1,3,'马红峪','北京物美商业集团股份有限公司~燕郊方舟店','GBM15000-18000；链接线路',4,NULL,16,'','2018-02-22 06:44:23'),(582,1,'2017-04-19',1,3,'马红峪','北京康华绿源食品有限公司BJ20005','GBM18000',4,NULL,16,'','2018-02-22 06:44:23'),(583,1,'2017-04-19',1,3,'张宁','天津荣盛餐饮管理有限公司TJ617002更改仓位路线','GBM18000、GBM06000',4,NULL,16,'','2018-02-22 06:44:23'),(584,1,'2017-04-19',9,5,'黄佩臣','下PO单重复，需删除：PO1704l0047','GBM06001',4,NULL,16,'','2018-02-22 06:44:23'),(585,1,'2017-04-19',2,3,'刘翔鹤','销户','211350',5,NULL,16,'','2018-02-22 06:44:23'),(586,1,'2017-04-20',8,5,'梁丽艳','修改62单日期','设定',5,NULL,16,'','2018-02-22 06:44:23'),(587,1,'2017-04-20',6,7,'李晓建','102882、100219包材修改事业类别为20430','设定',5,NULL,16,'','2018-02-22 06:44:23'),(588,1,'2017-04-20',8,1,'梁丽艳','4月18日日结做完还是红色，且并未结转','提交IA联系程序员处理',5,NULL,16,'','2018-02-22 06:44:23'),(589,1,'2017-04-20',6,7,'李晓建','52100016（VIP）修改事业类别为20430','设定',4,NULL,16,'','2018-02-22 06:44:23'),(590,1,'2017-04-20',8,5,'赵权玺','20450仓库41入库单','删除（尚未发送至SAP，故可以删除）',5,NULL,16,'','2018-02-22 06:44:23'),(591,1,'2017-04-20',1,3,'张宁','变更名称','天津鼎丰国际贸易有限公司修改为天津鼎丰泰国际贸易有限公司',4,NULL,16,'','2018-02-22 06:44:23'),(592,1,'2017-04-20',6,5,'张宁','新维护产品入库缺少PO单，重新开立，用新PO单入库','开立PO单',5,NULL,16,'','2018-02-22 06:44:23'),(593,1,'2017-04-20',8,5,'孔庆敏','62单领用时，库存不足，但仍打印，导致日结无法做','恢复、删除',5,NULL,16,'','2018-02-22 06:44:23'),(594,1,'2017-04-20',2,3,'张晓磊','供应商：北京大地江山科技有限公司  211583','GBM15000-16000',5,NULL,16,'','2018-02-22 06:44:23'),(595,1,'2017-04-20',8,5,'梁丽艳','日结已做完呈绿色，但是实际包材不够被移库','查询、通知操作人找库房查询',5,NULL,16,'','2018-02-22 06:44:23'),(596,1,'2017-04-21',8,5,'梁丽艳','修改62单日期','设定',5,NULL,16,'','2018-02-22 06:44:23'),(597,1,'2017-04-21',2,3,'王海霞','中国人民财产保险股份有限公司北京市分公司   211584','GBM15000-16000',5,NULL,16,'','2018-02-22 06:44:23'),(598,1,'2017-04-21',8,7,'赵肖肖','新添加产品：56300009、56300130检查','GBM29001、66000.EGGM0710',5,NULL,16,'','2018-02-22 06:44:23'),(599,1,'2017-04-21',1,3,'彭艳楠','泉州瑞麦食品有限公司 FJ617001','GBM15000-18000；链接线路',5,NULL,16,'','2018-02-22 06:44:23'),(600,1,'2017-04-21',1,3,'杨燕','北京市北外附属外国语学校  BJ616002','GBM15000-18000；链接线路',5,NULL,16,'','2018-02-22 06:44:23'),(601,1,'2017-04-21',8,5,'孔庆敏','修改62单日期','设定',5,NULL,16,'','2018-02-22 06:44:23'),(602,1,'2017-04-21',5,5,'朱磊','一个序列号开立两个调拨单','取消错误调拨单',5,NULL,16,'','2018-02-22 06:44:23'),(603,1,'2017-04-21',1,3,'杨燕','富兴国际美食城BJ621001','GBM15000-18000；链接线路',4,NULL,16,'','2018-02-22 06:44:23'),(604,1,'2017-04-21',1,3,'杨燕','北京众和鑫源商贸有限公司BJ614004','GBM15000-18000；链接线路',4,NULL,16,'','2018-02-22 06:44:23'),(605,1,'2017-04-21',9,7,'马世斌','蛋液转移确认权限','设定',5,NULL,16,'','2018-02-22 06:44:23'),(606,1,'2017-04-21',1,7,'廉络','ITGS01000-李雯雯、杨洋','设定',5,NULL,16,'','2018-02-22 06:44:23'),(607,1,'2017-04-21',8,5,'梁丽艳','新产品入库找不到，新下PO单','开立PO单',5,NULL,16,'','2018-02-22 06:44:23'),(608,1,'2017-04-24',8,5,'梁丽艳','62单耗用日期','设定',5,NULL,17,'','2018-02-22 06:44:23'),(609,1,'2017-04-24',1,5,'刘小二','56100130JC设置入库至DEPB01','删除错误仓位并指定入库至DEAA01',5,NULL,17,'','2018-02-22 06:44:23'),(610,1,'2017-04-24',1,5,'刘小二','56100009设置入库至DEPB01','删除错误仓位并指定入库至DEAA01',5,NULL,17,'','2018-02-22 06:44:23'),(611,1,'2017-04-24',5,3,'杜雪松','天津联英饲料销售有限公司 211580','GBM15000-16000；20000',5,NULL,17,'','2018-02-22 06:44:23'),(612,1,'2017-04-24',2,3,'李益如','王伟男 001180','GBM15000-16000',5,NULL,17,'','2018-02-22 06:44:23'),(613,1,'2017-04-24',1,3,'李雯雯','变更账期额度','BJ305017',5,NULL,17,'','2018-02-22 06:44:23'),(614,1,'2017-04-24',1,3,'马红峪','北京三里屯酒店管理有限公司BJ616001','GBM15000-18000；链接线路',4,NULL,17,'','2018-02-22 06:44:23'),(615,1,'2017-04-25',6,1,'曹文利','65/94业务批号显示不全','提交IA',5,NULL,17,'','2018-02-22 06:44:23'),(616,1,'2017-04-25',8,5,'赵肖肖','设置产品名加了空格','IA协助解决',4,NULL,17,'','2018-02-22 06:44:23'),(617,1,'2017-04-25',1,3,'杨燕','增加仓位','DCM06000',4,NULL,17,'','2018-02-22 06:44:23'),(618,1,'2017-04-26',1,7,'魏小颖','导出系统GBM29000信息','CUBEG20',5,NULL,17,'','2018-02-22 06:44:23'),(619,1,'2017-04-26',1,7,'曹英俊','65-E8 31109提示GBM96000错误','提交IA处理',5,NULL,17,'','2018-02-22 06:44:23'),(620,1,'2017-04-26',1,7,'朱军','SP号对应2个65单，只确认了1一个','提交IA处理',4,NULL,17,'','2018-02-22 06:44:23'),(621,1,'2017-04-26',1,3,'马红峪','江阴市德天食品有限公司JS616001','GBM15000-18000；链接线路',4,NULL,17,'','2018-02-22 06:44:23'),(622,1,'2017-04-26',1,3,'马红峪','增加仓位','GBM17000-18000；链接线路',4,NULL,17,'','2018-02-22 06:44:23'),(623,1,'2017-04-27',2,7,'康媛媛','ITGS01000-康媛媛','设定',5,NULL,17,'','2018-02-22 06:44:23'),(624,1,'2017-04-27',2,5,'冯渊','采购截单34笔-协力','PUI03000',5,NULL,17,'','2018-02-22 06:44:23'),(625,1,'2017-04-27',8,5,'梁丽艳','62单耗用日期','设定',4,NULL,17,'','2018-02-22 06:44:23'),(626,1,'2017-04-27',1,3,'李益如','变更地址/联系方式','GBM15000',4,NULL,17,'','2018-02-22 06:44:23'),(627,1,'2017-04-27',1,3,'李小静','SD617001结算方式归结于910125','GBM16000',5,NULL,17,'','2018-02-22 06:44:23'),(628,1,'2017-04-27',8,5,'孔庆敏','日结未做，包材未结转','EGM04700',5,NULL,17,'','2018-02-22 06:44:23'),(629,1,'2017-04-27',1,5,'','52400012有40盒在PG01里没有单子','移库',4,NULL,17,'','2018-02-22 06:44:23'),(630,1,'2017-04-27',1,3,'杨燕','JS61600需要从上海发货','GBM17000，DCM06000',4,NULL,17,'','2018-02-22 06:44:23'),(631,1,'2017-04-28',8,5,'梁丽艳','修改蛋液结转日期','修改',5,NULL,17,'','2018-02-22 06:44:23'),(632,1,'2017-04-28',8,1,'孔庆敏','57RM0000少结转','提交IA联系程序员处理',5,NULL,17,'','2018-02-22 06:44:23'),(633,1,'2017-04-28',9,5,'黄佩臣','蛋液确认日期错误','删除单子',5,NULL,17,'','2018-02-22 06:44:23'),(634,1,'2017-04-28',8,5,'梁丽艳','62单耗用日期','设定',5,NULL,17,'','2018-02-22 06:44:23'),(635,1,'2017-04-28',2,3,'冯渊','增加仓位','GBM20000',5,NULL,17,'','2018-02-22 06:44:23'),(636,1,'2017-04-28',8,5,'梁丽艳','62单耗用日期','设定',5,NULL,17,'','2018-02-22 06:44:23'),(637,1,'2017-04-28',8,5,'孔庆敏','62单耗用日期','设定',5,NULL,17,'','2018-02-22 06:44:23'),(638,1,'2017-04-28',8,5,'孔庆敏','4月22日确认鸡蛋结转STM15002','确认',5,NULL,17,'','2018-02-22 06:44:23'),(639,1,'2017-04-28',8,5,'孔庆敏','4月22日确认鸡蛋结转','65 64 71 71 ',5,NULL,17,'','2018-02-22 06:44:23'),(640,1,'2017-04-28',8,5,'孔庆敏','核销负库存','核销',5,NULL,17,'','2018-02-22 06:44:23'),(641,1,'2017-04-28',8,5,'梁丽艳','蛋液确认日期错误','删除单子',5,NULL,17,'','2018-02-22 06:44:23'),(642,1,'2017-04-29',8,5,'孔庆敏','EGM10101核销数据不对，需要手工正负核销','正负核销',4,NULL,17,'','2018-02-22 06:44:23'),(643,1,'2017-04-29',8,5,'梁丽艳','62单领用错误','删除单子',4,NULL,17,'','2018-02-22 06:44:23'),(644,1,'2017-04-29',1,3,'马红峪','北京麟联置业有限公司东隅酒店','GBM15000-18000；链接线路',4,NULL,17,'','2018-02-22 06:44:23'),(645,1,'2017-04-29',1,3,'马红峪','上海爱一特餐饮有限公司','GBM18000',4,NULL,17,'','2018-02-22 06:44:23'),(646,1,'2017-04-30',8,5,'梁丽艳','WM库存香葱多出0.32公斤','计算领用和结转再核销',4,NULL,17,'','2018-02-22 06:44:23'),(647,1,'2017-05-01',1,3,'马红峪','增加事业线','GBM17000-GBM18000,DCM06000',4,NULL,18,'','2018-02-22 06:44:23'),(648,1,'2017-05-01',6,5,'宋宇航','做4月30日的结转报错','修改61日期 ',4,NULL,18,'','2018-02-22 06:44:23'),(649,1,'2017-05-01',1,5,'朱军','做4月30日的确认出库报错','修改51单据',4,NULL,18,'','2018-02-22 06:44:23'),(650,1,'2017-05-01',1,1,'朱军','单据打印出来，少一个产品','移库补单子',4,NULL,18,'','2018-02-22 06:44:23'),(651,1,'2017-05-02',1,3,'彭艳楠','北京味乐甜馨食品有限公司BJ616003','GBM17000-GBM18000,DCM06000',4,NULL,18,'','2018-02-22 06:44:23'),(652,1,'2017-05-02',1,3,'彭艳楠','WH402003修改额度为100万','GBM18000',4,NULL,18,'','2018-02-22 06:44:23'),(653,1,'2017-05-02',1,2,'杨燕','客户：平谷鸿兴副食','GBM18000',4,NULL,18,'','2018-02-22 06:44:23'),(654,1,'2017-05-02',1,3,'何平','变更业务','GBM23100',5,NULL,18,'','2018-02-22 06:44:23'),(655,1,'2017-05-02',2,3,'秦鹏飞','供应商：江苏科析仪器有限公司 211586','GBM15000-16000',5,NULL,18,'','2018-02-22 06:44:23'),(656,1,'2017-05-02',2,3,'秦鹏飞','供应商：温州强忠机械科技有限公司 211587','GBM15000-16000',5,NULL,18,'','2018-02-22 06:44:23'),(657,1,'2017-05-02',2,3,'李益如','供应商：北京健力源餐饮管理有限公司 211588','GBM15000-16000',5,NULL,18,'','2018-02-22 06:44:23'),(658,1,'2017-05-02',8,5,'孔庆敏','核销57RM0000','核销',5,NULL,18,'','2018-02-22 06:44:23'),(659,1,'2017-05-02',1,3,'马红峪','增加仓位','TJ213311',5,NULL,18,'','2018-02-22 06:44:23'),(660,1,'2017-05-02',1,3,'魏小颖','销户','停用SH302007',5,NULL,18,'','2018-02-22 06:44:23'),(661,1,'2017-05-02',1,2,'魏小颖','开户','980731',5,NULL,18,'','2018-02-22 06:44:23'),(662,1,'2017-05-02',7,7,'王玉明','D4MD5M','设定',5,NULL,18,'','2018-02-22 06:44:23'),(663,1,'2017-05-03',8,5,'梁丽艳','62单领用','修改',5,NULL,18,'','2018-02-22 06:44:23'),(664,1,'2017-05-03',1,3,'廉络','变更业务','黄玉婷直接上级改为她自己',5,NULL,18,'','2018-02-22 06:44:23'),(665,1,'2017-05-03',1,3,'廉络','变更通路','BJ621001',5,NULL,18,'','2018-02-22 06:44:23'),(666,1,'2017-05-03',1,3,'廉络','变更通路','SD621001',5,NULL,18,'','2018-02-22 06:44:23'),(667,1,'2017-05-03',8,5,'梁丽艳','EGM10101做102946损耗发现系统数据很大超过实际损耗（已经做3日的领用且单据已确认，故系统抓取实时总数）','查明原因反馈提报人',5,NULL,18,'','2018-02-22 06:44:23'),(668,1,'2017-05-03',5,5,'何雪琴','产品负库存：E1587 18日耗用比领用多','查询',5,NULL,18,'','2018-02-22 06:44:23'),(669,1,'2017-05-03',5,7,'杜雪松','产品维护','修改18808规格为1吨/包',5,NULL,18,'','2018-02-22 06:44:23'),(670,1,'2017-05-03',1,3,'廉络','销户','BJ203035',5,NULL,18,'','2018-02-22 06:44:23'),(671,1,'2017-05-03',8,5,'梁丽艳','4月19日包装物日结','重新日结',5,NULL,18,'','2018-02-22 06:44:23'),(672,1,'2017-05-03',1,7,'王玉明','56100008仓位设定','删除DEPB01设置DEAA01',5,NULL,18,'','2018-02-22 06:44:23'),(673,1,'2017-05-03',1,5,'朱军','DCM12000确认出库连续报错','提交天津客服-IA',4,NULL,18,'','2018-02-22 06:44:23'),(674,1,'2017-05-03',8,5,'梁丽艳','半成品日结提示库存不足','蛋液未确认结转',5,NULL,18,'','2018-02-22 06:44:23'),(675,1,'2017-05-03',6,5,'曹文利','PC负库存','总体库存SS与WM一致，反馈操作人员，已查明',5,NULL,18,'','2018-02-22 06:44:23'),(676,1,'2017-05-03',1,7,'李小静','李小静WMI10000','设定',4,NULL,18,'','2018-02-22 06:44:23'),(677,1,'2017-05-03',8,5,'孔庆敏','核销57RM0000','核销',5,NULL,18,'','2018-02-22 06:44:23'),(678,1,'2017-05-04',5,5,'何雪琴','STG05100提示日期超前','GBM11000',5,NULL,18,'','2018-02-22 06:44:23'),(679,1,'2017-05-04',5,3,'杜雪松','北京石园玉龙服装店 211589','GBM15000-16000',5,NULL,18,'','2018-02-22 06:44:23'),(680,1,'2017-05-04',7,3,'李淑贤','变更税号','上海服务器；GBM15000',5,NULL,18,'','2018-02-22 06:44:23'),(681,1,'2017-05-04',7,7,'张丽','已维护供应商税号信息，但仍报错提示数据行重复','提交IA联系程序员解决',5,NULL,18,'','2018-02-22 06:44:23'),(682,1,'2017-05-04',1,3,'杨燕','北京通盈房地产开发有限公司酒店分公司 BJ616004','GBM15000-16000；链接线路',5,NULL,18,'','2018-02-22 06:44:23'),(683,1,'2017-05-04',1,3,'李小静','增加仓位','设定',5,NULL,18,'','2018-02-22 06:44:23'),(684,1,'2017-05-04',2,5,'何雪琴','深加工事业线下部门选择进分级厂','找对部门',5,NULL,18,'','2018-02-22 06:44:23'),(685,1,'2017-05-04',1,3,'廉络','销户','BJ305017',5,NULL,18,'','2018-02-22 06:44:23'),(686,1,'2017-05-04',1,3,'廉络','910137 正大卜蜂（北京）国际贸易有限公司','上海服务器下载；维护额度、线路',5,NULL,18,'','2018-02-22 06:44:23'),(687,1,'2017-05-04',1,3,'梁英','天津市中心妇产科医院','GBM15000-16000；链接线路',4,NULL,18,'','2018-02-22 06:44:23'),(688,1,'2017-05-04',1,3,'梁英','唐人街(天津)餐饮管理有限公司','GBM15000-16000；链接线路',4,NULL,18,'','2018-02-22 06:44:23'),(689,1,'2017-05-04',1,2,'刘伟','修改客户额度','GBM18000完成',4,NULL,18,'','2018-02-22 06:44:23'),(690,1,'2017-05-04',1,3,'杨燕','呷哺呷哺餐饮管理有限公司~石家庄','GBM15000-16000；链接线路',4,NULL,18,'','2018-02-22 06:44:23'),(691,1,'2017-05-05',1,3,'杨燕','盐城正大福喜视食品有限公司','GBM15000-16000；链接线路',4,NULL,18,'','2018-02-22 06:44:23'),(692,1,'2017-05-05',1,3,'廉络','销户','HB405001',5,NULL,18,'','2018-02-22 06:44:23'),(693,1,'2017-05-05',1,3,'廉络','910126 怀来正大','上海服务器下载；维护额度、线路',5,NULL,18,'','2018-02-22 06:44:23'),(694,1,'2017-05-05',8,5,'梁丽艳','102946库存问题','查询后反馈操作人',5,NULL,18,'','2018-02-22 06:44:23'),(695,1,'2017-05-05',7,3,'王玉明','销户','一个税号对应两个CV，关停一个并转告刘翔鹤注意账目',5,NULL,18,'','2018-02-22 06:44:23'),(696,1,'2017-05-06',2,7,'王海霞','ITGS01000','设定',5,NULL,18,'','2018-02-22 06:44:23'),(697,1,'2017-05-06',8,5,'孔庆敏','核销57RM0000','核销',5,NULL,18,'','2018-02-22 06:44:23'),(698,1,'2017-05-06',6,5,'张超','手动发送61单至WM','发送',5,NULL,18,'','2018-02-22 06:44:23'),(699,1,'2017-05-06',1,1,'张超','强制删除24张50单重新开立','SLU03000（此菜单不能轻易使用）',5,NULL,18,'','2018-02-22 06:44:23'),(700,1,'2017-05-07',1,5,'朱军','72重打包申请单确认时少一个品','补72单',5,NULL,18,'','2018-02-22 06:44:23'),(701,1,'2017-05-08',8,1,'张丽','59RM0000箱数负库存（应为0）','写说明发IA',5,NULL,19,'','2018-02-22 06:44:23'),(702,1,'2017-05-08',1,7,'廉络','导出GBM18000信息','导出',5,NULL,19,'','2018-02-22 06:44:23'),(703,1,'2017-05-08',5,5,'贾豪磊','采购截单-919999 一笔4015120197','截单',5,NULL,19,'','2018-02-22 06:44:23'),(704,1,'2017-05-08',8,5,'梁丽艳','62单耗用日期','修改',5,NULL,19,'','2018-02-22 06:44:23'),(705,1,'2017-05-08',7,7,'王玉明','删除SCADA往农场发送数据 （换羽操作日期重复数据）','提交IA吉永总处理',5,NULL,19,'','2018-02-22 06:44:23'),(706,1,'2017-05-09',5,3,'杜雪松','梨树县孟家岭镇吉祥钙质粉厂A22241','上海服务器下载；维护GBM20000',5,NULL,19,'','2018-02-22 06:44:23'),(707,1,'2017-05-09',6,5,'曹文利','取消72单6笔','取消',5,NULL,19,'','2018-02-22 06:44:23'),(708,1,'2017-05-09',1,3,'张丽','更新税号-北京格恩福德','更新',5,NULL,19,'','2018-02-22 06:44:23'),(709,1,'2017-05-09',1,3,'李益如','供应商-北京尚品致源科技发展有限公司211591','GBM15000-16000',5,NULL,19,'','2018-02-22 06:44:23'),(710,1,'2017-05-09',2,3,'肖婧','员工：朱玉壮 001181','GBM15000-16000',5,NULL,19,'','2018-02-22 06:44:23'),(711,1,'2017-05-09',1,3,'张宁','没有B402仓位','GBM17000；链接线路',4,NULL,19,'','2018-02-22 06:44:23'),(712,1,'2017-05-09',2,7,'何雪琴','hexueqin   HXQ','设定',5,NULL,19,'','2018-02-22 06:44:23'),(713,1,'2017-05-09',8,5,'孔庆敏','核销57RM0000','核销',5,NULL,19,'','2018-02-22 06:44:23'),(714,1,'2017-05-09',2,7,'何雪琴','ITGS0100','设定',5,NULL,19,'','2018-02-22 06:44:23'),(715,1,'2017-05-09',2,7,'刘翔鹤','ITGS0100','设定',5,NULL,19,'','2018-02-22 06:44:23'),(716,1,'2017-05-09',2,5,'曹文利','会计进错菜单（液蛋成本在液蛋菜单操作，配置不同）','提交IA处理',5,NULL,19,'','2018-02-22 06:44:23'),(717,1,'2017-05-09',1,7,'李小静','56100003维护WMM05000','WMM05000',5,NULL,19,'','2018-02-22 06:44:23'),(718,1,'2017-05-09',1,7,'李小静','56100130D维护WMM05000','WMM05000',5,NULL,19,'','2018-02-22 06:44:23'),(719,1,'2017-05-09',1,5,'李小静','移库 PG--PB','移库',5,NULL,19,'','2018-02-22 06:44:23'),(720,1,'2017-05-09',1,5,'李小静','移库 PG--PB','移库',5,NULL,19,'','2018-02-22 06:44:23'),(721,1,'2017-05-09',1,5,'李小静','已呈现蓝色单子在SLM01930界面仍显示','写说明发IA',5,NULL,19,'','2018-02-22 06:44:23'),(722,1,'2017-05-09',1,3,'马红峪','正大小资味~建外店','GBM15000-16000；链接线路',4,NULL,19,'','2018-02-22 06:44:23'),(723,1,'2017-05-09',1,7,'髙君','从新梳理wmm05000权限','设定',4,NULL,19,'','2018-02-22 06:44:23'),(724,1,'2017-05-10',2,3,'刘翔鹤','已关停供应商再次开启（215467 代码重复关户时已删除税号）','GBM15000修改-现状代码：其他--确定',5,NULL,19,'','2018-02-22 06:44:23'),(725,1,'2017-05-10',5,3,'杜雪松','桦甸市永旺钙质石粉有限公司 A22232','上海服务器下载',5,NULL,19,'','2018-02-22 06:44:23'),(726,1,'2017-05-10',2,3,'郭丹','刁庆龙：001183','GBM15000-16000',5,NULL,19,'','2018-02-22 06:44:23'),(727,1,'2017-05-10',1,5,'刘洋','修改64票据时间','设定',4,NULL,19,'','2018-02-22 06:44:23'),(728,1,'2017-05-10',1,7,'张宁','WM系统进不去','修改密码',4,NULL,19,'','2018-02-22 06:44:23'),(729,1,'2017-05-10',1,3,'彭艳楠','供应商：广州焙蕾餐饮管理有限公司 211592','GBM15000-16000',5,NULL,19,'','2018-02-22 06:44:23'),(730,1,'2017-05-10',2,5,'朱琳','采购截单-211556 6笔','截单',5,NULL,19,'','2018-02-22 06:44:23'),(731,1,'2017-05-10',8,7,'包材库','114303包材有效日期设定','GBM29001',5,NULL,19,'','2018-02-22 06:44:23'),(732,1,'2017-05-10',1,7,'程俊','导出GBM15000','导出',5,NULL,19,'','2018-02-22 06:44:23'),(733,1,'2017-05-10',1,3,'魏小颖','变更通路','BJ10100495',4,NULL,19,'','2018-02-22 06:44:23'),(734,1,'2017-05-11',8,5,'梁丽艳','62单领用日期','修改',5,NULL,19,'','2018-02-22 06:44:23'),(735,1,'2017-05-11',2,3,'李淑贤','变更名称','210443',5,NULL,19,'','2018-02-22 06:44:23'),(736,1,'2017-05-11',5,3,'杜雪松','正大畜牧投资(北京)有限公司 9A0254','上海服务器下载',5,NULL,19,'','2018-02-22 06:44:23'),(737,1,'2017-05-11',5,3,'杜雪松','卓资县盛通钙石粉厂 A15089','上海服务器下载',5,NULL,19,'','2018-02-22 06:44:23'),(738,1,'2017-05-11',2,3,'冯渊','广州辉隆物流有限公司 211594','GBM15000-16000',5,NULL,19,'','2018-02-22 06:44:23'),(739,1,'2017-05-11',7,3,'李淑贤','更新税号-北京喜禽药业有限公司','上海服务器；GBM15000',5,NULL,19,'','2018-02-22 06:44:23'),(740,1,'2017-05-11',7,7,'李淑贤','31698','GBM29000',5,NULL,19,'','2018-02-22 06:44:23'),(741,1,'2017-05-11',8,5,'梁丽艳','核销57RM0000','核销',5,NULL,19,'','2018-02-22 06:44:23'),(742,1,'2017-05-12',1,5,'李小静','确认单据报错','提交IA解决',5,NULL,19,'','2018-02-22 06:44:23'),(743,1,'2017-05-13',8,5,'梁丽艳','62单耗用日期','设定',5,NULL,19,'','2018-02-22 06:44:23'),(744,1,'2017-05-13',1,3,'李虹宇','增加仓位','GBM17000-18000；链接线路',5,NULL,19,'','2018-02-22 06:44:23'),(745,1,'2017-05-13',6,7,'高峰','WMM05000','设定',5,NULL,19,'','2018-02-22 06:44:23'),(746,1,'2017-05-14',1,7,'刘小二','56200150B移库（产品变更箱规）','恢复重走流程、将56200150B先移至不可售仓位，订单走完后再移至PB',5,NULL,19,'','2018-02-22 06:44:23'),(747,1,'2017-05-15',8,3,'秦鹏飞','维护211198GBM20000信息','添加',5,NULL,20,'','2018-02-22 06:44:23'),(748,1,'2017-05-15',6,3,'曹文利','维护211594GBM20000信息','添加',5,NULL,20,'','2018-02-22 06:44:23'),(749,1,'2017-05-15',2,3,'张志强','苏满立 001184','GBM15000-16000',5,NULL,20,'','2018-02-22 06:44:23'),(750,1,'2017-05-15',2,3,'张志强','变更名称','国网天津市电力公司210002',5,NULL,20,'','2018-02-22 06:44:23'),(751,1,'2017-05-16',2,7,'李淑贤','PUI01000，PUI02000，PUI03000，PUI05000','设定',4,NULL,20,'','2018-02-22 06:44:23'),(752,1,'2017-05-16',2,7,'秦鹏飞','PUI01000，PUI02000，PUI03000，PUI05000','设定',4,NULL,20,'','2018-02-22 06:44:23'),(753,1,'2017-05-16',5,3,'杜雪松','A13243更新客户名称','上海服务器重新下载',5,NULL,20,'','2018-02-22 06:44:23'),(754,1,'2017-05-16',7,7,'李淑贤','物料采购单农场接收不到','反馈IA。GBM20000未添加',5,NULL,20,'','2018-02-22 06:44:23'),(755,1,'2017-05-16',7,1,'赵琴琴','农场系统没有4、5、12栋的饲料耗用','写说明发客服',5,NULL,20,'','2018-02-22 06:44:23'),(756,1,'2017-05-16',1,3,'彭艳楠','哈尔滨双城瑞麦食品有限公司','GBM15000-16000，链接线路',4,NULL,20,'','2018-02-22 06:44:23'),(757,1,'2017-05-16',2,3,'董伟国','北京华测北方检测技术有限公司 211595','GBM15000-16000',5,NULL,20,'','2018-02-22 06:44:23'),(758,1,'2017-05-17',1,7,'王玉明','IA新来同事需要增加SS、WM账号','设定',4,NULL,20,'','2018-02-22 06:44:23'),(759,1,'2017-05-17',2,3,'刘琴','诺安实力可商品检验（上海）有限公司 211596','GBM15000-16000',5,NULL,20,'','2018-02-22 06:44:23'),(760,1,'2017-05-17',1,5,'刘洋','修改64日期','GBM44800',4,NULL,20,'','2018-02-22 06:44:23'),(761,1,'2017-05-17',1,2,'杨燕','增加仓位TJ502022客户需要走深加工产品','设定',4,NULL,20,'','2018-02-22 06:44:23'),(762,1,'2017-05-18',5,3,'杜雪松','从上海服务器下载供应商信息','ITG11000，GBM20000',4,NULL,20,'','2018-02-22 06:44:23'),(763,1,'2017-05-18',1,5,'杨燕','修改64日期','GBM44800',4,NULL,20,'','2018-02-22 06:44:23'),(764,1,'2017-05-19',1,3,'杨燕','从上海服务器下载供应商信息','GBM15000-16000',1,NULL,20,'','2018-02-22 06:44:23'),(765,1,'2017-05-22',7,5,'赵琴琴','17号以后，SCADA取数不全','疑为17日断电导致，重启服务器观察',5,NULL,21,'','2018-02-22 06:44:23'),(766,1,'2017-05-22',1,3,'杨燕','增加仓位BJ10100201','GBM17000-GBM18000,DCM06000',4,NULL,21,'','2018-02-22 06:44:23'),(767,1,'2017-05-22',1,3,'杨燕','增加仓位BJ10100202','GBM17000-GBM18000,DCM06000',4,NULL,21,'','2018-02-22 06:44:23'),(768,1,'2017-05-22',1,3,'杨燕','增加仓位BJ10100203','GBM17000-GBM18000,DCM06000',4,NULL,21,'','2018-02-22 06:44:23'),(769,1,'2017-05-22',1,3,'杨燕','增加仓位BJ10100204','GBM17000-GBM18000,DCM06000',4,NULL,21,'','2018-02-22 06:44:23'),(770,1,'2017-05-22',1,3,'杨燕','增加仓位BJ10100205','GBM17000-GBM18000,DCM06000',4,NULL,21,'','2018-02-22 06:44:23'),(771,1,'2017-05-22',1,3,'杨燕','增加仓位BJ10100206','GBM17000-GBM18000,DCM06000',4,NULL,21,'','2018-02-22 06:44:23'),(772,1,'2017-05-22',1,3,'杨燕','增加仓位BJ10100207','GBM17000-GBM18000,DCM06000',4,NULL,21,'','2018-02-22 06:44:23'),(773,1,'2017-05-22',1,3,'杨燕','增加仓位BJ10100208','GBM17000-GBM18000,DCM06000',4,NULL,21,'','2018-02-22 06:44:23'),(774,1,'2017-05-23',1,5,'刘小二','54405040WM库存比SS库存少2盒','查询差异产生原因，问题单据重做',5,NULL,21,'','2018-02-22 06:44:23'),(775,1,'2017-05-23',1,3,'杨燕','变更业务','GBM23100',5,NULL,21,'','2018-02-22 06:44:23'),(776,1,'2017-05-23',8,7,'梁丽艳','57RM0000需要手工核销','WMM64000里核销',4,NULL,21,'','2018-02-22 06:44:23'),(777,1,'2017-05-23',1,1,'刘洋','4个50单DCM12000确认报错，没有金额','提交IA处理',4,NULL,21,'','2018-02-22 06:44:23'),(778,1,'2017-05-23',1,5,'刘小二','打印调拨单格式不协调有空白页','提交IA处理',4,NULL,21,'','2018-02-22 06:44:23'),(779,1,'2017-05-23',1,3,'李建秋','需要从天津发货没有路线','DCM06000设定',4,NULL,21,'','2018-02-22 06:44:23'),(780,1,'2017-05-23',1,5,'张宁','状态显示等待备货，DCM12000没有单子','IA协助删除单子，重开',4,NULL,21,'','2018-02-22 06:44:23'),(781,1,'2017-05-23',2,3,'秦鹏飞','保定市南市区金鑫业五金水暖门市部 ','211597',5,NULL,21,'','2018-02-22 06:44:23'),(782,1,'2017-05-23',2,3,'秦鹏飞','任县汇泰机械厂','211598',5,NULL,21,'','2018-02-22 06:44:23'),(783,1,'2017-05-24',2,3,'张晓磊','北京同方科迅技术开发有限公司','211599',5,NULL,21,'','2018-02-22 06:44:23'),(784,1,'2017-05-24',2,7,'杜雪松','需要更新原料检验指标','CTS01007、CTS01008',4,NULL,21,'','2018-02-22 06:44:23'),(785,1,'2017-05-24',1,5,'高洁','修改64单日期','修改',4,NULL,21,'','2018-02-22 06:44:23'),(786,1,'2017-05-24',2,3,'张宝英','冉艳','001186',5,NULL,21,'','2018-02-22 06:44:23'),(787,1,'2017-05-24',2,3,'张宝英','王艳芝','001187',5,NULL,21,'','2018-02-22 06:44:23'),(788,1,'2017-05-25',2,3,'李淑贤','变更税号','上海服务器新增-发送--SS系统修改',5,NULL,21,'','2018-02-22 06:44:23'),(789,1,'2017-05-25',2,7,'曹文利','ITGS0100','设定',5,NULL,21,'','2018-02-22 06:44:23'),(790,1,'2017-05-25',8,5,'梁丽艳','修改62单日期','设定',5,NULL,21,'','2018-02-22 06:44:23'),(791,1,'2017-05-25',2,3,'阴攀','北京日报社 211600','GBM15000-16000',5,NULL,21,'','2018-02-22 06:44:23'),(792,1,'2017-05-25',2,3,'','深圳市腾讯计算机系统有限公司 211601','GBM15000-16000',2,NULL,21,'','2018-02-22 06:44:23'),(793,1,'2017-05-25',9,7,'黄佩臣','产成品日结出错','58100010A产品设定EGGM0600',4,NULL,21,'','2018-02-22 06:44:23'),(794,1,'2017-05-25',5,7,'李鹏飞','开权限','设定',5,NULL,21,'','2018-02-22 06:44:23'),(795,1,'2017-05-26',2,3,'刘琴','山东中检培训有限公司 211602','GBM15000-16000',5,NULL,21,'','2018-02-22 06:44:23'),(796,1,'2017-05-26',6,3,'冯渊','增加仓位','GBM20000-211409添加入库仓位',5,NULL,21,'','2018-02-22 06:44:23'),(797,1,'2017-05-26',2,3,'张宝英','张巍巍','001188',5,NULL,21,'','2018-02-22 06:44:23'),(798,1,'2017-05-26',2,3,'石欣旺','北京北森云计算股份有限公司  211603','GBM15000-16000',5,NULL,21,'','2018-02-22 06:44:23'),(799,1,'2017-05-27',1,3,'杨燕','上海避风塘美食餐饮有限公司SH61601','GBM15000-GBM18000,DCM06000',4,NULL,21,'','2018-02-22 06:44:23'),(800,1,'2017-05-27',6,5,'宋宇航','产品设置问题','通知操作人联系平台设置',5,NULL,21,'','2018-02-22 06:44:23'),(801,1,'2017-05-31',8,5,'梁丽艳','取消62领用单','恢复-删除',5,NULL,22,'','2018-02-22 06:44:23'),(802,1,'2017-05-31',1,7,'髙君','高洁离职，需要停用账号','设定账号终止',4,NULL,22,'','2018-02-22 06:44:23'),(803,1,'2017-05-31',7,5,'肖婧','入库单选择报错','退出菜单重进',5,NULL,22,'','2018-02-22 06:44:23'),(804,1,'2017-05-31',7,7,'李淑贤','药品疫苗|防治|细菌|50%盐酸多西环素可溶性粉','GBM29000',5,NULL,22,'','2018-02-22 06:44:23'),(805,1,'2017-05-31',1,3,'梁英','天津康宏达商贸有限公司TJ613001','GBM17000-GBM18000,DCM06000',4,NULL,22,'','2018-02-22 06:44:23'),(806,1,'2017-05-31',1,3,'梁英','天津盛欣嘉茂商贸有限公司TJ617005','GBM17000-GBM18000,DCM06000',4,NULL,22,'','2018-02-22 06:44:23'),(807,1,'2017-05-31',1,3,'彭艳楠','修改名称为：青岛丹香投资管理有限公司','上海服务器修改，重新发送',4,NULL,22,'','2018-02-22 06:44:23'),(808,1,'2017-05-31',1,7,'刘嘉丽','开权限','设定',4,NULL,22,'','2018-02-22 06:44:23'),(809,1,'2017-05-31',1,7,'张超','WM系统找到不到SP单据','手动发送',4,NULL,22,'','2018-02-22 06:44:23'),(810,1,'2017-05-31',1,3,'梁英','天津兴源磁餐饮企业管理有限公司  TJ616005','GBM17000-GBM18000,DCM06000',5,NULL,22,'','2018-02-22 06:44:23'),(811,1,'2017-05-31',7,7,'李淑贤','药品疫苗|防治|细菌|50%盐酸多西环素可溶性粉 000000000102519','GBM29000',5,NULL,22,'','2018-02-22 06:44:23'),(812,1,'2017-06-01',1,3,'刘嘉丽','刘嘉丽 001189','GBM15000-16000',5,NULL,22,'','2018-02-22 06:44:23'),(813,1,'2017-06-01',6,5,'宋宇航','72重打包确认单取消','取消',5,NULL,22,'','2018-02-22 06:44:23'),(814,1,'2017-06-01',1,5,'张宁','一个SP对应多张50，剩余一张未发货，DCM12000不见单子','提交IA删除',4,NULL,22,'','2018-02-22 06:44:23'),(815,1,'2017-06-01',1,7,'髙君','产品53203019 B402PG仓位多出41箱','提交IA处理',4,NULL,22,'','2018-02-22 06:44:23'),(816,1,'2017-06-01',5,5,'李鹏飞','SS系统登录密码不能修改','修改',4,NULL,22,'','2018-02-22 06:44:23'),(817,1,'2017-06-01',1,7,'刘嘉丽','需要STI10100查看余额权限','开权限',4,NULL,22,'','2018-02-22 06:44:23'),(818,1,'2017-06-01',8,5,'梁丽艳','补入库后未重新日结导致库存不对','重新日结、核销57RM0000',5,NULL,22,'','2018-02-22 06:44:23'),(819,1,'2017-06-01',1,5,'李建秋','一个SP对应多张50，剩余一张未发货，DCM12000不见单子','提交IA处理',4,NULL,22,'','2018-02-22 06:44:23'),(820,1,'2017-06-01',1,3,'杨燕','北京尚品致源科技发展有限公司211591','GBM17000-18000，设置路线',4,NULL,22,'','2018-02-22 06:44:23'),(821,1,'2017-06-01',8,5,'梁丽艳','62领料单','取消',4,NULL,22,'','2018-02-22 06:44:23'),(822,1,'2017-06-02',2,3,'崔进争','北京市安理律师事务所 211605','GBM15000-16000',5,NULL,22,'','2018-02-22 06:44:23'),(823,1,'2017-06-02',2,3,'秦鹏飞','天津市百达装饰工程有限公司  211606 ','GBM15000-16000',5,NULL,22,'','2018-02-22 06:44:23'),(824,1,'2017-06-02',2,3,'秦鹏飞','天津亚峰科技有限公司 211607','GBM15000-16000',5,NULL,22,'','2018-02-22 06:44:23'),(825,1,'2017-06-02',2,3,'秦鹏飞','北京中宇天成机械制造有限公司 211608','GBM15000-16000',5,NULL,22,'','2018-02-22 06:44:23'),(826,1,'2017-06-02',2,3,'秦鹏飞','天津市南开区你我有约百货商行 211609','GBM15000-16000',5,NULL,22,'','2018-02-22 06:44:23'),(827,1,'2017-06-02',2,3,'秦鹏飞','重庆叁陆零制冷设备有限公司 211610','GBM15000-16000',5,NULL,22,'','2018-02-22 06:44:23'),(828,1,'2017-06-02',5,7,'李鹏飞','CRR -FMR52000','设定',5,NULL,22,'','2018-02-22 06:44:23'),(829,1,'2017-06-02',9,7,'陈海波','STM15001','设定',5,NULL,22,'','2018-02-22 06:44:23'),(830,1,'2017-06-02',1,3,'刘沧泉','正大电子商务（浙江）有限公司 910754','上海服务器下载；维护GBM16000-18000信息',5,NULL,22,'','2018-02-22 06:44:23'),(831,1,'2017-06-02',5,5,'贾豪磊','4015120209小料采购单截单','PUI03000',5,NULL,22,'','2018-02-22 06:44:23'),(832,1,'2017-06-02',1,7,'彭艳楠','没有WM账号，需要开','设定账号和权限',4,NULL,22,'','2018-02-22 06:44:23'),(833,1,'2017-06-02',1,7,'廉络','SHSI0510菜单“实发枚数”改为实际枚数','提交IA',5,NULL,22,'','2018-02-22 06:44:23'),(834,1,'2017-06-02',2,5,'冯渊','211401供应商截单10笔','PUI03000',5,NULL,22,'','2018-02-22 06:44:23'),(835,1,'2017-06-03',1,7,'刘小二','51200006WM系统库存有小数点','提交IA处理',4,NULL,22,'','2018-02-22 06:44:23'),(836,1,'2017-06-03',1,7,'杜爱宇','SLM01930菜单有已经发货的单子18个','提交IA处理',4,NULL,22,'','2018-02-22 06:44:23'),(837,1,'2017-06-03',1,5,'张玉香','DCM1200确认出错一个Sp对应多个50单不能删除','提交IA处理',4,NULL,22,'','2018-02-22 06:44:24'),(838,1,'2017-06-03',1,5,'张超','DCM1200确认出错一个Sp对应多个50单不能删除','提交IA处理',4,NULL,22,'','2018-02-22 06:44:24'),(839,1,'2017-06-04',1,5,'刘小二','修改64时间','修改',4,NULL,22,'','2018-02-22 06:44:24'),(840,1,'2017-06-04',1,7,'陈晶伟','对应车牌号，51200006产品报错','单独开单子，选择6月3日生产日期',4,NULL,22,'','2018-02-22 06:44:24'),(841,1,'2017-06-05',8,5,'梁丽艳','核销57RM0000','核销',5,NULL,23,'','2018-02-22 06:44:24'),(842,1,'2017-06-05',7,3,'刘翔鹤','910351-宁夏晓鸣','总部下载，维护GBM20000',5,NULL,23,'','2018-02-22 06:44:24'),(843,1,'2017-06-05',7,3,'刘翔鹤','210831-宁夏晓鸣','暂停',5,NULL,23,'','2018-02-22 06:44:24'),(844,1,'2017-06-05',5,5,'朱磊','重置密码','重置',5,NULL,23,'','2018-02-22 06:44:24'),(845,1,'2017-06-05',1,3,'李小静','增加仓位','GBM17000-GBM18000,DCM06000',4,NULL,23,'','2018-02-22 06:44:24'),(846,1,'2017-06-06',5,5,'朱磊','手工开磅','FMM35000',5,NULL,23,'','2018-02-22 06:44:24'),(847,1,'2017-06-06',2,3,'秦鹏飞','北京安达伟业液压升降机械设备有限公司 211611','上海服务器；GBM15000-16000',5,NULL,23,'','2018-02-22 06:44:24'),(848,1,'2017-06-06',2,3,'秦鹏飞','更新税号','必达（天津）家畜饲养设备有限公司 ',5,NULL,23,'','2018-02-22 06:44:24'),(849,1,'2017-06-06',1,3,'杨燕','北京龙城丽华快餐餐饮管理有限公司','添加税号，GBM15000-18000，设置路线',4,NULL,23,'','2018-02-22 06:44:24'),(850,1,'2017-06-06',2,7,'何雪琴','开权限','设定',5,NULL,23,'','2018-02-22 06:44:24'),(851,1,'2017-06-06',5,3,'贾豪磊','山东京粮兴贸贸易有限公司  211612','GBM15000-16000；GBM20000',5,NULL,23,'','2018-02-22 06:44:24'),(852,1,'2017-06-07',5,5,'蔡得华','重打包选错作业代码','重新选择正确代码 ',5,NULL,23,'','2018-02-22 06:44:24'),(853,1,'2017-06-07',2,3,'何平','正大卜蜂贸易发展有限公司 919981','总部下载',5,NULL,23,'','2018-02-22 06:44:24'),(854,1,'2017-06-07',8,5,'朱军','57RM0000确认出库','A2A202-65;D1D101-717264',5,NULL,23,'','2018-02-22 06:44:24'),(855,1,'2017-06-07',8,5,'梁丽艳','核销57RM0000','核销',5,NULL,23,'','2018-02-22 06:44:24'),(856,1,'2017-06-07',1,5,'朱军','DCM12000确认报错','代其完成确认未报错',4,NULL,23,'','2018-02-22 06:44:24'),(857,1,'2017-06-08',1,3,'张宁','修改账期','天津瑞恩餐饮管理有限公司修改账期为30天',4,NULL,23,'','2018-02-22 06:44:24'),(858,1,'2017-06-08',1,3,'梁英','修改额度','天津市圣光置业有限公司滨海圣光皇冠假日酒店修改为10万',4,NULL,23,'','2018-02-22 06:44:24'),(859,1,'2017-06-08',2,7,'廉络','开权限SLI19000','设定',4,NULL,23,'','2018-02-22 06:44:24'),(860,1,'2017-06-08',1,7,'髙君','52100006出现小数点','提交IA处理',4,NULL,23,'','2018-02-22 06:44:24'),(861,1,'2017-06-08',7,3,'李淑贤','增加仓位','910551-GBM20000',5,NULL,23,'','2018-02-22 06:44:24'),(862,1,'2017-06-09',1,5,'李小静','提示库存不足','检查退货已入库，手动发送64单至WM',5,NULL,23,'','2018-02-22 06:44:24'),(863,1,'2017-06-09',8,5,'李小静','取消入库单','检查41单是否发送至SAP--恢复--取消',5,NULL,23,'','2018-02-22 06:44:24'),(864,1,'2017-06-09',2,7,'何雪琴','JVU01000','设定',5,NULL,23,'','2018-02-22 06:44:24'),(865,1,'2017-06-10',1,5,'刘洋','53202006产品有实物20盒，系统库存20盒，但在PG仓位','实物与系统库存一致--移库',5,NULL,23,'','2018-02-22 06:44:24'),(866,1,'2017-06-10',8,5,'孔庆敏','删除65非生产出库单','删除',5,NULL,23,'','2018-02-22 06:44:24'),(867,1,'2017-06-10',8,5,'孔庆敏','核销57RM0000','核销',5,NULL,23,'','2018-02-22 06:44:24'),(868,1,'2017-06-10',8,5,'孔庆敏','59201010产品WMM07000设定未选择托盘代码','设定托盘信息',5,NULL,23,'','2018-02-22 06:44:24'),(869,1,'2017-06-10',8,5,'孔庆敏','62领用单产品代码有错','恢复-删除',5,NULL,23,'','2018-02-22 06:44:24'),(870,1,'2017-06-10',8,5,'孔庆敏','62耗用单删除','删除',5,NULL,23,'','2018-02-22 06:44:24'),(871,1,'2017-06-11',1,5,'杨燕','56100131未设置WMM05000，导致发货单带不出去。50发货单仍存在于订单开立界面','写说明发IA',5,NULL,23,'','2018-02-22 06:44:24'),(872,1,'2017-06-11',1,5,'王涛','现款户，实际余额足，但是单子审核不过去','发送51单至SAP',5,NULL,23,'','2018-02-22 06:44:24'),(873,1,'2017-06-11',1,1,'杨燕','部分客户订单开立后，自动取消呈现红色','反馈SAP项目组解决',5,NULL,23,'','2018-02-22 06:44:24'),(874,1,'2017-06-11',2,5,'陈阳','重置密码','修改',5,NULL,23,'','2018-02-22 06:44:24'),(875,1,'2017-06-12',1,3,'廉络','变更账期额度','TJ616005-开户签呈10万额度，SS被开成10块',5,NULL,24,'','2018-02-22 06:44:24'),(876,1,'2017-06-12',2,3,'张保英','个人：001190','GBM15000-16000',5,NULL,24,'','2018-02-22 06:44:24'),(877,1,'2017-06-12',1,5,'廉络','取消20450-6月9日-53、64、RS单据','发文档给IA解决',5,NULL,24,'','2018-02-22 06:44:24'),(878,1,'2017-06-12',2,3,'秦鹏飞','上海众平科技有限公司 211613','GBM15000-16000',5,NULL,24,'','2018-02-22 06:44:24'),(879,1,'2017-06-13',7,1,'邢文志','SCADA从6月9日开始取不到数','写文档发IA解决',5,NULL,24,'','2018-02-22 06:44:24'),(880,1,'2017-06-13',5,7,'李鹏飞','从总部下载igdcd','CTS01000',5,NULL,24,'','2018-02-22 06:44:24'),(881,1,'2017-06-13',1,7,'刘嘉丽','需要SLI19000菜单权限','设定',4,NULL,24,'','2018-02-22 06:44:24'),(882,1,'2017-06-13',1,3,'刘嘉丽','修改收货地址','承德宽广超市集团有限公司嘉和分公司',4,NULL,24,'','2018-02-22 06:44:24'),(883,1,'2017-06-13',1,1,'张宁','产品：WMI01000菜单显示错误','提交IA处理',4,NULL,24,'','2018-02-22 06:44:24'),(884,1,'2017-06-14',8,5,'梁丽艳','62单耗用日期','修改',5,NULL,24,'','2018-02-22 06:44:24'),(885,1,'2017-06-14',1,3,'马红峪','北京超市发连锁股份有限公司~右安门店','GBM15000-16000，链接线路',4,NULL,24,'','2018-02-22 06:44:24'),(886,1,'2017-06-14',1,5,'刘洋','51503240产品有实物7箱，系统库存7箱，但有4箱在PG仓位','实物与系统库存一致--移库',5,NULL,24,'','2018-02-22 06:44:24'),(887,1,'2017-06-15',2,3,'张晓磊','北京亿明电气设备有限公司 211615','GBM15000-16000',5,NULL,24,'','2018-02-22 06:44:24'),(888,1,'2017-06-15',1,3,'彭艳楠','北京味食源品科技有限责任公司','GBM15000-16000，链接线路',4,NULL,24,'','2018-02-22 06:44:24'),(889,1,'2017-06-15',1,3,'马红峪','修改通路','修改',4,NULL,24,'','2018-02-22 06:44:24'),(890,1,'2017-06-16',2,5,'王云','更改SS系统密码','修改',4,NULL,24,'','2018-02-22 06:44:24'),(891,1,'2017-06-16',1,3,'李晓静','增加仓位B402','链接线路',4,NULL,24,'','2018-02-22 06:44:24'),(892,1,'2017-06-16',5,3,'杜雪松','增加供应商：秦皇岛世伏物流有限公司','GBM15000-GBM16000',4,NULL,24,'','2018-02-22 06:44:24'),(893,1,'2017-06-16',7,7,'邢文志','6月12日农场摄像头没有取到数','分级发送数据，农场导入饲养信息',4,NULL,24,'','2018-02-22 06:44:24'),(894,1,'2017-06-19',1,5,'刘嘉丽','删除销售订单','恢复/删除',4,NULL,25,'','2018-02-22 06:44:24'),(895,1,'2017-06-20',2,5,'王喻善','修改SS密码','修改',4,NULL,25,'','2018-02-22 06:44:24'),(896,1,'2017-06-20',1,3,'彭艳楠','河南明园食品有限公司','GBM15000-GBM18000,DCM06000',4,NULL,25,'','2018-02-22 06:44:24'),(897,1,'2017-06-20',1,3,'彭艳楠','北京天荣兴旺科技有限公司','GBM15000-GBM18000,DCM06000',4,NULL,25,'','2018-02-22 06:44:24'),(898,1,'2017-06-20',1,2,'梁英','开户：TJ617006','GBM15000-GBM18000,DCM06000',4,NULL,25,'','2018-02-22 06:44:24'),(899,1,'2017-06-20',1,3,'梁英','天津市集贤佰悦海鲜酒楼有限公司','GBM15000-GBM18000,DCM06000',4,NULL,25,'','2018-02-22 06:44:24'),(900,1,'2017-06-20',1,3,'李红宇','北京开心美和食品有限公司','GBM15000-GBM18000,DCM06000',4,NULL,25,'','2018-02-22 06:44:24'),(901,1,'2017-06-20',1,3,'李红宇','天路行国际贸易(北京)有限公司','GBM15000-GBM18000,DCM06000',4,NULL,25,'','2018-02-22 06:44:24'),(902,1,'2017-06-20',1,3,'李红宇','嘉岗贸易(上海）有限公司','GBM15000-GBM18000,DCM06000',4,NULL,25,'','2018-02-22 06:44:24'),(903,1,'2017-06-20',1,3,'李红宇','BJ202028更改渠道级别价格','GBM1600-GBM17000',4,NULL,25,'','2018-02-22 06:44:24'),(904,1,'2017-06-20',8,5,'梁丽艳','重置密码','修改',5,NULL,25,'','2018-02-22 06:44:24'),(905,1,'2017-06-20',8,5,'孔庆敏','核销57RM0000','核销',5,NULL,25,'','2018-02-22 06:44:24'),(906,1,'2017-06-20',1,7,'张超','对应车牌号报错，库存不足','删除对应产品入库，重新入库到指定仓位',4,NULL,25,'','2018-02-22 06:44:24'),(907,1,'2017-06-21',8,5,'梁丽艳','62单耗用日期','修改',4,NULL,25,'','2018-02-22 06:44:24'),(908,1,'2017-06-21',2,3,'王雪婷','添加SS系统','GBM15000-16000',5,NULL,25,'','2018-02-22 06:44:24'),(909,1,'2017-06-21',2,3,'秦鹏飞','北京昆山电器科技有限公司 211617','GBM15000-16000',5,NULL,25,'','2018-02-22 06:44:24'),(910,1,'2017-06-21',2,3,'秦鹏飞','北京峪口树荣自行车门市部 211618','GBM15000-16000',5,NULL,25,'','2018-02-22 06:44:24'),(911,1,'2017-06-21',2,3,'杨宝田','添加SS系统','GBM15000-16000',5,NULL,25,'','2018-02-22 06:44:24'),(912,1,'2017-06-21',2,3,'张宝英','高洁001193','GBM15000-16000',5,NULL,25,'','2018-02-22 06:44:24'),(913,1,'2017-06-21',2,3,'张宝英','高丽001194','GBM15000-16000',5,NULL,25,'','2018-02-22 06:44:24'),(914,1,'2017-06-22',2,3,'张晓磊','北京中汇博纳商贸有限公司 211619','GBM15000-16000',5,NULL,25,'','2018-02-22 06:44:24'),(915,1,'2017-06-22',2,3,'彭艳楠','李陈林 001195','GBM15000-16000',5,NULL,25,'','2018-02-22 06:44:24'),(916,1,'2017-06-22',1,5,'刘洋','修改调拨入库时间','修改',4,NULL,25,'','2018-02-22 06:44:24'),(917,1,'2017-06-22',8,5,'梁丽艳','62单领用日期','修改',5,NULL,25,'','2018-02-22 06:44:24'),(918,1,'2017-06-23',7,5,'肖婧','scada上开启5栋修改批次','找吉永庆表解决',4,NULL,25,'','2018-02-22 06:44:24'),(919,1,'2017-06-26',8,5,'梁丽艳','62单耗用日期','修改',5,NULL,26,'','2018-02-22 06:44:24'),(920,1,'2017-06-26',2,5,'冯渊','截单共110笔','PUI03000',5,NULL,26,'','2018-02-22 06:44:24'),(921,1,'2017-06-26',2,3,'梁丽艳','刘瑞昱 001196','上海服务器、SS、SAP',5,NULL,26,'','2018-02-22 06:44:24'),(922,1,'2017-06-27',1,3,'谭小宇','修改北京尚品致源科技发展有限公司地址','GBM15000',4,NULL,26,'','2018-02-22 06:44:24'),(923,1,'2017-06-27',2,3,'张宁','张蕊 001197','上海服务器、SS、SAP',5,NULL,26,'','2018-02-22 06:44:24'),(924,1,'2017-06-27',1,3,'梁英','上海晓熹水产有限公司','GBM15000-GBM18000,DCM06000',4,NULL,26,'','2018-02-22 06:44:24'),(925,1,'2017-06-28',7,7,'李淑贤','92596 药品疫苗|免疫|传鼻灭活苗|A+C|A型','GBM29000',5,NULL,26,'','2018-02-22 06:44:24'),(926,1,'2017-06-28',7,3,'李淑贤','变更税号','211340、维护SAP',5,NULL,26,'','2018-02-22 06:44:24'),(927,1,'2017-06-28',7,3,'李淑贤','变更税号','210422、维护SAP',5,NULL,26,'','2018-02-22 06:44:24'),(928,1,'2017-06-28',1,7,'刘洋','修改调拨入库时间','修改',4,NULL,26,'','2018-02-22 06:44:24'),(929,1,'2017-06-28',1,7,'髙君','梳理禁止SS离职人员账号','禁用',4,NULL,26,'','2018-02-22 06:44:24'),(930,1,'2017-06-28',9,7,'王瑜善','需要WM58400.WMM6000，EGM10901','开权限',4,NULL,26,'','2018-02-22 06:44:24'),(931,1,'2017-06-29',2,3,'秦鹏飞','变更税号','210973、维护SAP',5,NULL,26,'','2018-02-22 06:44:24'),(932,1,'2017-06-29',7,3,'李淑贤','变更税号','210973、维护SAP',5,NULL,26,'','2018-02-22 06:44:24'),(933,1,'2017-06-29',7,7,'李淑贤','63735 药品疫苗|防治|支原体|10%盐酸沃尼妙林预混剂','GBM29000',5,NULL,26,'','2018-02-22 06:44:24'),(934,1,'2017-06-29',1,2,'梁英','开户：TJ616007','GBM15000-GBM18000,DCM06000',4,NULL,26,'','2018-02-22 06:44:24'),(935,1,'2017-06-30',2,3,'刘翔鹤','正大蛋业（吉林）有限公司 910233','总部下载；提交维护SAP',5,NULL,26,'','2018-02-22 06:44:24'),(936,1,'2017-06-30',2,7,'王敬宇','王敬宇','SSOA',5,NULL,26,'','2018-02-22 06:44:24'),(937,1,'2017-06-30',8,7,'秦鹏飞','118824入库不显示产品信息','GBM29001-产品设置日期提前（要早于采购单申请日期）',5,NULL,26,'','2018-02-22 06:44:24'),(938,1,'2017-06-30',2,3,'秦鹏飞','北京北化福瑞科技有限公司 211624','上海服务器、SS、SAP',5,NULL,26,'','2018-02-22 06:44:24'),(939,1,'2017-06-30',2,3,'秦鹏飞','唐山清平商贸有限公司 211625','上海服务器、SS、SAP',5,NULL,26,'','2018-02-22 06:44:24'),(940,1,'2017-06-30',1,7,'刘洋','没有账号开ss账号权限，vpn权限','设置',4,NULL,26,'','2018-02-22 06:44:24'),(941,1,'2017-07-03',2,3,'石欣旺','刘建萍 001198','上海服务器、SS、SAP',5,NULL,27,'','2018-02-22 06:44:24'),(942,1,'2017-07-03',2,3,'李晓晓','青岛鸿拓农牧有限公司 211626','上海服务器、SS、SAP',5,NULL,27,'','2018-02-22 06:44:24'),(943,1,'2017-07-03',2,3,'冯渊','广州市兴佳国际货运代理有限公司 211627','上海服务器、SS、SAP',5,NULL,27,'','2018-02-22 06:44:24'),(944,1,'2017-07-03',8,5,'梁丽艳','62单领用日期','修改',5,NULL,27,'','2018-02-22 06:44:24'),(945,1,'2017-07-03',1,5,'陈晶伟','移库','移库',5,NULL,27,'','2018-02-22 06:44:24'),(946,1,'2017-07-03',2,5,'王玉','重置密码','重置密码',5,NULL,27,'','2018-02-22 06:44:24'),(947,1,'2017-07-03',2,5,'王玉','重置密码','重置密码',5,NULL,27,'','2018-02-22 06:44:24'),(948,1,'2017-07-03',1,7,'张超','WW、SS库存不一致','提交IA解决',4,NULL,27,'','2018-02-22 06:44:24'),(949,1,'2017-07-03',1,7,'杨燕','SLM01930菜单有已经发货的单子2个','提交IA解决',4,NULL,27,'','2018-02-22 06:44:24'),(950,1,'2017-07-03',2,7,'曹文利','开立WM系统账号','设置',4,NULL,27,'','2018-02-22 06:44:24'),(951,1,'2017-07-04',2,3,'秦鹏飞','北京麦克卓思信息技术有限公司 211628','上海服务器、SS、SAP',5,NULL,27,'','2018-02-22 06:44:24'),(952,1,'2017-07-04',2,3,'秦鹏飞','天津隆达输送设备有限公司 211629','上海服务器、SS、SAP',5,NULL,27,'','2018-02-22 06:44:24'),(953,1,'2017-07-04',5,7,'李鹏飞','91097','总部下载（注意同时维护产品系列）',5,NULL,27,'','2018-02-22 06:44:24'),(954,1,'2017-07-04',8,5,'孔庆敏','核销57RM0000','核销',5,NULL,27,'','2018-02-22 06:44:24'),(955,1,'2017-07-04',1,7,'马红峪','一张SP对应2张50单据一张已经发货，一张有问题','删除问题50单据',4,NULL,27,'','2018-02-22 06:44:24'),(956,1,'2017-07-05',8,5,'孔庆敏','61单','GBM44800',5,NULL,27,'','2018-02-22 06:44:24'),(957,1,'2017-07-05',8,5,'孔庆敏','PO单','删除',5,NULL,27,'','2018-02-22 06:44:24'),(958,1,'2017-07-05',8,5,'孔庆敏','PO单','GBM44G00',5,NULL,27,'','2018-02-22 06:44:24'),(959,1,'2017-07-05',8,5,'孔庆敏','核销57RM0000','核销',5,NULL,27,'','2018-02-22 06:44:24'),(960,1,'2017-07-05',8,5,'孔庆敏','57RM0000耗用单据','取消',5,NULL,27,'','2018-02-22 06:44:24'),(961,1,'2017-07-05',2,7,'何雪琴','STI22000','开权限',5,NULL,27,'','2018-02-22 06:44:24'),(962,1,'2017-07-05',2,7,'何雪琴','从上海服务器下载饲料92056','上海服务器下载',4,NULL,27,'','2018-02-22 06:44:24'),(963,1,'2017-07-06',2,7,'廉络','修改HB301001通络','修改',4,NULL,27,'','2018-02-22 06:44:24'),(964,1,'2017-07-06',1,7,'杨燕','一个51单据，有的品没有打印完，数量不够','从PG移库到正常仓位，再核销',4,NULL,27,'','2018-02-22 06:44:24'),(965,1,'2017-07-06',1,7,'髙君','需要删除SLM01930的2张50单据，已经生成51','提交IA处理',4,NULL,27,'','2018-02-22 06:44:24'),(966,1,'2017-07-06',8,5,'梁丽艳','62单耗用日期','修改',5,NULL,27,'','2018-02-22 06:44:24'),(967,1,'2017-07-07',8,5,'梁丽艳','手动发送','手动发送',5,NULL,27,'','2018-02-22 06:44:24'),(968,1,'2017-07-07',1,3,'邓君平','夏晖物流（北京）有限公司 211631','上海服务器、SS、SAP',5,NULL,27,'','2018-02-22 06:44:24'),(969,1,'2017-07-07',1,3,'陈新新','北京超市发连锁股份有限公司~南翠店  BJ10200476 ','上海服务器、SS、SAP',5,NULL,27,'','2018-02-22 06:44:24'),(970,1,'2017-07-07',1,3,'郭丹','变更地址/联系方式','BJ30401401-联系方式',5,NULL,27,'','2018-02-22 06:44:24'),(971,1,'2017-07-09',1,7,'陈晶伟','DEPB01库位产品有箱数','移库',5,NULL,27,'','2018-02-22 06:44:24'),(972,1,'2017-07-10',8,5,'梁丽艳','62单耗用日期','修改',5,NULL,28,'','2018-02-22 06:44:24'),(973,1,'2017-07-10',1,5,'刘小二','删除退货申请单','恢复、删除',5,NULL,28,'','2018-02-22 06:44:24'),(974,1,'2017-07-10',2,7,'廉络','ACG01900','设定',5,NULL,28,'','2018-02-22 06:44:24'),(975,1,'2017-07-10',1,7,'朱军','产品:56100132,51发货单出现小数点','提交IA删除单据并调整库存',4,NULL,28,'','2018-02-22 06:44:24'),(976,1,'2017-07-10',1,7,'李小静','产品56100130K，打印发货单不带走，在PG仓位','移库',4,NULL,28,'','2018-02-22 06:44:24'),(977,1,'2017-07-10',1,7,'刘小二','产品56100131，打印发货单带不走，在PG仓位','移库',4,NULL,28,'','2018-02-22 06:44:24'),(978,1,'2017-07-10',1,2,'于海洋','北京食味源开客户现销变赊销','GBM18000修改',4,NULL,28,'','2018-02-22 06:44:24'),(979,1,'2017-07-11',8,5,'孔庆敏','核销57RM0000','核销',5,NULL,28,'','2018-02-22 06:44:24'),(980,1,'2017-07-11',2,3,'秦鹏飞','北京大众兴华商贸有限责任公司 211633','上海服务器、SS、SAP',5,NULL,28,'','2018-02-22 06:44:24'),(981,1,'2017-07-11',1,3,'杨燕','上海良鸣贸易有限公司','上海、SS、',4,NULL,28,'','2018-02-22 06:44:24'),(982,1,'2017-07-11',1,7,'马红峪','产品：59100130A在WM库在显示不正确','提交IA处理',4,NULL,28,'','2018-02-22 06:44:24'),(983,1,'2017-07-12',9,5,'高林','重置密码','重置密码',5,NULL,28,'','2018-02-22 06:44:24'),(984,1,'2017-07-12',5,5,'朱磊','开地磅','开地磅',5,NULL,28,'','2018-02-22 06:44:24'),(985,1,'2017-07-12',9,7,'高林','ydruku 开设权限（备注高林）','设定',5,NULL,28,'','2018-02-22 06:44:24'),(986,1,'2017-07-12',1,7,'张宁','秦皇岛馨颐餐饮管理有限公司','上海服务器、SS、SAP',4,NULL,28,'','2018-02-22 06:44:24'),(987,1,'2017-07-12',8,5,'辛奇','更新配方-7月11日配方改至7月7日生效','OA提报流程IA解决',5,NULL,28,'','2018-02-22 06:44:24'),(988,1,'2017-07-12',1,2,'杨燕','BJ305015客户需要走深加工货','GBM17000-GBM18000,DCM06000',4,NULL,28,'','2018-02-22 06:44:24'),(989,1,'2017-07-12',1,5,'刘洋','B4/B402-64','GBM44800',5,NULL,28,'','2018-02-22 06:44:24'),(990,1,'2017-07-13',8,5,'梁丽艳','62单耗用日期','GBM44I00GBM44800',5,NULL,28,'','2018-02-22 06:44:24'),(991,1,'2017-07-13',2,3,'李晓晓','王帅 001199','上海服务器、SS、SAP',5,NULL,28,'','2018-02-22 06:44:24'),(992,1,'2017-07-13',2,5,'王玉明','zhaohui','重置密码',5,NULL,28,'','2018-02-22 06:44:24'),(993,1,'2017-07-13',1,2,'','客户名称','BJ616006',5,NULL,28,'','2018-02-22 06:44:24'),(994,1,'2017-07-16',8,7,'孔庆敏','日结原料蛋数量0','WMM64000里核销',2,NULL,28,'','2018-02-22 06:44:24'),(995,1,'2017-07-16',1,7,'李虹宇','开立订单找不到销售地址','GBM251000',2,NULL,28,'','2018-02-22 06:44:24'),(996,1,'2017-07-16',6,7,'芮久明','需要设定仓位权限','WM系统设定',2,NULL,28,'','2018-02-22 06:44:24'),(997,1,'2017-07-16',1,7,'马红峪','DCM12000确认发货单卡慢','提交IA处理',4,NULL,28,'','2018-02-22 06:44:24'),(998,1,'2017-07-16',7,7,'肖婧','在青年鸡下的计划单在蛋鸡没有','提交IA处理',4,NULL,28,'','2018-02-22 06:44:24'),(999,1,'2017-07-17',8,5,'王小跃','删除62领用单','恢复、删除',5,NULL,29,'','2018-02-22 06:44:24'),(1000,1,'2017-07-17',8,5,'王小跃','删除62领用单','恢复、删除',5,NULL,29,'','2018-02-22 06:44:24'),(1001,1,'2017-07-17',2,3,'冯渊','苏州市华事达印刷包装有限公司 211634','GBM15000-1600020000',5,NULL,29,'','2018-02-22 06:44:24'),(1002,1,'2017-07-18',1,7,'杨燕','需要STM15002权限','设置',4,NULL,29,'','2018-02-22 06:44:24'),(1003,1,'2017-07-18',2,3,'廉络','BJ505022修改为其他','GBM16000',4,NULL,29,'','2018-02-22 06:44:24'),(1004,1,'2017-07-18',1,3,'郭丹','品聚成功餐饮（三河）有限公司 HB616002','上海服务器、SS、SAP',5,NULL,29,'','2018-02-22 06:44:24'),(1005,1,'2017-07-18',5,5,'蔡得华','TO调拨日期','TO',5,NULL,29,'','2018-02-22 06:44:24'),(1006,1,'2017-07-18',5,5,'蔡得华','手工过磅','FMM35000',5,NULL,29,'','2018-02-22 06:44:24'),(1007,1,'2017-07-18',5,5,'蔡得华','删除调拨单','FMM31000',5,NULL,29,'','2018-02-22 06:44:24'),(1008,1,'2017-07-18',1,7,'刘洋','修改调拨入库日期','修改',4,NULL,29,'','2018-02-22 06:44:24'),(1009,1,'2017-07-18',1,3,'杨燕','天津市聚福餐饮管理服务有限公司','开户',4,NULL,29,'','2018-02-22 06:44:24'),(1010,1,'2017-07-18',1,7,'杨燕','产品56100132出现小数点','提交IA处理',4,NULL,29,'','2018-02-22 06:44:24'),(1011,1,'2017-07-18',1,7,'杨燕','产品56100130KWM库存仓位显示错误','提交IA处理',4,NULL,29,'','2018-02-22 06:44:24'),(1012,1,'2017-07-18',8,7,'孔庆敏','核销57RM0000','核销',4,NULL,29,'','2018-02-22 06:44:24'),(1013,1,'2017-07-19',2,3,'何平','慈铭健康体检管理集团有限公司北京亚运村门诊部 ','上海服务器、SS、SAP',5,NULL,29,'','2018-02-22 06:44:24'),(1014,1,'2017-07-19',2,3,'张晓磊','慧宇昊（北京）检验检测中心有限公司','上海服务器、SS、SAP',5,NULL,29,'','2018-02-22 06:44:24'),(1015,1,'2017-07-19',7,7,'李淑贤','药品疫苗|免疫|新流二联灭活苗|ND+H9|06','GBM29000',5,NULL,29,'','2018-02-22 06:44:24'),(1016,1,'2017-07-19',7,7,'肖婧','农场系统报错422','找上海王威/天津IA',4,NULL,29,'','2018-02-22 06:44:24'),(1017,1,'2017-07-20',8,5,'梁丽艳','62单耗用日期','GBM44I00GBM44800',5,NULL,29,'','2018-02-22 06:44:24'),(1018,1,'2017-07-20',7,7,'李淑贤','药品疫苗|防治|支原体|45%泰妙菌素预混剂','GBM29000',5,NULL,29,'','2018-02-22 06:44:24'),(1019,1,'2017-07-21',2,3,'何雪琴','北京市农业融资担保有限公司 211638','上海服务器、SS、SAP',5,NULL,29,'','2018-02-22 06:44:24'),(1020,1,'2017-07-21',2,3,'张宝英','石珊','上海服务器、SS、SAP',5,NULL,29,'','2018-02-22 06:44:24'),(1021,1,'2017-07-21',2,3,'刘琴','苗雅迪','上海服务器、SS、SAP',5,NULL,29,'','2018-02-22 06:44:24'),(1022,1,'2017-07-22',8,7,'孔庆敏','核销57RM0000','核销',5,NULL,29,'','2018-02-22 06:44:24'),(1023,1,'2017-07-23',1,1,'朱军','56100132系统库存1110盒却能开出去1140盒，造成-30盒','提交IA-生产入库、核销',5,NULL,29,'','2018-02-22 06:44:24'),(1024,1,'2017-07-24',2,3,'张宝英','刘鹤玲','上海服务器、SS、SAP',5,NULL,30,'','2018-02-22 06:44:24'),(1025,1,'2017-07-24',5,3,'杜雪松','9A0590','总部下载',5,NULL,30,'','2018-02-22 06:44:24'),(1026,1,'2017-07-25',2,3,'秦鹏飞','北京安易世纪贸易有限责任公司 211639','上海服务器、SS、SAP',5,NULL,30,'','2018-02-22 06:44:24'),(1027,1,'2017-07-25',2,3,'秦鹏飞','北京德兴源商贸有限责任公司 211640','上海服务器、SS、SAP',5,NULL,30,'','2018-02-22 06:44:24'),(1028,1,'2017-07-25',2,3,'石欣旺','刘朝斌 001203','上海服务器、SS、SAP',5,NULL,30,'','2018-02-22 06:44:24'),(1029,1,'2017-07-25',8,7,'李晓东','更新深加工产品税率118个','GBM29001',5,NULL,30,'','2018-02-22 06:44:24'),(1030,1,'2017-07-25',2,3,'赵淑云','变更税号','北京五谷腾飞汽车租赁有限公司',5,NULL,30,'','2018-02-22 06:44:24'),(1031,1,'2017-07-25',8,7,'孔庆敏','核销57RM0000','核销',4,NULL,30,'','2018-02-22 06:44:24'),(1032,1,'2017-07-25',7,7,'肖婧','040101的饲养信息记录看不见','找王玉明处理打开锁定',4,NULL,30,'','2018-02-22 06:44:24'),(1033,1,'2017-07-26',2,3,'杨天晨','杨天晨 001204','上海服务器、SS、SAP',5,NULL,30,'','2018-02-22 06:44:24'),(1034,1,'2017-07-26',2,7,'康媛媛','FMP20100','设定',5,NULL,30,'','2018-02-22 06:44:24'),(1035,1,'2017-07-26',2,5,'康媛媛','删除42单（报错、未成功发送至SAP）','恢复、取消',5,NULL,30,'','2018-02-22 06:44:24'),(1036,1,'2017-07-26',1,7,'马红峪','系统故障不能确认发货单','设定信息文件，协助确认',4,NULL,30,'','2018-02-22 06:44:24'),(1037,1,'2017-07-26',1,3,'梁英','添加B4，B402','添加',4,NULL,30,'','2018-02-22 06:44:24'),(1038,1,'2017-07-27',5,5,'贾豪磊','终止采购单','PUI03000',5,NULL,30,'','2018-02-22 06:44:24'),(1039,1,'2017-07-27',1,3,'李晓静','添加供应商','上海服务器，SS',4,NULL,30,'','2018-02-22 06:44:24'),(1040,1,'2017-07-27',1,7,'马红峪','DCM12000确认报错','提交IA处理',4,NULL,30,'','2018-02-22 06:44:24'),(1041,1,'2017-07-27',6,7,'刘小二','删除一张72单据','删除',4,NULL,30,'','2018-02-22 06:44:24'),(1042,1,'2017-07-28',1,3,'何平','店商互联（北京）科技发展有限公司','上海服务器、SS、SAP',1,NULL,30,'','2018-02-22 06:44:24'),(1043,1,'2017-07-28',1,3,'张蕊','天津市永旺超市天河城店','上海服务器、SS、SAP',1,NULL,30,'','2018-02-22 06:44:24'),(1044,1,'2017-07-28',1,3,'黄玉婷','上海馨笆海贸易有限公司','上海服务器、SS、SAP',1,NULL,30,'','2018-02-22 06:44:24'),(1045,1,'2017-07-28',1,3,'于海洋','沈阳旺旺食品有限公司','上海服务器、SS、SAP',1,NULL,30,'','2018-02-22 06:44:24'),(1046,1,'2017-07-28',8,7,'1','深加工产品127个产品添加仓位','设定',1,NULL,30,'','2018-02-22 06:44:24'),(1047,1,'2017-07-31',2,3,'秦鹏飞','湖北裕国菇业股份有限公司 211645','上海服务器、SS、SAP',5,NULL,31,'','2018-02-22 06:44:24'),(1048,1,'2017-07-31',1,3,'王庆龙','辽宁永辉超市有限公司','上海服务器、SS、SAP',4,NULL,31,'','2018-02-22 06:44:24'),(1049,1,'2017-07-31',1,3,'王庆龙','辽宁永辉超市有限公司（沈阳仓）','上海服务器、SS、SAP',4,NULL,31,'','2018-02-22 06:44:24'),(1050,1,'2017-07-31',1,3,'王庆龙','辽宁永辉超市有限公司（哈尔滨仓）','上海服务器、SS、SAP',4,NULL,31,'','2018-02-22 06:44:24'),(1051,1,'2017-07-31',2,3,'秦鹏飞','修改税号','林德叉车210564',5,NULL,31,'','2018-02-22 06:44:24'),(1052,1,'2017-08-01',5,5,'蔡得华','A1A101-6564','修改',5,NULL,31,'','2018-02-22 06:44:24'),(1053,1,'2017-08-01',8,5,'孔庆敏','删除65申请单','删除',5,NULL,31,'','2018-02-22 06:44:24'),(1054,1,'2017-08-01',2,7,'张鹏','删除caowl的WM账号添加zhangpen','删除/添加',4,NULL,31,'','2018-02-22 06:44:24'),(1055,1,'2017-08-01',8,7,'陈海波','WMM60000产品移库时需要到小数点后3位','提交IA',4,NULL,31,'','2018-02-22 06:44:24'),(1056,1,'2017-08-01',8,5,'梁丽艳','确认蛋液结转单','A3-65;D1-64、71、72',5,NULL,31,'','2018-02-22 06:44:24'),(1057,1,'2017-08-01',1,3,'刘嘉丽','HB504003的链接到B5','DCM06000设定',4,NULL,31,'','2018-02-22 06:44:24'),(1058,1,'2017-08-01',8,7,'梁丽艳','STM14005需要扩展添加到小数点后3位','提交IA',4,NULL,31,'','2018-02-22 06:44:24'),(1059,1,'2017-08-01',1,3,'何平','店商互联（天津）科技发展有限公司','上海服务器、SS、SAP',1,NULL,31,'','2018-02-22 06:44:24'),(1060,1,'2017-08-02',1,3,'赵帅','北京都市优选商业有限责任公司','上海服务器、SS、SAP',1,NULL,31,'','2018-02-22 06:44:24'),(1061,1,'2017-08-02',8,7,'梁丽艳','STM15003确认报错','提交IA',4,NULL,31,'','2018-02-22 06:44:24'),(1062,1,'2017-08-02',2,7,'康媛媛','STI1720017300','设定',5,NULL,31,'','2018-02-22 06:44:24'),(1063,1,'2017-08-03',1,3,'郭丹','变更业务','GBM23100-正大食品南京分公司980731',5,NULL,31,'','2018-02-22 06:44:24'),(1064,1,'2017-08-03',1,7,'刘嘉丽','需要恢复一个50单据','恢复',4,NULL,31,'','2018-02-22 06:44:24'),(1065,1,'2017-08-03',2,3,'秦鹏飞','修改税号','天津旭腾达自动化设备有限公司',5,NULL,31,'','2018-02-22 06:44:24'),(1066,1,'2017-08-03',8,5,'梁丽艳','删除64确认单','删除',5,NULL,31,'','2018-02-22 06:44:24'),(1067,1,'2017-08-03',8,5,'梁丽艳','修改64单日期','A3-65;D1-64、71、72',5,NULL,31,'','2018-02-22 06:44:24'),(1068,1,'2017-08-03',8,5,'梁丽艳','62单耗用日期','修改',5,NULL,31,'','2018-02-22 06:44:24'),(1069,1,'2017-08-03',5,5,'蔡得华','手工开磅','FMM35000',5,NULL,31,'','2018-02-22 06:44:24'),(1070,1,'2017-08-04',2,5,'冯渊','采购截单175笔','PUI03000',5,NULL,31,'','2018-02-22 06:44:24'),(1071,1,'2017-08-04',2,3,'冯渊','北京科飞祥华包装制品有限公司 211646','上海服务器、SS、SAP',5,NULL,31,'','2018-02-22 06:44:24'),(1072,1,'2017-08-05',8,7,'梁丽艳','修改64/65日期','修改',4,NULL,31,'','2018-02-22 06:44:24'),(1073,1,'2017-08-07',5,5,'贾豪磊','采购截单1笔-210546','PUI03000',5,NULL,32,'','2018-02-22 06:44:24'),(1074,1,'2017-08-07',2,3,'王云','王云 001205','上海服务器、SS、SAP',5,NULL,32,'','2018-02-22 06:44:24'),(1075,1,'2017-08-07',1,3,'廉络','修改通路','BJ10200476',5,NULL,32,'','2018-02-22 06:44:24'),(1076,1,'2017-08-07',2,5,'冯渊','采购截单82笔-211168','PUI03000',5,NULL,32,'','2018-02-22 06:44:24'),(1077,1,'2017-08-08',8,5,'孔庆敏','程序卡壳蛋原料蛋做不过去','协助其操作完成',4,NULL,32,'','2018-02-22 06:44:24'),(1078,1,'2017-08-08',1,3,'彭艳楠','HB616003','上海服务器、SS、SAP',4,NULL,32,'','2018-02-22 06:44:24'),(1079,1,'2017-08-08',1,3,'梁英','天津和平区颐箸鲜快餐店','上海服务器、SS、SAP',4,NULL,32,'','2018-02-22 06:44:24'),(1080,1,'2017-08-09',2,3,'秦鹏飞','修改税号','上海诺尼轻工机械有限公司',5,NULL,32,'','2018-02-22 06:44:24'),(1081,1,'2017-08-09',2,3,'秦鹏飞','修改税号','淄博广安食品机械有限公司',5,NULL,32,'','2018-02-22 06:44:24'),(1082,1,'2017-08-09',2,3,'秦鹏飞','北京兴远复盛商贸中心  211647','上海服务器、SS、SAP',5,NULL,32,'','2018-02-22 06:44:24'),(1083,1,'2017-08-09',2,3,'秦鹏飞','无锡纽曼泰克气源净化设备有限公司  211648','上海服务器、SS、SAP',5,NULL,32,'','2018-02-22 06:44:24'),(1084,1,'2017-08-09',6,7,'高峰','包材WM和SS库存不一致','提交IA处理',4,NULL,32,'','2018-02-22 06:44:24'),(1085,1,'2017-08-09',2,5,'冯渊','采购截单13笔','PUI03000',1,NULL,32,'','2018-02-22 06:44:24'),(1086,1,'2017-08-09',1,3,'张宁','贺宇飞','上海服务器、SS、SAP',5,NULL,32,'','2018-02-22 06:44:24'),(1087,1,'2017-08-09',1,3,'张宁','销户','血研所',5,NULL,32,'','2018-02-22 06:44:24'),(1088,1,'2017-08-10',2,3,'张志强','北京正大果业有限公司 910165','上海服务器、SS、SAP',5,NULL,32,'','2018-02-22 06:44:24'),(1089,1,'2017-08-10',1,1,'李建秋','退货单RS1708E00055','恢复打印删除单据',5,NULL,32,'','2018-02-22 06:44:24'),(1090,1,'2017-08-10',1,3,'彭艳楠','根据合同需要修改账期','GBM18000',4,NULL,32,'','2018-02-22 06:44:24'),(1091,1,'2017-08-10',8,7,'梁丽艳','EGM04700菜单日结多个原辅料DRPP01库存错误、WM库存显示错误','提交IA处理',4,NULL,32,'','2018-02-22 06:44:24'),(1092,1,'2017-08-10',2,3,'冯渊','修改税号','上海服务器、SS、SAP-山东力扬塑业有限公司',5,NULL,32,'','2018-02-22 06:44:24'),(1093,1,'2017-08-14',8,3,'梁丽艳','62单耗用日期','修改',4,NULL,33,'','2018-02-22 06:44:24'),(1094,1,'2017-08-14',2,3,'张志强','修改税号','上海服务器、SS、SAP-210156',5,NULL,33,'','2018-02-22 06:44:24'),(1095,1,'2017-08-14',1,3,'王庆龙','张振楠 001207','上海服务器、SS、SAP',5,NULL,33,'','2018-02-22 06:44:24'),(1096,1,'2017-08-14',2,7,'刘翔鹤','开权限','农场设置权限（仿照杨雪梅设置农场系统服务器登录权限）',5,NULL,33,'','2018-02-22 06:44:24'),(1097,1,'2017-08-14',1,3,'王庆龙','变更税号-TJ201037','新增业务张振楠，身份证号占用，修改被客户占用的税号',5,NULL,33,'','2018-02-22 06:44:24'),(1098,1,'2017-08-15',1,7,'刘嘉丽','修改调拨入库时间','修改',4,NULL,33,'','2018-02-22 06:44:24'),(1099,1,'2017-08-15',1,2,'廉络','修改客户BJ213409改为614','修改',4,NULL,33,'','2018-02-22 06:44:24'),(1100,1,'2017-08-15',7,7,'肖婧','农场青年鸡饲养记录不能确认问题','提交IA处理',4,NULL,33,'','2018-02-22 06:44:24'),(1101,1,'2017-08-15',9,7,'高林','STI10100库存余额查询液蛋半成品为负数','提交IA处理',4,NULL,33,'','2018-02-22 06:44:24'),(1102,1,'2017-08-15',1,3,'何平','快康佳(上海)信息科技有限公司济南分公司','上海服务器、SS、SAP',4,NULL,33,'','2018-02-22 06:44:24'),(1103,1,'2017-08-15',1,3,'郭丹','北京饭通天下餐饮管理有限公司','上海服务器、SS、SAP',4,NULL,33,'','2018-02-22 06:44:24'),(1104,1,'2017-08-15',1,3,'吕俊玲','永辉超市股份有限公司~秦禾店','上海服务器、SS、SAP',4,NULL,33,'','2018-02-22 06:44:24'),(1105,1,'2017-08-15',1,3,'廉络','TJ616010','DCM18000、SAP',4,NULL,33,'','2018-02-22 06:44:24'),(1106,1,'2017-08-15',1,3,'彭艳楠','梁海涛 001208','上海服务器、SS、SAP',5,NULL,33,'','2018-02-22 06:44:24'),(1107,1,'2017-08-16',7,3,'李淑贤','修改税号','保定冀中药业有限公司 ',5,NULL,33,'','2018-02-22 06:44:24'),(1108,1,'2017-08-16',1,3,'彭艳楠','南科燕 211650','上海服务器、SS、SAP',5,NULL,33,'','2018-02-22 06:44:24'),(1109,1,'2017-08-16',1,3,'梁英','天津市美味琪源商贸有限公司','上海服务器、SS',1,NULL,33,'','2018-02-22 06:44:24'),(1110,1,'2017-08-16',1,3,'梁英','TJ302018天津市食为天粮油便民连锁有限公司 15天变更到30天','SS',1,NULL,33,'','2018-02-22 06:44:24'),(1111,1,'2017-08-16',1,3,'髙君','北京欧凯米特科技有限公司','上海服务器、SS',1,NULL,33,'','2018-02-22 06:44:24'),(1112,1,'2017-08-16',1,3,'李娜休','北京食之客餐饮连锁发展有限公司','上海服务器、SS、SAP',4,NULL,33,'','2018-02-22 06:44:24'),(1113,1,'2017-08-16',1,3,'李小静','56100131B 产品RT仓库有负数，移库到PB负数消失','SS',1,NULL,33,'','2018-02-22 06:44:24'),(1114,1,'2017-08-16',1,3,'张宁','增加仓位','SD105001',5,NULL,33,'','2018-02-22 06:44:24'),(1115,1,'2017-08-17',2,3,'秦鹏飞','上海俍依包装机械有限公司  211651','上海服务器、SS、SAP',5,NULL,33,'','2018-02-22 06:44:24'),(1116,1,'2017-08-17',2,3,'秦鹏飞','青岛恒孚食品有限公司  211652','上海服务器、SS、SAP',5,NULL,33,'','2018-02-22 06:44:24'),(1117,1,'2017-08-17',1,3,'李娜休','北京天健永乐餐饮管理有限公司修改地址联系人和电话','DCM15000',4,NULL,33,'','2018-02-22 06:44:24'),(1118,1,'2017-08-17',8,7,'辛奇','需要需改配方时间到8月14日','提交IA处理',4,NULL,33,'','2018-02-22 06:44:24'),(1119,1,'2017-08-17',8,7,'梁丽艳','修改液蛋原料蛋65票据日期','修改',4,NULL,33,'','2018-02-22 06:44:24'),(1120,1,'2017-08-18',2,3,'秦鹏飞',' 青岛橡一输送带有限公司  211653','上海服务器、SS、SAP',5,NULL,33,'','2018-02-22 06:44:24'),(1121,1,'2017-08-18',8,7,'梁丽艳','修改62耗用日期','修改',5,NULL,33,'','2018-02-22 06:44:24'),(1122,1,'2017-08-19',8,5,'孔庆敏','62领用单2笔','取消',5,NULL,33,'','2018-02-22 06:44:24'),(1123,1,'2017-08-19',8,5,'孔庆敏','57RM0000结转异常，库存查询不显示代码转换数量','删除原确认单，重新确认',5,NULL,33,'','2018-02-22 06:44:24'),(1124,1,'2017-08-19',8,5,'孔庆敏','57RM0000、59481','核销',5,NULL,33,'','2018-02-22 06:44:24'),(1125,1,'2017-08-21',2,3,'张宝英','徐东玲 001209','上海服务器、SS、SAP',5,NULL,34,'','2018-02-22 06:44:24'),(1126,1,'2017-08-22',2,3,'张宝英','变更名称','徐东伶 001209',5,NULL,34,'','2018-02-22 06:44:24'),(1127,1,'2017-08-22',8,5,'孔庆敏','57RM0000','核销',5,NULL,34,'','2018-02-22 06:44:24'),(1128,1,'2017-08-23',2,3,'秦鹏飞','变更税号','上海服务器、SS、SAP',5,NULL,34,'','2018-02-22 06:44:24'),(1129,1,'2017-08-23',1,3,'庚新','庚新 001210','上海服务器、SS、SAP',5,NULL,34,'','2018-02-22 06:44:24'),(1130,1,'2017-08-23',1,5,'刘洋','64单','修改',5,NULL,34,'','2018-02-22 06:44:24'),(1131,1,'2017-08-24',1,2,'杨燕','修改客户路线','修改',4,NULL,34,'','2018-02-22 06:44:24'),(1132,1,'2017-08-25',8,3,'梁丽艳','修改损耗D1日期','修改',4,NULL,34,'','2018-02-22 06:44:24'),(1133,1,'2017-08-26',2,3,'邓君平','天津市沸百味餐饮管理有限公司','上海服务器、SS',1,NULL,34,'','2018-02-22 06:44:24'),(1134,1,'2017-08-26',2,3,'邓君平','迪利斯瑞（北京）食品有限公司','上海服务器、SS',1,NULL,34,'','2018-02-22 06:44:24'),(1135,1,'2017-08-26',8,7,'孔庆敏','57RM0000核销','核销',1,NULL,34,'','2018-02-22 06:44:24'),(1136,1,'2017-08-26',1,3,'于海洋','厦门夏商配送有限公司','GBM15000-18000；链接线路',2,NULL,34,'','2018-02-22 06:44:24'),(1137,1,'2017-08-26',1,5,'梁英','调拨入库日期超前','GBM44I00',2,NULL,34,'','2018-02-22 06:44:24'),(1138,1,'2017-08-26',8,7,'孔庆敏','耗用数量与系统不一致','申请与确认数量不一致，重新做申请和确认',2,NULL,34,'','2018-02-22 06:44:24'),(1139,1,'2017-08-26',1,5,'张超','对应车牌号提示库存不足','SS和WM库存查询有其它单据占用',2,NULL,34,'','2018-02-22 06:44:24'),(1140,1,'2017-08-26',1,1,'杜爱宇','51单据53203019产品没有数量','移库重新走流程',2,NULL,34,'','2018-02-22 06:44:24'),(1141,1,'2017-08-27',1,3,'杜爱宇','BJ307004没有添加深加工事业线','GBM17000-GBM18000,DCM06000',2,NULL,34,'','2018-02-22 06:44:24'),(1142,1,'2017-08-28',8,7,'梁丽艳','修改损耗D1日期','修改',4,NULL,35,'','2018-02-22 06:44:24'),(1143,1,'2017-08-28',8,1,'梁丽艳','深加工包材耗用WM库存不减少','提交IA处理',4,NULL,35,'','2018-02-22 06:44:24'),(1144,1,'2017-08-28',1,3,'廉络','修改BJ621002的通络','修改',4,NULL,35,'','2018-02-22 06:44:24'),(1145,1,'2017-08-28',5,7,'赵琴琴','STI12000卡顿','提交IA处理',5,NULL,35,'','2018-02-22 06:44:24'),(1146,1,'2017-08-28',6,7,'毕建广','票据号自动重复','删除重复票据号，重新入库',5,NULL,35,'','2018-02-22 06:44:24'),(1147,1,'2017-08-29',8,7,'孔庆敏','删除62单','删除',4,NULL,35,'','2018-02-22 06:44:24'),(1148,1,'2017-08-29',5,3,'贾豪磊','修改税号','210331',5,NULL,35,'','2018-02-22 06:44:24'),(1149,1,'2017-08-29',8,7,'梁丽艳','深加工原辅料日结时库存显示不正确','提交IA处理',4,NULL,35,'','2018-02-22 06:44:24'),(1150,1,'2017-08-30',1,5,'朱军','液蛋产品58200010库存有数，对应车牌号提示库存不足','提交IA处理--开立销售单选择日期的库存不足导致。删除，重新开立',5,NULL,35,'','2018-02-22 06:44:24'),(1151,1,'2017-08-30',1,5,'朱军','65申请单','删除',5,NULL,35,'','2018-02-22 06:44:24'),(1152,1,'2017-08-30',6,5,'张鹏','62单日期','GBM44I00GBM44800',5,NULL,35,'','2018-02-22 06:44:24'),(1153,1,'2017-08-30',5,5,'何雪琴','STI17100结账报错','8月30日原材料入库、出库业务尚未结束，报错正常',5,NULL,35,'','2018-02-22 06:44:24'),(1154,1,'2017-08-30',8,7,'孔庆敏','57RM0000','核销',5,NULL,35,'','2018-02-22 06:44:24'),(1155,1,'2017-08-30',1,5,'张超','54404040在RT仓位','移库',5,NULL,35,'','2018-02-22 06:44:24'),(1156,1,'2017-08-31',1,5,'','54404040产品从PG移库到PB','移库',5,NULL,35,'','2018-02-22 06:44:24'),(1157,1,'2017-08-31',2,3,'秦鹏飞','北京惠同普方科技发展有限公司 211654','上海服务器、SS、SAP',5,NULL,35,'','2018-02-22 06:44:24'),(1158,1,'2017-08-31',1,3,'邓君平','变更账期额度','好适口',5,NULL,35,'','2018-02-22 06:44:24'),(1159,1,'2017-08-31',8,7,'梁丽艳','修改D1、D103日期','修改',4,NULL,35,'','2018-02-22 06:44:24'),(1160,1,'2017-08-31',1,3,'邓君平','天津市楠雨餐饮管理有限公司南开一分公司 TJ616013','上海服务器、SS、SAP',5,NULL,35,'','2018-02-22 06:44:24'),(1161,1,'2017-09-01',1,3,'薄会双','销户','关停客户773个',4,NULL,35,'','2018-02-22 06:44:24'),(1162,1,'2017-09-01',1,7,'薄会双','GBM15000','设定',5,NULL,35,'','2018-02-22 06:44:24'),(1163,1,'2017-09-01',1,7,'张宁','修改65单日期','修改',5,NULL,35,'','2018-02-22 06:44:24'),(1164,1,'2017-09-01',1,3,'李爱芝','国信招标集团股份有限公司 211655','上海服务器、SS、SAP',5,NULL,35,'','2018-02-22 06:44:24'),(1165,1,'2017-09-01',2,3,'秦鹏飞','扬州宝达橡塑制品有限公司 211656','上海服务器、SS、SAP',5,NULL,35,'','2018-02-22 06:44:24'),(1166,1,'2017-09-02',1,3,'杨燕','增加仓位','超市发系统增加20450事业线--60个户',5,NULL,35,'','2018-02-22 06:44:24'),(1167,1,'2017-09-02',8,1,'孔庆敏','9月1日更新，2日57RM0000耗用应为结转的46560枚，但系统显示耗用101812枚','提交程序员',5,NULL,35,'','2018-02-22 06:44:24'),(1168,1,'2017-09-03',6,1,'芮久明','41单入库系统卡顿白屏','检查SS库存、SAP监控器查看接收状态',5,NULL,35,'','2018-02-22 06:44:24'),(1169,1,'2017-09-03',1,1,'朱军','WM系统库存余额菜单：当前库存≠库存余额（按日期）','提交程序员',5,NULL,35,'','2018-02-22 06:44:24'),(1170,1,'2017-09-03',6,5,'芮久明','RA01库存显示批次数据异常','核销',5,NULL,35,'','2018-02-22 06:44:24'),(1171,1,'2017-09-03',1,3,'张宁','变更账期额度','BJ616009-现销改为赊销，60天账期',5,NULL,35,'','2018-02-22 06:44:24'),(1172,1,'2017-09-04',2,5,'冯渊','终止5个供应商采购单共80笔','PUI03000',5,NULL,36,'','2018-02-22 06:44:24'),(1173,1,'2017-09-04',2,5,'冯渊','终止2个供应商采购单共10笔','PUI03000',5,NULL,36,'','2018-02-22 06:44:24'),(1174,1,'2017-09-04',8,1,'梁丽艳','深加工原辅料日结DRPP01数据再次错误问题','提交IA处理',4,NULL,36,'','2018-02-22 06:44:24'),(1175,1,'2017-09-04',8,7,'梁丽艳','深加工日结菜单EGM04700界面显示需求问题','提交IA处理',4,NULL,36,'','2018-02-22 06:44:24'),(1176,1,'2017-09-04',5,3,'贾豪磊','内蒙古伊品生物科技有限公司  211657','上海服务器、SS、SAP',5,NULL,36,'','2018-02-22 06:44:24'),(1177,1,'2017-09-04',5,7,'贾豪磊','92025、92029变更信息：非标包改为标包','GBM29000',5,NULL,36,'','2018-02-22 06:44:24'),(1178,1,'2017-09-04',8,7,'梁丽艳','修改62单据EGM10101时间','修改',4,NULL,36,'','2018-02-22 06:44:24'),(1179,1,'2017-09-05',1,7,'刘小二','核销负库存','核销',5,NULL,36,'','2018-02-22 06:44:24'),(1180,1,'2017-09-05',1,7,'刘小二','核销负库存---9个产品','核销',5,NULL,36,'','2018-02-22 06:44:24'),(1181,1,'2017-09-05',1,5,'刘伟','删除RS单','取消',5,NULL,36,'','2018-02-22 06:44:24'),(1182,1,'2017-09-05',1,5,'彭艳楠','产品价格有效期重复','产品价格有效期重复--自行操作',5,NULL,36,'','2018-02-22 06:44:24'),(1183,1,'2017-09-06',2,5,'冯渊','终止215463供应商采购单6笔','PUI03000',5,NULL,36,'','2018-02-22 06:44:24'),(1184,1,'2017-09-06',8,5,'梁丽艳','删除64确认单、重新结转','取消、修改时间、重新结转',5,NULL,36,'','2018-02-22 06:44:24'),(1185,1,'2017-09-06',2,3,'刘琴','中国检验检疫科学研究院综合检测中心  211658','上海服务器、SS、SAP',5,NULL,36,'','2018-02-22 06:44:24'),(1186,1,'2017-09-06',1,3,'李爱芝','变更名称','BJ201441',1,NULL,36,'','2018-02-22 06:44:24'),(1187,1,'2017-09-06',1,3,'缪青','变更地址/联系方式','BJ505015',5,NULL,36,'','2018-02-22 06:44:24'),(1188,1,'2017-09-06',2,3,'石欣旺','张玉荣 211659','上海服务器、SS、SAP',5,NULL,36,'','2018-02-22 06:44:24'),(1189,1,'2017-09-07',8,7,'梁丽艳','修改损耗D1日期','修改',4,NULL,36,'','2018-02-22 06:44:24'),(1190,1,'2017-09-07',1,3,'吕晓玲','北京永辉生活超市-清河会员店 ','上海服务器、SS、SAP',5,NULL,36,'','2018-02-22 06:44:24'),(1191,1,'2017-09-07',1,5,'马红峪','开立订单时，生产日期选择错误','撤回、修改订单',5,NULL,36,'','2018-02-22 06:44:24'),(1192,1,'2017-09-07',5,3,'贾豪磊','变更税号','上海服务器、SS、SAP--210217',5,NULL,36,'','2018-02-22 06:44:24'),(1193,1,'2017-09-07',1,1,'张宁','DCM12000多张单据不能确认发货问题','提交IA处理',4,NULL,36,'','2018-02-22 06:44:24'),(1194,1,'2017-09-07',8,1,'梁丽艳','深加工原辅料日结DRPP01数据再次错误问题','提交IA处理',4,NULL,36,'','2018-02-22 06:44:24'),(1195,1,'2017-09-07',8,7,'髙君','测试深加工调拨流程，出现问题反馈','提交IA处理',4,NULL,36,'','2018-02-22 06:44:24'),(1196,1,'2017-09-07',9,1,'高林','液蛋包材WM库存DRPP01消耗不减少问题','提交IA处理',4,NULL,36,'','2018-02-22 06:44:24'),(1197,1,'2017-09-08',5,7,'杜雪松','92028（叶酸96%）这个原料设置一下规格，标包原料25KG/包，','GBM29000设置',4,NULL,36,'','2018-02-22 06:44:24'),(1198,1,'2017-09-11',1,3,'吕晓玲','北京物美商业集团股份有限公司~密云万象汇店','上海服务器、SS、SAP',4,NULL,37,'','2018-02-22 06:44:24'),(1199,1,'2017-09-11',1,3,'吕晓玲','北京物美商业集团股份有限公司~钓鱼台国宾馆店','上海服务器、SS、SAP',4,NULL,37,'','2018-02-22 06:44:24'),(1200,1,'2017-09-11',1,3,'于海洋','变更业务','GBM23100',5,NULL,37,'','2018-02-22 06:44:24'),(1201,1,'2017-09-12',5,3,'李鹏飞','青岛谱尼测试有限公司 211660','上海服务器、SS、SAP',5,NULL,37,'','2018-02-22 06:44:24'),(1202,1,'2017-09-12',8,7,'梁丽艳','修改62损耗日期','修改',5,NULL,37,'','2018-02-22 06:44:24'),(1203,1,'2017-09-12',1,7,'刘洋','修改64单据时间','修改',5,NULL,37,'','2018-02-22 06:44:24'),(1204,1,'2017-09-13',2,3,'阴攀','北京腾辉嘉彩广告设计有限公司 211661','上海服务器、SS、SAP',5,NULL,37,'','2018-02-22 06:44:24'),(1205,1,'2017-09-13',8,7,'梁丽艳','修改62损耗日期','修改',5,NULL,37,'','2018-02-22 06:44:24'),(1206,1,'2017-09-13',6,7,'高峰','000000000104303入库报错','添加产品WM仓位手动发送',4,NULL,37,'','2018-02-22 06:44:24'),(1207,1,'2017-09-13',8,7,'梁丽艳','修改62领用日期','修改',5,NULL,37,'','2018-02-22 06:44:24'),(1208,1,'2017-09-13',1,7,'刘洋','修改64单据时间','修改',5,NULL,37,'','2018-02-22 06:44:24'),(1209,1,'2017-09-13',8,5,'梁丽艳','109860多退库，导致库存不足','查询库存变动明细表找出问题日期',5,NULL,37,'','2018-02-22 06:44:24'),(1210,1,'2017-09-14',6,7,'李小静','新品首次入库，容易卡顿，需手动发送','手动发送',5,NULL,37,'','2018-02-22 06:44:24'),(1211,1,'2017-09-14',8,7,'梁丽艳','修改62损耗日期','修改',5,NULL,37,'','2018-02-22 06:44:24'),(1212,1,'2017-09-14',1,2,'谭小宇','北京尚品致源科技发展有限公司修改客户地址','GBM15000修改',4,NULL,37,'','2018-02-22 06:44:24'),(1213,1,'2017-09-14',2,3,'秦鹏飞','乐陵市瑞华纤维制品有限公司 211662','上海服务器、SS、SAP',5,NULL,37,'','2018-02-22 06:44:24'),(1214,1,'2017-09-14',1,2,'冯渊','211491供应商改客户','SS-GBM17000、18000、链接线路；SAP供应商扩展客户',5,NULL,37,'','2018-02-22 06:44:24'),(1215,1,'2017-09-15',1,3,'薄会双','BJ302077赊销户改为现销','GBM18000、SAP',5,NULL,37,'','2018-02-22 06:44:24'),(1216,1,'2017-09-15',2,3,'秦鹏飞','上海韬林机械有限公司  211663','上海服务器、SS、SAP',5,NULL,37,'','2018-02-22 06:44:24'),(1217,1,'2017-09-15',2,3,'张志强','正大餐饮（北京）有限公司顺义第一分公司 211664','上海服务器、SS、SAP-集团内客户无统一代码，财务要求按照集团外供应商开户',5,NULL,37,'','2018-02-22 06:44:24'),(1218,1,'2017-09-15',2,3,'秦鹏飞','变更名称','上海服务器、SS、SAP-211573',5,NULL,37,'','2018-02-22 06:44:24'),(1219,1,'2017-09-15',2,7,'冯渊','3家供应商合计67笔','PUI03000',5,NULL,37,'','2018-02-22 06:44:24'),(1220,1,'2017-09-18',1,7,'王瑜善','修改SS密码','修改',4,NULL,38,'','2018-02-22 06:44:24'),(1221,1,'2017-09-19',8,7,'张国亮','修改SS密码，需要永不过期','修改',4,NULL,38,'','2018-02-22 06:44:24'),(1222,1,'2017-09-19',2,3,'张志强','散户~行政食堂添加银行信息','SS、SAP',4,NULL,38,'','2018-02-22 06:44:24'),(1223,1,'2017-09-19',2,3,'秦鹏飞','哈尔滨赛德技术发展有限公司','上海服务器、SS、SAP',4,NULL,38,'','2018-02-22 06:44:24'),(1224,1,'2017-09-19',2,3,'秦鹏飞','上海梵控自动化科技有限公司','上海服务器、SS、SAP',4,NULL,38,'','2018-02-22 06:44:24'),(1225,1,'2017-09-19',2,3,'张晓磊','北京宇诚联合科技有限公司','SAP',4,NULL,38,'','2018-02-22 06:44:24'),(1226,1,'2017-09-19',1,3,'李娜休','正大食品企业（上海）有限公司北京分公司-青岛百望达','上海服务器、SS、SAP',4,NULL,38,'','2018-02-22 06:44:24'),(1227,1,'2017-09-19',1,3,'李娜休','正大食品企业（上海）有限公司北京分公司-北京百望达','上海服务器、SS、SAP',4,NULL,38,'','2018-02-22 06:44:24'),(1228,1,'2017-09-19',1,3,'李娜休','正大食品企业（上海）有限公司北京分公司-北京好邻居','上海服务器、SS、SAP',4,NULL,38,'','2018-02-22 06:44:24'),(1229,1,'2017-09-21',2,3,'冯渊','添加供应商北京嘉正包装材料有限公司','SAP',4,NULL,38,'','2018-02-22 06:44:24'),(1230,1,'2017-09-21',2,3,'冯渊','添加供应商三河市瑞林包装制品有限公司','SAP',4,NULL,38,'','2018-02-22 06:44:24'),(1231,1,'2017-09-21',2,3,'刘翔鹤','添加供应商北京生泰尔科技股份有限公司 ','SS、SAP',4,NULL,38,'','2018-02-22 06:44:24'),(1232,1,'2017-09-21',2,3,'李淑贤','添加供应商北京喜禽药业有限公司','SS、SAP',4,NULL,38,'','2018-02-22 06:44:24'),(1233,1,'2017-09-21',1,3,'','北方智能微机电集团有限公司直属工会委员会','SS、SAP',1,NULL,38,'','2018-02-22 06:44:24'),(1234,1,'2017-09-21',1,3,'','正大食品（青岛）有限公司','SS、SAP',1,NULL,38,'','2018-02-22 06:44:24'),(1235,1,'2017-09-21',1,3,'','天津自贸试验区家乐买食品超市','SS、SAP',1,NULL,38,'','2018-02-22 06:44:24'),(1236,1,'2017-09-21',1,3,'','天津市百博印象商贸有限公司','SS、SAP',1,NULL,38,'','2018-02-22 06:44:24'),(1237,1,'2017-09-21',1,3,'','天津市津南区沽公路永旺商场','SS、SAP',1,NULL,38,'','2018-02-22 06:44:24'),(1238,1,'2017-09-21',1,3,'','BJ401005修改额度','SS、SAP',1,NULL,38,'','2018-02-22 06:44:24'),(1239,1,'2017-09-21',1,3,'','北京喜禽药业有限公司','SS、SAP',1,NULL,38,'','2018-02-22 06:44:24'),(1240,1,'2017-09-21',1,3,'','中国联合网络通信集团工会北京市平谷区分公司委员会','SS、SAP',1,NULL,38,'','2018-02-22 06:44:24'),(1241,1,'2017-09-23',1,2,'李建秋','BJ201038客户增加销售深加工产品权限','GBM17000-18000',2,NULL,38,'','2018-02-22 06:44:24'),(1242,1,'2017-09-23',9,5,'赵伟','重打包出库数量输出需要取消','STM14012',2,NULL,38,'','2018-02-22 06:44:24'),(1243,1,'2017-09-23',1,3,'魏军莲','天津恺谦宗远餐饮无法开立订单','客户状态从暂停调整为正常',2,NULL,38,'','2018-02-22 06:44:24'),(1244,1,'2017-09-25',5,7,'李鹏飞','配方部新增原料代码和成分需要下载','总账模块CTG1000/CTG13000/CTG14000',2,NULL,39,'','2018-02-22 06:44:24'),(1245,1,'2017-09-26',4,7,'李鹏飞','SS新增原料在SAP维护主数据','根据填写要求编码上传SAP项目组',2,NULL,39,'','2018-02-22 06:44:24'),(1246,1,'2017-09-27',3,7,'刘翔鹤','财务调阅档案模板需增加明细表','表单管理、流转设置',2,NULL,39,'','2018-02-22 06:44:24'),(1247,1,'2017-09-28',1,7,'马红玉','开立订单和确认发货单菜单卡慢','重启SS和oracle数据库服务器',2,NULL,39,'','2018-02-22 06:44:24'),(1248,1,'2017-09-29',1,1,'李建秋','开立订单后无法发送到SAP','联系SAP项目组',2,NULL,39,'','2018-02-22 06:44:24'),(1249,1,'2017-09-29',7,1,'肖静','导入23日饲养数据报错','联系吉永庆表删除饲养一个批次',2,NULL,39,'','2018-02-22 06:44:24'),(1250,1,'2017-09-29',1,3,'','天津朴饵餐饮管理服务有限公司','上海服务器、SS、SAP',1,NULL,39,'','2018-02-22 06:44:24'),(1251,1,'2017-09-29',1,3,'','中国邮政速递物流股份有限公司天津市分公司','上海服务器、SS、SAP',1,NULL,39,'','2018-02-22 06:44:24'),(1252,1,'2017-09-29',1,3,'','北京市中信公证处','上海服务器、SS、SAP',1,NULL,39,'','2018-02-22 06:44:24'),(1253,1,'2017-09-29',1,3,'','天津旭腾达自动化设备有限公司','上海服务器、SS、SAP',1,NULL,39,'','2018-02-22 06:44:24'),(1254,1,'2017-09-29',1,3,'','艾艾精密工业输送系统（上海）股份有限公司天津分公司','上海服务器、SS、SAP',1,NULL,39,'','2018-02-22 06:44:24'),(1255,1,'2017-09-29',1,3,'','北京大旺食品有限公司','上海服务器、SS、SAP',1,NULL,39,'','2018-02-22 06:44:24'),(1256,1,'2017-09-29',1,3,'','沈阳粮旺粮油制品有限公司','上海服务器、SS、SAP',1,NULL,39,'','2018-02-22 06:44:24'),(1257,1,'2017-09-29',1,3,'','正大食品企业（上海）有限公司天津分公司','上海服务器、SS、SAP',1,NULL,39,'','2018-02-22 06:44:24'),(1258,1,'2017-09-29',1,3,'','国安优易（北京）科技有限公司天津分公司','上海服务器、SS、SAP',1,NULL,39,'','2018-02-22 06:44:24'),(1259,1,'2017-09-29',1,3,'','能量（天津）影视文化交流有限公司','上海服务器、SS、SAP',1,NULL,39,'','2018-02-22 06:44:24'),(1260,1,'2017-09-29',1,3,'','蛋业待处理预收款','上海服务器、SS、SAP',1,NULL,39,'','2018-02-22 06:44:24'),(1261,1,'2017-09-29',1,3,'','公司社保','上海服务器、SS、SAP',1,NULL,39,'','2018-02-22 06:44:24'),(1262,1,'2017-09-29',1,3,'','刘锦辉','上海服务器、SS、SAP',1,NULL,39,'','2018-02-22 06:44:24'),(1263,1,'2017-09-29',1,3,'','北京德康莱健康安全科技股份有限公司','上海服务器、SS、SAP',1,NULL,39,'','2018-02-22 06:44:24'),(1264,1,'2017-09-29',1,3,'','北京中安质环技术评价中心有限公司','上海服务器、SS、SAP',1,NULL,39,'','2018-02-22 06:44:24'),(1265,1,'2017-09-29',1,3,'','水木清环（北京）环保科技有限公司','上海服务器、SS、SAP',1,NULL,39,'','2018-02-22 06:44:24'),(1266,1,'2017-09-29',1,3,'','北京宇诚联合科技有限公司','上海服务器、SS、SAP',1,NULL,39,'','2018-02-22 06:44:24'),(1267,1,'2017-09-29',1,3,'','四川省眉山市山宝机械模具有限公司','上海服务器、SS、SAP',1,NULL,39,'','2018-02-22 06:44:24'),(1268,1,'2017-09-29',1,3,'','必达（天津）家畜饲养设备有限公司','上海服务器、SS、SAP',1,NULL,39,'','2018-02-22 06:44:24'),(1269,1,'2017-09-29',1,3,'','何雪琴','上海服务器、SS、SAP',1,NULL,39,'','2018-02-22 06:44:24'),(1270,1,'2017-09-29',1,3,'','高林','上海服务器、SS、SAP',1,NULL,39,'','2018-02-22 06:44:24'),(1271,1,'2017-09-29',1,3,'','北京市欣晶华汽车修理厂','上海服务器、SS、SAP',1,NULL,39,'','2018-02-22 06:44:24'),(1272,1,'2017-09-29',1,3,'','刘奇','上海服务器、SS、SAP',1,NULL,39,'','2018-02-22 06:44:24'),(1273,1,'2017-09-29',4,3,'辛奇','52602015Z004-蛋系列物料','SAP',1,NULL,39,'','2018-02-22 06:44:24'),(1274,1,'2017-09-29',4,3,'辛奇','52200016(VIP)Z004-蛋系列物料','SAP',1,NULL,39,'','2018-02-22 06:44:24'),(1275,1,'2017-09-29',4,3,'辛奇','52602016(VIP)Z004-蛋系列物料','SAP',1,NULL,39,'','2018-02-22 06:44:24'),(1276,1,'2017-09-29',4,3,'辛奇','52602005Z004-蛋系列物料','SAP',1,NULL,39,'','2018-02-22 06:44:24'),(1277,1,'2017-09-29',4,3,'辛奇','58004010LZ004-蛋系列物料','SAP',1,NULL,39,'','2018-02-22 06:44:24'),(1278,1,'2017-09-29',4,3,'辛奇','000000000092465Z006-包装/药品疫苗/辅助材料','SAP',1,NULL,39,'','2018-02-22 06:44:24'),(1279,1,'2017-09-29',4,3,'辛奇','E1695Z001-饲料原料(中央采购物料)','SAP',1,NULL,39,'','2018-02-22 06:44:24'),(1280,1,'2017-09-29',4,3,'辛奇','F01E169500Z009-饲料制品','SAP',1,NULL,39,'','2018-02-22 06:44:24'),(1281,1,'2017-09-29',4,3,'辛奇','000000000125112-包装/药品疫苗/辅助材料','SAP',1,NULL,39,'','2018-02-22 06:44:24'),(1282,1,'2017-09-29',4,3,'辛奇','56200002Z004-蛋系列物料','SAP',1,NULL,39,'','2018-02-22 06:44:24'),(1283,1,'2017-09-29',4,3,'辛奇','52602005Z004-蛋系列物料','SAP',1,NULL,39,'','2018-02-22 06:44:24'),(1284,1,'2017-09-29',4,3,'辛奇','000000000125626Z006-包装/药品疫苗/辅助材料','SAP',1,NULL,39,'','2018-02-22 06:44:24'),(1285,1,'2017-09-29',4,3,'辛奇','56200002Z004-蛋系列物料','SAP',1,NULL,39,'','2018-02-22 06:44:24'),(1286,1,'2017-09-29',4,3,'辛奇','000000000126632Z006-包装/药品疫苗/辅助材料','SAP',1,NULL,39,'','2018-02-22 06:44:24'),(1287,1,'2017-09-29',4,3,'辛奇','000000000126632Z006-包装/药品疫苗/辅助材料','SAP',1,NULL,39,'','2018-02-22 06:44:24'),(1288,1,'2017-09-30',1,1,'朱军','对应车排号、确认发货单都提示数据库相关错误','联系上海王威检查数据库与总部的网络和数据库服务状态',2,NULL,39,'','2018-02-22 06:44:24'),(1289,1,'2017-09-30',1,1,'李小静','由于SS与数据库连接问题导致产品都停留在PA仓位','SS系统手动发送',2,NULL,39,'','2018-02-22 06:44:24'),(1290,1,'2017-09-30',6,1,'包材库','由于SS与数据库连接问题9月29日入库包材在PK仓位负数','SS系统手动发送和58400和WMM60001正负核销',2,NULL,39,'','2018-02-22 06:44:24'),(1291,1,'2017-09-30',6,1,'宋宇航','包材领用单WM查询不到','SS系统手动发送',2,NULL,39,'','2018-02-22 06:44:24'),(1292,1,'2017-09-30',1,1,'张宁','对应排号后WM58100确认备货搜索不到','SS系统手动发送',2,NULL,39,'','2018-02-22 06:44:24'),(1293,1,'2017-10-09',1,3,'李娜休','青岛尚众源食品有限公司','上海服务器、SS、SAP',1,NULL,41,'','2018-02-22 06:44:24'),(1294,1,'2017-10-09',1,3,'刘琴','通标标准技术服务有限公司','上海服务器、SS、SAP',1,NULL,41,'','2018-02-22 06:44:24'),(1295,1,'2017-10-09',1,3,'秦鹏飞','上海五研工业过滤设备有限公司修改银行帐号','SAP',1,NULL,41,'','2018-02-22 06:44:24'),(1296,1,'2017-10-09',1,3,'与海洋','北京旺旺食品有限公司修改成北京大旺食品有限公司，同时修改税号','上海服务器、SS、SAP',1,NULL,41,'','2018-02-22 06:44:24'),(1297,1,'2017-10-10',4,3,'辛奇','白胡椒粉（作废）,核心辅料-白胡椒粉','SAP',1,NULL,41,'','2018-02-22 06:44:24'),(1298,1,'2017-10-10',1,3,'刘伟','华润万家12家分店  返点5.8修改6.3','SS',1,NULL,41,'','2018-02-22 06:44:24'),(1299,1,'2017-10-10',4,3,'张志强','SAP密码忘记zhangzq','联系SAP项目组修改密码',1,NULL,41,'','2018-02-22 06:44:24'),(1300,1,'2017-10-10',1,1,'张宁','修改64单子超期','SS',1,NULL,41,'','2018-02-22 06:44:24'),(1301,1,'2017-10-10',1,1,'刘嘉丽','唐山退货仓位移库到正常仓位','WM',1,NULL,41,'','2018-02-22 06:44:24'),(1302,1,'2017-10-10',4,1,'李淑贤','SAP VPN登录提示用户尝试爆破登录已被系统锁定','公司网络不用连vpn，其他网络需要重新申请vpn',1,NULL,41,'','2018-02-22 06:44:24'),(1303,1,'2017-10-11',1,1,'张宁','50171000924  50171000925  50171001140  50171001108  50171001187 数量都是0 删除以上订单','SS',1,NULL,41,'','2018-02-22 06:44:24'),(1304,1,'2017-10-11',1,1,'张宁','54404060 wm和ss库存数量不一致提交IA','SS',1,NULL,41,'','2018-02-22 06:44:24'),(1305,1,'2017-10-11',2,5,'冯渊','废除采购单供应商代码：210683（宏蒲），采购单号：E4761709060074','SS',1,NULL,41,'','2018-02-22 06:44:24'),(1306,1,'2017-10-11',2,3,'张宁','天津市河东区金君渡乾盛祥烟酒便利店','SAP',1,NULL,41,'','2018-02-22 06:44:24'),(1307,1,'2017-10-11',2,3,'秦鹏飞','新乡市高新区山川机械有限公司','上海服务器、SS、SAP',1,NULL,41,'','2018-02-22 06:44:24'),(1308,1,'2017-10-11',2,3,'张保英','张云龙HR271399   雷荣军 HR270204','上海服务器、SS、SAP',1,NULL,41,'','2018-02-22 06:44:24'),(1309,1,'2017-10-11',2,3,'于海洋','南科燕','上海服务器、SS、SAP',1,NULL,41,'','2018-02-22 06:44:24'),(1310,1,'2017-10-12',1,1,'陈英俊','对应车排号提示库存不足','WM PG仓位移库到PB仓位',2,NULL,41,'','2018-02-22 06:44:24'),(1311,1,'2017-10-12',2,3,'秦鹏飞','天津市福特化工科技有限公司和淄博广安食品机械有限公司客户信息SAP不正确','整理BP维护表提交SAP项目组',2,NULL,41,'','2018-02-22 06:44:24'),(1312,1,'2017-10-12',8,1,'梁丽艳','处理生产耗用提示库存不足','WM系统DRPP01仓位正负核销',2,NULL,41,'','2018-02-22 06:44:24'),(1313,1,'2017-10-12',6,3,'秦鹏飞','物料系统发送SS提示找不到供应商','物料系统和SS系统的税号要保持一致',2,NULL,41,'','2018-02-22 06:44:24'),(1314,1,'2017-10-13',8,5,'梁丽艳','修改62单子票据日期','SS',1,NULL,41,'','2018-02-22 06:44:24'),(1315,1,'2017-10-13',8,5,'梁丽艳','删除621710D00032 单据','SS',1,NULL,41,'','2018-02-22 06:44:24'),(1316,1,'2017-10-13',8,5,'梁丽艳','修改62单子票据日期日期 GBM44800修改','SS',1,NULL,41,'','2018-02-22 06:44:24'),(1317,1,'2017-10-13',1,5,'廉络','TJ201028 原经销商修改成社区店','SS',1,NULL,41,'','2018-02-22 06:44:24'),(1318,1,'2017-10-13',2,2,'朱磊','供应商开户 深圳市诺唯丹机电科技有限公司','上海服务器、SS、SAP',1,NULL,41,'','2018-02-22 06:44:24'),(1319,1,'2017-10-13',2,2,'王瑜善','供应商开户 王瑜善','上海服务器、SS、SAP',1,NULL,41,'','2018-02-22 06:44:24'),(1320,1,'2017-10-13',1,1,'刘小二','53401015W  53504019 PG移库到PB','SS',1,NULL,41,'','2018-02-22 06:44:24'),(1321,1,'2017-10-13',2,5,'贾豪磊','取消采购合同4015120261正大预混料(天津）有限公司','SS',1,NULL,41,'','2018-02-22 06:44:24'),(1322,1,'2017-10-13',1,1,'张宁','北京志远宏瀚蛋品销售中心在上海服务器税号消失，重新添加，重新关联ss','上海服务器',1,NULL,41,'','2018-02-22 06:44:24'),(1323,1,'2017-10-13',2,5,'分级厂入库','ss 分级入库这53503017桃谷香15枚入库全卡在手动发送数据这 查询WM里53503017未设置仓位','WM',1,NULL,41,'','2018-02-22 06:44:24'),(1324,1,'2017-10-13',1,5,'于海洋','910589 湖北正大添加液蛋销售','SS',1,NULL,41,'','2018-02-22 06:44:24'),(1325,1,'2017-10-13',1,5,'马红峪','BJ614004北京众和鑫源商贸有限公司 添加深加工销售','SS',1,NULL,41,'','2018-02-22 06:44:24'),(1326,1,'2017-10-16',6,1,'包材库','000000000017336包材入库数量比采购数量翻倍','WM系统正负核销',2,NULL,42,'','2018-02-22 06:44:24'),(1327,1,'2017-10-16',1,5,'李爱之','修改北京市桃李食品有限公司账期15天修改到20天','SS',1,NULL,42,'','2018-02-22 06:44:24'),(1328,1,'2017-10-16',3,5,'宋玉航','撤销签呈FY02-1-2017000468','OA',1,NULL,42,'','2018-02-22 06:44:24'),(1329,1,'2017-10-16',1,5,'刘小二','50171001366订单状态是等待安排路线，路线菜单确无数据，原路线是自提，修改成配送路线即可','SS',1,NULL,42,'','2018-02-22 06:44:24'),(1330,1,'2017-10-16',3,5,'董卫国','撤回FY02_1-20171000531签呈','OA',1,NULL,42,'','2018-02-22 06:44:24'),(1331,1,'2017-10-16',2,5,'王瑜善','取消62单子数量弄错621710D000035','SS',1,NULL,42,'','2018-02-22 06:44:24'),(1332,1,'2017-10-16',8,1,'深加工调拨','正式环境深加工调拨，设置票据号。系统管理-7.设定票序号-9.GBM44I00','SS',1,NULL,42,'','2018-02-22 06:44:24'),(1333,1,'2017-10-16',1,2,'马红峪','客户：北京天宝伟盛商贸有限公司','上海服务器、SS、SAP',1,NULL,42,'','2018-02-22 06:44:24'),(1334,1,'2017-10-17',1,3,'李益如','供应商：北京国信比林通信技术有限公司','上海服务器、SS、SAP',1,NULL,42,'','2018-02-22 06:44:24'),(1335,1,'2017-10-17',2,1,'宋玉航','确认51000240ss数据','SS',1,NULL,42,'','2018-02-22 06:44:24'),(1336,1,'2017-10-17',1,3,'秦鹏飞','诸城鼎立机械设备有限公司','上海服务器、SS、SAP',1,NULL,42,'','2018-02-22 06:44:24'),(1337,1,'2017-10-17',6,5,'宋宇航','16号日结000000000017336包装物领用数量不够','将之前误跟PP01仓位核销的数量从正常仓位移库到PP01仓位',2,NULL,42,'','2018-02-22 06:44:24'),(1338,1,'2017-10-17',1,2,'李淑贤','开户 供应商：市南区士大力开元商行','上海服务器、SS、SAP',1,NULL,42,'','2018-02-22 06:44:24'),(1339,1,'2017-10-17',4,3,'王瑜善','000000000128029-5枚初产蛋外箱 000000000128030-15枚初产蛋外箱（网兜装）','SAP',1,NULL,42,'','2018-02-22 06:44:24'),(1340,1,'2017-10-18',4,3,'辛奇','000000000128035400g加糖冷冻蛋液外箱（肯德基专用） 000000000128036400g加糖冷冻蛋液专用拉伸膜 000000000128037400g加糖冷冻蛋液垫板1号（长） 0','SAP',1,NULL,42,'','2018-02-22 06:44:24'),(1341,1,'2017-10-18',1,2,'秦鹏飞','开户 供应商:沙鹰科学仪器（上海）有限公司','上海服务器、SS、SAP',1,NULL,42,'','2018-02-22 06:44:24'),(1342,1,'2017-10-18',1,2,'秦鹏飞','开户 供应商:北京鑫浩寰宇科技发展有限公司','上海服务器、SS、SAP',1,NULL,42,'','2018-02-22 06:44:24'),(1343,1,'2017-10-18',1,2,'彭艳楠','开户 客户:山东大旺食品有限公司','上海服务器、SS、SAP',1,NULL,42,'','2018-02-22 06:44:24'),(1344,1,'2017-10-18',1,5,'梁英','修改客户名称 原内容：大成盛记（天津）餐饮管理发展有限公司  变更内容：天津京味轩大成盛记餐饮管理有限公司','上海服务器、SS、SAP',1,NULL,42,'','2018-02-22 06:44:24'),(1345,1,'2017-10-18',1,5,'刘小二','提交IA 订单50171002045订购数量域分配数量不符2017-10-18','SS',1,NULL,42,'','2018-02-22 06:44:24'),(1346,1,'2017-10-18',3,5,'宋宇航','OA 撤回QC-2017100497 QC-2017100493签呈','OA',1,NULL,42,'','2018-02-22 06:44:24'),(1347,1,'2017-10-18',1,5,'赵佳丽','SS 提交IA 取消RS1710E00056退货申请单','SS',1,NULL,42,'','2018-02-22 06:44:24'),(1348,1,'2017-10-18',1,2,'秦鹏飞','开户 供应商:北京福德克科技有限公司','上海服务器、SS、SAP',1,NULL,42,'','2018-02-22 06:44:24'),(1349,1,'2017-10-18',2,3,'王瑜善','更新物料运维 55133033VIP家庭装30枚L电商（慈溪）无外箱','SAP',1,NULL,42,'','2018-02-22 06:44:24'),(1350,1,'2017-10-19',1,5,'李娜休','QC-2017070106北京通盈房地产开发有限公司酒店分公司现帐期设为45天，现调整账期时间为75天.','SS',1,NULL,42,'','2018-02-22 06:44:24'),(1351,1,'2017-10-19',6,5,'宋宇航','提交IA选蛋厂领用包材000000000126632提示库存为0，无法领用','SS',1,NULL,42,'','2018-02-22 06:44:24'),(1352,1,'2017-10-19',2,5,'秦鹏飞','取消采购申请单廊坊茂乾纸制品有限公司E4761709290390','SS',1,NULL,42,'','2018-02-22 06:44:24'),(1353,1,'2017-10-19',1,2,'宋宇航','开户宋宇航','上海服务器、SS',3,NULL,42,'','2018-02-22 06:44:24'),(1354,1,'2017-10-19',1,2,'李玉','开户天津莎家帮食品生产有限公司','上海服务器、SS',3,NULL,42,'','2018-02-22 06:44:24'),(1355,1,'2017-10-19',4,3,'宋宇航','资料同步SAP宋宇航','SAP',3,NULL,42,'','2018-02-22 06:44:24'),(1356,1,'2017-10-19',4,3,'李玉','资料同步SAP天津莎家帮食品生产有限公司','SAP',3,NULL,42,'','2018-02-22 06:44:24'),(1357,1,'2017-10-19',1,2,'王雪婷','开户人保资本投资管理有限公司','上海服务器、SS',3,NULL,42,'','2018-02-22 06:44:24'),(1358,1,'2017-10-19',4,3,'王雪婷','资料同步SAP人保资本投资管理有限公司','SAP',3,NULL,42,'','2018-02-22 06:44:24'),(1359,1,'2017-10-20',4,3,'陈光','更新银行名称和账户','SAP',3,NULL,42,'','2018-02-22 06:44:24'),(1360,1,'2017-10-20',8,5,'梁丽艳','改日期621710D000042','SS',3,NULL,42,'','2018-02-22 06:44:24'),(1361,1,'2017-10-20',8,5,'梁丽艳','删除单据621710D00047','SS',3,NULL,42,'','2018-02-22 06:44:24'),(1362,1,'2017-10-20',1,2,'李小静','开户北京谷香源食品科技服务有限公司','上海服务器、SS',3,NULL,42,'','2018-02-22 06:44:24'),(1363,1,'2017-10-20',1,2,'彭艳楠','开户深圳市中际烘焙协会','上海服务器、SS',3,NULL,42,'','2018-02-22 06:44:24'),(1364,1,'2017-10-20',1,2,'李小静','资料同步SAP北京谷香源食品科技服务有限公司','SAP',3,NULL,42,'','2018-02-22 06:44:24'),(1365,1,'2017-10-20',1,2,'彭艳楠','资料同步SAP深圳市中际烘焙协会','SAP',3,NULL,42,'','2018-02-22 06:44:24'),(1366,1,'2017-10-21',1,1,'张超','52400012 产品移库，分配订单提示不足，PG库180移到PB','ss',1,NULL,42,'','2018-02-22 06:44:24'),(1367,1,'2017-10-21',1,1,'胡海杰','根据最近经常出现分配提示库存数量小于申请数量，PG库占用产品问题，提交IA查询问题','ss',1,NULL,42,'','2018-02-22 06:44:24'),(1368,1,'2017-10-22',1,5,'魏小颖','BJ201437修改账期3天额度100000.00  原0','ss',1,NULL,42,'','2018-02-22 06:44:24'),(1369,1,'2017-10-22',1,5,'魏小颖','HB402003终止客户开通','ss',1,NULL,42,'','2018-02-22 06:44:24'),(1370,1,'2017-10-22',1,1,'张超','58200010PG库移到PB01，分配订单提示不足。','ss',1,NULL,42,'','2018-02-22 06:44:24'),(1371,1,'2017-10-23',1,5,'魏小颖','BJ201437原账期3天额度100000.00修改成现销','ss',1,NULL,43,'','2018-02-22 06:44:24'),(1372,1,'2017-10-23',1,2,'李小静','开户 连云港家得福商贸有限公司','上海服务器、SS、SAP',1,NULL,43,'','2018-02-22 06:44:24'),(1373,1,'2017-10-23',2,3,'辛奇','物料 59100010A10枚白煮蛋（去壳）柠檬酸 59100010AD10枚白煮蛋（去壳）柠檬酸单袋 59100065A65枚白煮蛋（去壳）柠檬酸 59100065AD65枚白煮蛋（去壳）柠檬酸单袋','SAP',1,NULL,43,'','2018-02-22 06:44:24'),(1374,1,'2017-10-23',1,2,'梁英','开户 北京航空食品有限公司天津分公司','上海服务器、SS、SAP',1,NULL,43,'','2018-02-22 06:44:24'),(1375,1,'2017-10-24',2,2,'崔进争','汇鑫方圆（北京）劳务服务有限公司','上海服务器、SS、SAP',4,NULL,43,'','2018-02-22 06:44:24'),(1376,1,'2017-10-24',1,3,'杨燕','ss TJ302012开通深加工','SS',1,NULL,43,'','2018-02-22 06:44:24'),(1377,1,'2017-10-24',2,2,'王雪停','供应商开户 中国建设银行股份有限公司松原江南支行','上海服务器、SS、SAP',1,NULL,43,'','2018-02-22 06:44:24'),(1378,1,'2017-10-24',2,3,'王雪停','供应商修改 人保资本投资管理有限公司修改成人保资本投资管理有限公司（支农债权投资计划一期2）','上海服务器、SS、SAP',1,NULL,43,'','2018-02-22 06:44:24'),(1379,1,'2017-10-24',2,3,'辛奇','物料 303000143一般辅料-柠檬酸','SAP',1,NULL,43,'','2018-02-22 06:44:24'),(1380,1,'2017-10-24',1,1,'张宁','对应车牌号提示库存不足','移库从程序错误仓位移动到程序正常仓位',4,NULL,43,'','2018-02-22 06:44:24'),(1381,1,'2017-10-25',3,5,'张晓磊','车辆派出申请-2017100152退回','OA',1,NULL,43,'','2018-02-22 06:44:24'),(1382,1,'2017-10-25',3,5,'曹鹏辉','QC-2017100537 退回','OA',1,NULL,43,'','2018-02-22 06:44:24'),(1383,1,'2017-10-25',2,2,'秦鹏飞','供应商开户 山东元泰生物工程有限公司','上海服务器、SS、SAP',1,NULL,43,'','2018-02-22 06:44:24'),(1384,1,'2017-10-25',2,3,'王雪停','客户扩展供应商 CPF IT CENTER Co.,Ltd.','上海服务器、SS、SAP',1,NULL,43,'','2018-02-22 06:44:24'),(1385,1,'2017-10-25',1,2,'于海洋','客户开户 北京百味绿春食品有限责任公司','上海服务器、SS、SAP',1,NULL,43,'','2018-02-22 06:44:24'),(1386,1,'2017-10-25',1,2,'于海洋','客户开户 北京六九豆浆包子铺','上海服务器、SS、SAP',1,NULL,43,'','2018-02-22 06:44:24'),(1387,1,'2017-10-25',2,2,'何雪琴','供应商开户 正大餐饮-标准化食堂','上海服务器、SS、SAP',1,NULL,43,'','2018-02-22 06:44:24'),(1388,1,'2017-10-25',1,2,'何雪琴','客户开户 正大餐饮-标准化食堂','上海服务器、SS、SAP',1,NULL,43,'','2018-02-22 06:44:24'),(1389,1,'2017-10-26',1,2,'李晓静','北京三元桥凤凰城店 ','上海服务器、SS、SAP',4,NULL,43,'','2018-02-22 06:44:24'),(1390,1,'2017-10-26',1,2,'李晓静','北京国瑞购物中心店','上海服务器、SS、SAP',4,NULL,43,'','2018-02-22 06:44:24'),(1391,1,'2017-10-26',1,2,'李晓静','北京大兴宜家店','上海服务器、SS、SAP',4,NULL,43,'','2018-02-22 06:44:24'),(1392,1,'2017-10-26',1,2,'李晓静','北京华威店','上海服务器、SS、SAP',4,NULL,43,'','2018-02-22 06:44:24'),(1393,1,'2017-10-26',1,2,'李晓静','北京天时名苑店','上海服务器、SS、SAP',4,NULL,43,'','2018-02-22 06:44:24'),(1394,1,'2017-10-26',1,2,'李晓静','北京中粮万科半岛广场店','上海服务器、SS、SAP',4,NULL,43,'','2018-02-22 06:44:24'),(1395,1,'2017-10-26',1,2,'李晓静','北京密云店','上海服务器、SS、SAP',4,NULL,43,'','2018-02-22 06:44:24'),(1396,1,'2017-10-26',1,2,'李晓静','天津大悦城店','上海服务器、SS、SAP',4,NULL,43,'','2018-02-22 06:44:24'),(1397,1,'2017-10-26',1,2,'李晓静','天津恒隆店','上海服务器、SS、SAP',4,NULL,43,'','2018-02-22 06:44:24'),(1398,1,'2017-10-27',1,2,'张立立','北京天然至尚商贸有限公司','上海服务器、SS、SAP',4,NULL,43,'','2018-02-22 06:44:24'),(1399,1,'2017-10-27',1,1,'曹英俊','13张50单据确认发货单报错','提交IA处理',4,NULL,43,'','2018-02-22 06:44:24'),(1400,1,'2017-10-27',5,7,'蔡德华','STM21000菜单找不到Z2F10171CI','GBM29000添加Z2F10171CI',4,NULL,43,'','2018-02-22 06:44:24'),(1401,1,'2017-10-27',5,7,'齐广磊','STM21000菜单找不到F01Z2F10171产品系列','在GBM29000添加产品产品系列',4,NULL,43,'','2018-02-22 06:44:24'),(1402,1,'2017-10-27',2,7,'秦鹏飞','北京双合创明水处理设备有限公司','上海服务器、SS、SAP',4,NULL,43,'','2018-02-22 06:44:24'),(1403,1,'2017-10-27',2,7,'李淑贤','邯郸派瑞气体设备有限公司','上海服务器、SS、SAP',4,NULL,43,'','2018-02-22 06:44:24'),(1404,1,'2017-10-27',2,7,'张立立','北京世能餐饮服务有限公司','上海服务器、SS、SAP',4,NULL,43,'','2018-02-22 06:44:24'),(1405,1,'2017-10-27',1,2,'杜雪松','供应商开户 中都百汇（北京）贸易有限公司','上海服务器、SS、SAP',1,NULL,43,'','2018-02-22 06:44:24'),(1406,1,'2017-10-27',2,7,'辛奇','物料   Z004-蛋系列物料 冷冻蛋液（加糖）','SAP',1,NULL,43,'','2018-02-22 06:44:24'),(1407,1,'2017-10-27',2,7,'李红宇','BJ201436只有ss没有sap，需要维护sap','SAP',1,NULL,43,'','2018-02-22 06:44:24'),(1408,1,'2017-10-27',1,2,'郑文静','客户开户  天津天宏餐饮有限公司','上海服务器、SS、SAP',1,NULL,43,'','2018-02-22 06:44:24'),(1409,1,'2017-10-28',1,7,'李虹宇','TJ615001增加深加工事业线','GBM17000、GBM1800、链接线路',4,NULL,43,'','2018-02-22 06:44:24'),(1410,1,'2017-10-28',4,7,'刘翔鹤','修改物料主数据6200000017的单位“个”到“瓶”','发送到SAP',4,NULL,43,'','2018-02-22 06:44:24'),(1411,1,'2017-10-28',1,1,'陈晶伟','产品56100131对应车牌号报错，显示库存不足','提交IA处理',4,NULL,43,'','2018-02-22 06:44:24'),(1412,1,'2017-10-28',1,3,'李虹宇','北京众和鑫源商贸有限公司 (自提)','上海服务器、SS',4,NULL,43,'','2018-02-22 06:44:24'),(1413,1,'2017-10-28',1,3,'李虹宇','北京众和鑫源商贸有限公司 (自提)','上海服务器、SS',4,NULL,43,'','2018-02-22 06:44:24'),(1414,1,'2017-10-30',4,7,'王雪婷','中企惠（北京）会计师事务所有限公司添加银行信息','sap添加银行信息',4,NULL,44,'','2018-02-22 06:44:24'),(1415,1,'2017-10-30',2,7,'李淑贤','阳谷奥德利化工有限公司','上海服务器、SS、SAP',4,NULL,44,'','2018-02-22 06:44:24'),(1416,1,'2017-10-30',4,7,'秦鹏飞','天津隆达输送设备有限公司添加银行信息','sap添加银行信息',4,NULL,44,'','2018-02-22 06:44:24'),(1417,1,'2017-10-30',2,7,'刘嘉丽','沈阳今旅饭店有限公司 客户扩展供应商','sap添加银行信息',4,NULL,44,'','2018-02-22 06:44:24'),(1418,1,'2017-10-30',1,5,'彭艳楠','退货单RS1710L00016 数量写错，已经打印，确认完毕完毕','找王玉明开权限，删除确认入库，恢复打印，删除RS',4,NULL,44,'','2018-02-22 06:44:24'),(1419,1,'2017-10-30',3,7,'张晓磊','QCB(费用报销)-2017100227撤回','oa-流程监控-搜索撤回',4,NULL,44,'','2018-02-22 06:44:24'),(1420,1,'2017-10-30',4,7,'辛奇','维护物料主数据标签2个','上传SAP物料运维数据表',4,NULL,44,'','2018-02-22 06:44:24'),(1421,1,'2017-10-30',1,3,'谭慧慧','北京市朝阳区启明东润双语幼儿园修改地址联系人信息','GBM15000',4,NULL,44,'','2018-02-22 06:44:24'),(1422,1,'2017-10-30',1,1,'朱军','55133030产品对应车牌号错误','提交IA处理',4,NULL,44,'','2018-02-22 06:44:24'),(1423,1,'2017-10-30',1,3,'王雪停','211584 开通鸡蛋和深加工销售','SS',1,NULL,44,'','2018-02-22 06:44:24'),(1424,1,'2017-10-30',1,3,'杨燕','BJ213435开通深加工','SS',1,NULL,44,'','2018-02-22 06:44:24'),(1425,1,'2017-10-30',2,2,'冯渊','供应商开户:北京鑫东琳工贸有限公司','上海服务器、SS、SAP',1,NULL,44,'','2018-02-22 06:44:24'),(1426,1,'2017-10-31',1,3,'梁英','TJ302028修改账期15天变更为30天，签呈编号HT-2017090264','SS',1,NULL,44,'','2018-02-22 06:44:24'),(1427,1,'2017-10-31',1,7,'张宁','修改64单子日期641710T00069','SS',1,NULL,44,'','2018-02-22 06:44:24'),(1428,1,'2017-10-31',4,7,'李淑贤','青岛兰妮服饰文化有限公司  ','sap添加银行信息',4,NULL,44,'','2018-02-22 06:44:24'),(1429,1,'2017-10-31',3,7,'董伟国','FY03_1-20171000015、QCB（费用报销）-2017100230退回','oa-流程监控-搜索撤回',4,NULL,44,'','2018-02-22 06:44:24'),(1430,1,'2017-10-31',8,5,'梁丽艳','修改壳蛋原料蛋领料票据时间','修改',4,NULL,44,'','2018-02-22 06:44:24'),(1431,1,'2017-10-31',8,5,'王瑜善','删除核心料领料62单据621710D000064','删除',4,NULL,44,'','2018-02-22 06:44:24'),(1432,1,'2017-10-31',6,1,'高峰','包000000000087781、000000000056091出现负数','提交IA核销',4,NULL,44,'','2018-02-22 06:44:24'),(1433,1,'2017-11-01',8,5,'孔庆敏','领料单621710D00081取消','取消',4,NULL,44,'','2018-02-22 06:44:24'),(1434,1,'2017-11-01',3,7,'张晓磊','车辆派出申请-2017100157退回','oa-流程监控-搜索撤回',4,NULL,44,'','2018-02-22 06:44:24'),(1435,1,'2017-11-01',6,1,'高峰','pum02900包材入库报错，没有数量显示','提交IA处理',4,NULL,44,'','2018-02-22 06:44:24'),(1436,1,'2017-11-01',4,7,'杜雪松','sap上北京锋人能达科贸有限公司 ','sap添加信息',4,NULL,44,'','2018-02-22 06:44:24'),(1437,1,'2017-11-01',1,7,'张宁','开权限STI23000','添加',4,NULL,44,'','2018-02-22 06:44:24'),(1438,1,'2017-11-01',6,5,'宋宇航','日结000000000056091变红色，PP01数不够','经过仔细查询，移库给PP01，',4,NULL,44,'','2018-02-22 06:44:24'),(1439,1,'2017-11-01',2,5,'冯渊','采够单作废供应商代码001093采购单号：E4761704240279','SS',1,NULL,44,'','2018-02-22 06:44:24'),(1440,1,'2017-11-01',4,7,'辛奇','添加50431034、50431035液蛋产品','填写给sap发送物料运维数据表',4,NULL,44,'','2018-02-22 06:44:24'),(1441,1,'2017-11-02',1,3,'谭惠惠','北京日日生鲜农业有限公司','上海服务器、SS、SAP',4,NULL,44,'','2018-02-22 06:44:24'),(1442,1,'2017-11-02',3,7,'董伟国','QCB（费用报销）-2017110238 退回','oa-流程监控-搜索撤回',4,NULL,44,'','2018-02-22 06:44:24'),(1443,1,'2017-11-02',1,2,'李建秋','开户北京首航国力商贸有限公司（自提）','上海服务器、SS、SAP',1,NULL,44,'','2018-02-22 06:44:24'),(1444,1,'2017-11-02',1,2,'李建秋','开户连云港家得福商贸有限公司（自提）','上海服务器、SS、SAP',1,NULL,44,'','2018-02-22 06:44:24'),(1445,1,'2017-11-02',1,2,'李建秋','开户北京尚品致源科技发展有限公司（自提）','上海服务器、SS、SAP',1,NULL,44,'','2018-02-22 06:44:24'),(1446,1,'2017-11-02',1,2,'何雪琴','开户 供应商和客户都开 北京市农业委员会','上海服务器、SS、SAP',1,NULL,44,'','2018-02-22 06:44:24'),(1447,1,'2017-11-02',1,2,'梁英','开户 天津竞发企业管理咨询有限公司','上海服务器、SS、SAP',1,NULL,44,'','2018-02-22 06:44:24'),(1448,1,'2017-11-02',1,2,'李娜休','开户 正大食品企业（上海）有限公司北京分公司-北京全时','上海服务器、SS、SAP',1,NULL,44,'','2018-02-22 06:44:24'),(1449,1,'2017-11-03',6,1,'包材库','000000000092523包材入库WM库存没有同步','联系IA',2,NULL,44,'','2018-02-22 06:44:24'),(1450,1,'2017-11-03',1,2,'彭艳楠','ss，sap HN401001修改客户额度0-100000','SS、SAP',1,NULL,44,'','2018-02-22 06:44:24'),(1451,1,'2017-11-03',1,2,'魏俊莲','ss，sap BJ616009修改客户额度0-300000','SS、SAP',1,NULL,44,'','2018-02-22 06:44:24'),(1452,1,'2017-11-03',1,3,'李红宇','BJ61400601 614 SJ 40467  北京成豪商贸有限公司（自提） 91110106099027149C~1','SS',1,NULL,44,'','2018-02-22 06:44:24'),(1453,1,'2017-11-03',2,3,'王雪停','修改供应商210335 北京银行股份有限公司平谷支行','上海服务器、SS、SAP',1,NULL,44,'','2018-02-22 06:44:24'),(1454,1,'2017-11-05',1,1,'朱军','确认发货单报错','单据数量丢失联系IA删除单据，重新开单发货',2,NULL,44,'','2018-02-22 06:44:24'),(1455,1,'2017-11-05',1,5,'张超','对应车牌号58400012提示库存不足','WM从PA仓位移库A01仓位',2,NULL,44,'','2018-02-22 06:44:24'),(1456,1,'2017-11-06',5,3,'贾豪磊','添加供应商:赤峰川联矿物质饲料有限公司','上海服务器、SS、SAP',4,NULL,45,'','2018-02-22 06:44:24'),(1457,1,'2017-11-06',5,5,'贾豪磊','删除4015120279 4015120280采购单','取消审核，删除',4,NULL,45,'','2018-02-22 06:44:24'),(1458,1,'2017-11-06',2,3,'李晓静','北京首航国力商贸有限公司修改额度账期','SS、SAP',4,NULL,45,'','2018-02-22 06:44:24'),(1459,1,'2017-11-06',4,7,'辛奇','000000000130012、000000000130013上传sap','物料上传SAP',4,NULL,45,'','2018-02-22 06:44:24'),(1460,1,'2017-11-06',2,7,'张鹏','北京正耀高坡一次性餐具有限公司供应商扩展客户','SS、SAP',4,NULL,45,'','2018-02-22 06:44:24'),(1461,1,'2017-11-06',1,3,'李建秋','BJ61601801 616  58597 SZ 北京远通酒店管理有限公司（自提） 9111010278688461X2~1','SS',1,NULL,45,'','2018-02-22 06:44:24'),(1462,1,'2017-11-07',2,3,'廉络','无穷食品有限公司额度改到500万','SS 、SAP',4,NULL,45,'','2018-02-22 06:44:24'),(1463,1,'2017-11-07',2,3,'廉络','大连绿雪蛋品发展有限公司额度改到300万','SS、SAP',4,NULL,45,'','2018-02-22 06:44:24'),(1464,1,'2017-11-07',1,2,'李虹宇','金鼎商贸有限公司(自提)开户','上海服务器、SS',4,NULL,45,'','2018-02-22 06:44:24'),(1465,1,'2017-11-07',1,2,'梁英','客户开户 中国银行股份有限公司南开支行','上海服务器、SS、SAP',1,NULL,45,'','2018-02-22 06:44:24'),(1466,1,'2017-11-07',2,2,'董伟国','供应商开户 北京金锐恒通技术服务有限公司','上海服务器、SS、SAP',1,NULL,45,'','2018-02-22 06:44:24'),(1467,1,'2017-11-07',2,2,'董伟国','供应商开户 美溯源（北京）生物技术有限公司','上海服务器、SS、SAP',1,NULL,45,'','2018-02-22 06:44:24'),(1468,1,'2017-11-07',1,3,'杨燕','开通深加工 BJ201432天津津苗商贸有限公司  50504 SJ','SS',1,NULL,45,'','2018-02-22 06:44:24'),(1469,1,'2017-11-08',1,1,'杨燕','501711011031、501711037等3张单子不能确认发货找不到','经IA确认删除50单据重新开',4,NULL,45,'','2018-02-22 06:44:24'),(1470,1,'2017-11-08',1,2,'吕晓玲','开户：北京物美商业集团股份有限公司通州次渠店  ','上海服务器、SS、SAP',4,NULL,45,'','2018-02-22 06:44:24'),(1471,1,'2017-11-08',1,2,'吕晓玲','开户：北京物美超市有限公司亦庄富兴国际中心物美  ','上海服务器、SS、SAP',4,NULL,45,'','2018-02-22 06:44:24'),(1472,1,'2017-11-08',2,7,'刘琴','崔荣荣的银行信息变更','SAP',4,NULL,45,'','2018-02-22 06:44:24'),(1473,1,'2017-11-08',1,2,'吕晓玲','开户:北京物美商业集团股份有限公司北京工商大学','上海服务器、SS、SAP',4,NULL,45,'','2018-02-22 06:44:24'),(1474,1,'2017-11-08',2,3,'杜雪松','添加供应商：松原市宁江区金港物流中心','上海服务器、SS、SAP',4,NULL,45,'','2018-02-22 06:44:24'),(1475,1,'2017-11-08',1,7,'张超','SP1711000394在确认备货不存在，需要手动发送','EGMG0100',4,NULL,45,'','2018-02-22 06:44:24'),(1476,1,'2017-11-08',1,7,'朱军','销售单据50171100671确认发货单时报错，经查询发现数量丢失。此50单已经取消，产品已经移库到正常仓位','SS',1,NULL,45,'','2018-02-22 06:44:24'),(1477,1,'2017-11-09',6,7,'王宇明','集团审计小组设置SS和WM的权限','设置一层二层登录账户',2,NULL,45,'','2018-02-22 06:44:24'),(1478,1,'2017-11-09',2,2,'张晓磊','供应商开户211700 北京九纯健科技发展有限公司','上海服务器、SS、SAP',1,NULL,45,'','2018-02-22 06:44:24'),(1479,1,'2017-11-09',2,2,'彭艳楠','供应商开户211701 中钢招标有限责任公司','上海服务器、SS、SAP',1,NULL,45,'','2018-02-22 06:44:24'),(1480,1,'2017-11-09',2,2,'董伟国','供应商开户211702 北京优诺科技发展有限公司','上海服务器、SS、SAP',1,NULL,45,'','2018-02-22 06:44:24'),(1481,1,'2017-11-09',2,2,'何平','供应商开户211703 北京圣博讯科技有限公司','上海服务器、SS、SAP',1,NULL,45,'','2018-02-22 06:44:24'),(1482,1,'2017-11-09',2,7,'吕俊玲','修改主管 杨柳58583、王明东40280、吴雪迎、刘志远58576、吕俊玲40140，主管原来是杨海东，现在需要更改为王庆龙','SS',1,NULL,45,'','2018-02-22 06:44:24'),(1483,1,'2017-11-09',3,7,'1','供应商和员工开户在OA实现，替换原来的excel传送','OA创建新流程',1,NULL,45,'','2018-02-22 06:44:24'),(1484,1,'2017-11-10',2,5,'董伟国','修改供应商开户银行帐号错误北京优诺科技发展有限公司','SAP',1,NULL,45,'','2018-02-22 06:44:24'),(1485,1,'2017-11-10',1,2,'刘艳霞','客户开户 北京菜篮子终端科技有限公司','上海服务器、SS、SAP',1,NULL,45,'','2018-02-22 06:44:24'),(1486,1,'2017-11-11',8,5,'郭丽丽','日结提示原料蛋不足 删除6517111000043单据，重新做单并勾选转换代码','SS',1,NULL,45,'','2018-02-22 06:44:24'),(1487,1,'2017-11-13',4,7,'何平','供应商扩展公司代码-北京市正大慈善基金会','SAP',4,NULL,46,'','2018-02-22 06:44:24'),(1488,1,'2017-11-13',5,7,'齐广磊','调拨至青年鸡过二磅报错','从其仓位做出库',4,NULL,46,'','2018-02-22 06:44:24'),(1489,1,'2017-11-13',5,7,'杜雪松','下载供应商信息-A23446','下载',4,NULL,46,'','2018-02-22 06:44:24'),(1490,1,'2017-11-13',3,7,'杨雪梅','OA撤回QC-2017110633','流程监控-撤回',4,NULL,46,'','2018-02-22 06:44:24'),(1491,1,'2017-11-13',1,5,'张超','对应车牌号报错，库存不足','下订单选日期，删除重新开',4,NULL,46,'','2018-02-22 06:44:24'),(1492,1,'2017-11-14',2,2,'冯渊','供应商开户211704廊坊市广阳区建设路三森纸制品经销部','上海服务器、SS、SAP',1,NULL,46,'','2018-02-22 06:44:24'),(1493,1,'2017-11-15',2,5,'冯渊','金福华（210362）系统里所有的采购单都终止','SS',1,NULL,46,'','2018-02-22 06:44:24'),(1494,1,'2017-11-15',3,5,'郭丹','FY02_1-20170800875、FY02_1-20170900065、FY02_1-20170900066、价格申请签呈表（除特通、KA外）2017100138 退到申请人','流程监控-撤回',1,NULL,46,'','2018-02-22 06:44:24'),(1495,1,'2017-11-15',1,2,'梁英','客户开户 天津桃李食品有限公司','上海服务器、SS、SAP',1,NULL,46,'','2018-02-22 06:44:24'),(1496,1,'2017-11-15',2,2,'王雪停','供应商开户 北京百旺金赋科技有限公司','上海服务器、SS、SAP',1,NULL,46,'','2018-02-22 06:44:24'),(1497,1,'2017-11-15',2,2,'张保英','员工开户 刘璐','SAP',1,NULL,46,'','2018-02-22 06:44:24'),(1498,1,'2017-11-15',2,2,'彭艳楠','员工开户王兰柱','SAP',1,NULL,46,'','2018-02-22 06:44:24'),(1499,1,'2017-11-16',1,2,'彭艳楠','客户开户 北京神厨食品销售有限公司','上海服务器、SS、SAP',1,NULL,46,'','2018-02-22 06:44:24'),(1500,1,'2017-11-20',7,1,'肖婧','农场系统—青年鸡确认进鸡计划D20没有明细','提交IA处理',4,NULL,47,'','2018-02-22 06:44:24'),(1501,1,'2017-11-20',1,2,'彭艳楠','客户910264需要开深加工事业线','SS设定',4,NULL,47,'','2018-02-22 06:44:24'),(1502,1,'2017-11-20',1,2,'李晓静','客户中成泰富需要修改额度和账期','GBM18000，SAP',4,NULL,47,'','2018-02-22 06:44:24'),(1503,1,'2017-11-20',4,7,'赵顺利','添加供应商北京轻创知识产权代理有限公司','SAP',4,NULL,47,'','2018-02-22 06:44:24'),(1504,1,'2017-11-20',1,5,'张宁','对应车牌号报错','WMM58400确认入库',4,NULL,47,'','2018-02-22 06:44:24'),(1505,1,'2017-11-21',3,7,'赵顺利','添加上级','添加',4,NULL,47,'','2018-02-22 06:44:24'),(1506,1,'2017-11-21',3,5,'张宝英','OA做人员报销搜不到，改员工已经做了离职','OA—返聘',4,NULL,47,'','2018-02-22 06:44:24'),(1507,1,'2017-11-21',4,7,'贾豪磊','添加供应商信息三河市鑫盛农产品有限公司','上海服务器、SS、SAP',4,NULL,47,'','2018-02-22 06:44:24'),(1508,1,'2017-11-21',4,7,'张志强','添加赵林海的员工信息','提交SAP',4,NULL,47,'','2018-02-22 06:44:24'),(1509,1,'2017-11-21',3,7,'李中元','添加电子签章和上级主管','OA-签章管理',2,NULL,47,'','2018-02-22 06:44:24'),(1510,1,'2017-11-22',1,1,'陈晶伟','DCM12000发货单确认报错，50171103329','提交IA处理',4,NULL,47,'','2018-02-22 06:44:24'),(1511,1,'2017-11-22',1,1,'张宁','产品55133033在PG仓位，不能调拨','确认后，移库到正常仓位',4,NULL,47,'','2018-02-22 06:44:24'),(1512,1,'2017-11-22',3,5,'刘琴','OA撤销单据','OA-撤销',4,NULL,47,'','2018-02-22 06:44:24'),(1513,1,'2017-11-22',6,5,'冯源','撤销采购合同','在SSPUI03000撤销',4,NULL,47,'','2018-02-22 06:44:24'),(1514,1,'2017-11-22',5,5,'蔡德华','开手动地磅','开地磅/关地磅',4,NULL,47,'','2018-02-22 06:44:24'),(1515,1,'2017-11-22',1,7,'薄会双','开立权限，导出GBM18000信息','开权限，导出',4,NULL,47,'','2018-02-22 06:44:24'),(1516,1,'2017-11-22',1,1,'刘嘉丽','2个单据卡在手动发送备货找不到','手动发送',4,NULL,47,'','2018-02-22 06:44:24'),(1517,1,'2017-11-22',1,1,'张宁','304000027产品需要移库核销总量为0','移库核销',4,NULL,47,'','2018-02-22 06:44:24'),(1518,1,'2017-11-22',1,1,'李虹宇','天津D4-B4的误操作调拨单找不到，在手动发送里','手动发送',4,NULL,47,'','2018-02-22 06:44:24'),(1519,1,'2017-11-22',5,3,'赵元磊','A11144供应商事业线错误，重新添加事业线','GBM2000添加事业线',4,NULL,47,'','2018-02-22 06:44:24'),(1520,1,'2017-11-23',1,1,'张宁','对应车牌号提示库存不足','产品停留在PG仓位，移库',2,NULL,47,'','2018-02-22 06:44:24'),(1521,1,'2017-11-23',1,1,'张宁','3中产品WM库存有负数','核销',4,NULL,47,'','2018-02-22 06:44:24'),(1522,1,'2017-11-23',4,7,'张宝英','修改秦皇岛正大有限公司账号信息','提交SAP',4,NULL,47,'','2018-02-22 06:44:24'),(1523,1,'2017-11-23',3,5,'彭艳楠','没有填成本中心，需要撤销一个签呈','OA-撤销',4,NULL,47,'','2018-02-22 06:44:24'),(1524,1,'2017-11-23',5,3,'赵元磊','添加211691的仓位','GBM20000添加',4,NULL,47,'','2018-02-22 06:44:24'),(1525,1,'2017-11-23',4,3,'马红峪','修改北京黄村桥田园秀丽鲜蛋经营部的税号','上海服务器、SS、SAP',4,NULL,47,'','2018-02-22 06:44:24'),(1526,1,'2017-11-23',4,3,'马红峪','修改北京宏运飞顺商贸中心的税号','上海服务器、SS、SAP',4,NULL,47,'','2018-02-22 06:44:24'),(1527,1,'2017-11-23',4,2,'刁庆龙','开户：北京太度餐饮有限公司','上海服务器、SS、SAP',4,NULL,47,'','2018-02-22 06:44:24'),(1528,1,'2017-11-23',4,3,'秦鹏飞','添加供应商：北京利辉顺达商贸有限公司','上海服务器、SS、SAP',4,NULL,47,'','2018-02-22 06:44:24'),(1529,1,'2017-11-23',4,3,'秦鹏飞','添加供应商：北京百越达商贸有限公司','上海服务器、SS、SAP',4,NULL,47,'','2018-02-22 06:44:24'),(1530,1,'2017-11-24',8,5,'梁丽艳','修改62票据时间','修改',4,NULL,47,'','2018-02-22 06:44:24'),(1531,1,'2017-11-24',5,7,'贾豪磊','需改饲料91017规格为20Kg','修改',4,NULL,47,'','2018-02-22 06:44:24'),(1532,1,'2017-11-24',4,3,'辛奇','添加一个白煮蛋产品','提交sap',4,NULL,47,'','2018-02-22 06:44:24'),(1533,1,'2017-11-27',6,7,'冯渊','添加供应商在GBM2000里面事业线','在GBM2000添加',4,NULL,48,'','2018-02-22 06:44:24'),(1534,1,'2017-11-28',8,5,'梁丽艳','修改D1、D103日期','修改',4,NULL,48,'','2018-02-22 06:44:24'),(1535,1,'2017-11-28',1,1,'刘嘉丽','SP号在确认备货不存在，需要手动发送','手动发送',4,NULL,48,'','2018-02-22 06:44:24'),(1536,1,'2017-11-28',1,3,'李建秋','北京司酒诚商贸有限公司(自提)','上海服务器、SS',4,NULL,48,'','2018-02-22 06:44:24'),(1537,1,'2017-11-28',1,3,'李建秋','北京良乡良兴鑫商贸中心(自提)','上海服务器、SS',4,NULL,48,'','2018-02-22 06:44:24'),(1538,1,'2017-11-28',4,3,'秦鹏飞','修改供应商北京天舒广瑞建筑工程有限责任公司税号','提交SAP',4,NULL,48,'','2018-02-22 06:44:24'),(1539,1,'2017-11-28',3,5,'于海洋','提交后在上级无显示','退回OA签呈-重新导入数据表，保存提交',4,NULL,48,'','2018-02-22 06:44:24'),(1540,1,'2017-11-28',4,2,'何平','正大餐饮（北京）有限公司东城第一分公司-开户','上海服务器、SS、SAP',4,NULL,48,'','2018-02-22 06:44:24'),(1541,1,'2017-11-28',4,3,'张宁','天津市福欣浩茗商贸有限公司-客户拓展供应商','上海服务器、SS、SAP',4,NULL,48,'','2018-02-22 06:44:24'),(1542,1,'2017-11-28',4,3,'秦鹏飞','北京京洋包装设备有限公司','上海服务器、SS、SAP',4,NULL,48,'','2018-02-22 06:44:24'),(1543,1,'2017-11-28',3,5,'董伟国','QCB（费用报销）-2017110292签呈写错了','OA_退回',4,NULL,48,'','2018-02-22 06:44:24'),(1544,1,'2017-11-29',4,3,'刘翔鹤','雅士勇_药品修改单位为“瓶”','提交SAP',4,NULL,48,'','2018-02-22 06:44:24'),(1545,1,'2017-11-29',1,1,'朱军','产品53504019正常仓位库存不足','移库',4,NULL,48,'','2018-02-22 06:44:24'),(1546,1,'2017-11-29',3,5,'杜雪松','FY02_1-20171101599 签呈写错需要退回','OA—退回',4,NULL,48,'','2018-02-22 06:44:24'),(1547,1,'2017-11-29',1,1,'杨燕朱军','SLM01930、DCM12000菜单卡慢，不定时，影响办公','提交IA处理',4,NULL,48,'','2018-02-22 06:44:24'),(1548,1,'2017-11-29',6,5,'宋宇航','52400018补入库28号的选错批号，日结不显示','删除单据从新入库',4,NULL,48,'','2018-02-22 06:44:24'),(1549,1,'2017-11-29',3,7,'石欣旺','促销价格提报流程需要抄送给石欣旺','OA后台流程节点增加石欣旺字段',2,NULL,48,'','2018-02-22 06:44:24'),(1550,1,'2017-11-29',1,1,'杨燕','51203240分配时库存显示错误','提交IA处理',4,NULL,48,'','2018-02-22 06:44:24'),(1551,1,'2017-11-30',8,5,'梁丽艳','深加工损耗D1、D101修改日期','修改',4,NULL,48,'','2018-02-22 06:44:24'),(1552,1,'2017-11-30',1,5,'张宁','由于系统卡，部分产品在中转仓位','移库到正常仓位',4,NULL,48,'','2018-02-22 06:44:24'),(1553,1,'2017-11-30',4,3,'李淑贤','修改供应商阳谷奥德利化工有限公司银行账号：','提交到SAP',4,NULL,48,'','2018-02-22 06:44:24'),(1554,1,'2017-11-30',3,5,'杨雪梅','QC-2017110664签呈需要修改信息退回','OA_撤回',4,NULL,48,'','2018-02-22 06:44:24'),(1555,1,'2017-11-30',1,1,'刘小二','产品53503017出现负数','提交IA处理',4,NULL,48,'','2018-02-22 06:44:24'),(1556,1,'2017-12-01',4,3,'赵元磊','修改供应商哈尔滨嘉汇通饲料经销有限公司','联系SAP修改',4,NULL,48,'','2018-02-22 06:44:24'),(1557,1,'2017-12-01',4,3,'赵元磊','修改供应商三河市鑫盛农产品有限公司  ','联系SAP修改',4,NULL,48,'','2018-02-22 06:44:24'),(1558,1,'2017-12-01',4,3,'张宝英','添加人员信息：朱琳','提交SAP',4,NULL,48,'','2018-02-22 06:44:24'),(1559,1,'2017-12-01',4,3,'张宝英','添加人员信息：马珊荣 ','提交SAP',4,NULL,48,'','2018-02-22 06:44:24'),(1560,1,'2017-12-01',1,2,'金雨莹','添加客户:北京丰大农业发展有限公司','MDM,SS',4,NULL,48,'','2018-02-22 06:44:24'),(1561,1,'2017-12-01',1,2,'金雨莹','添加客户:北京京楠美洋里商贸有限公司','MDM,SS',4,NULL,48,'','2018-02-22 06:44:24'),(1562,1,'2017-12-01',1,2,'李建秋','添加客户:北京丰大农业发展有限公司（自提）','MDM,SS',4,NULL,48,'','2018-02-22 06:44:24'),(1563,1,'2017-12-01',1,3,'张宁','添加供应商：.天津市福欣浩茗商贸有限公司','MDM,SS',4,NULL,48,'','2018-02-22 06:44:24'),(1564,1,'2017-12-02',1,1,'曹英俊','5871970产品确认发货单提示没有库存','检查WM库存正常，提交IA处理',2,NULL,48,'','2018-02-22 06:44:24'),(1565,1,'2017-12-04',1,2,'张志刚','开户蜀海（北京）食品有限公司','MDM,SS',4,NULL,49,'','2018-02-22 06:44:24'),(1566,1,'2017-12-04',3,5,'张晓磊','退回签呈QCB（费用报销）-2017110295','OA—退回',4,NULL,49,'','2018-02-22 06:44:24'),(1567,1,'2017-12-04',8,5,'梁丽艳','修改时间62耗用','修改',4,NULL,49,'','2018-02-22 06:44:24'),(1568,1,'2017-12-04',8,5,'梁丽艳','壳蛋转移到深加工确认单据，需重新确认','删除',4,NULL,49,'','2018-02-22 06:44:24'),(1569,1,'2017-12-04',1,3,'杨燕','北京丰大农业发展有限公司（自提）在SAP没有','和SAP联系处理',4,NULL,49,'','2018-02-22 06:44:24'),(1570,1,'2017-12-04',9,7,'黄鹤群','修改物料编码是000000000128038到液蛋','修改',4,NULL,49,'','2018-02-22 06:44:24'),(1571,1,'2017-12-04',4,3,'张宝英','王洪娟蔡艳艳卡号修改','提交SAP修改，财务刘翔鹤修改',4,NULL,49,'','2018-02-22 06:44:24'),(1572,1,'2017-12-04',1,2,'马红峪','修改客户10008731级别价为T','修改',4,NULL,49,'','2018-02-22 06:44:24'),(1573,1,'2017-12-04',6,7,'朱琳','修改ss系统密码添加权限ITG16000','修改/添加',4,NULL,49,'','2018-02-22 06:44:24'),(1574,1,'2017-12-05',4,3,'梁丽艳','添加个人报销信息','提交SAP',4,NULL,49,'','2018-02-22 06:44:24'),(1575,1,'2017-12-05',4,3,'曹鹏辉','添加个人报销信息','提交SAP',4,NULL,49,'','2018-02-22 06:44:24'),(1576,1,'2017-12-05',5,3,'贾豪磊','供应商10008734没有区域，报错了','添加供应商区域',4,NULL,49,'','2018-02-22 06:44:24'),(1577,1,'2017-12-05',4,3,'4','10008734、10006026、10008735需要扩展SAP到客户、供应商','联系SAP',4,NULL,49,'','2018-02-22 06:44:24'),(1578,1,'2017-12-05',1,2,'王晴华','添加客户天津宏英佑品科技有限公司','MDM,SS，SAP',4,NULL,49,'','2018-02-22 06:44:24'),(1579,1,'2017-12-05',1,2,'李建秋','添加客户京康华绿源食品有限公司（自提）','MDM,SS',4,NULL,49,'','2018-02-22 06:44:24'),(1580,1,'2017-12-05',5,3,'贾豪磊','92007 这个原料代码没有规格了','MDM》SS',4,NULL,49,'','2018-02-22 06:44:24'),(1581,1,'2017-12-06',1,3,'谭小宇','北京欧赛源商贸有限公司','MDM,SS，SAP',4,NULL,49,'','2018-02-22 06:44:24'),(1582,1,'2017-12-06',1,3,'谭小宇','北京得利兴斯商贸有限公司','MDM,SS，SAP',4,NULL,49,'','2018-02-22 06:44:24'),(1583,1,'2017-12-06',1,2,'邓君平','TJ616012修改客户名称和税号','MDM》SS',4,NULL,49,'','2018-02-22 06:44:24'),(1584,1,'2017-12-06',1,1,'彭艳楠','液蛋58004002产品分配数量不等于确认发货数量','提交IA处理',4,NULL,49,'','2018-02-22 06:44:24'),(1585,1,'2017-12-06',1,1,'刘小二','SS和WM系统中产品库存出现负数','修改，',4,NULL,49,'','2018-02-22 06:44:24'),(1586,1,'2017-12-06',3,5,'吴宝川','链接主管，撤退2个OA单','OA—撤销',4,NULL,49,'','2018-02-22 06:44:24'),(1587,1,'2017-12-07',4,3,'吕晓玲','添加一个员工信息：杨柳','发送SAP',4,NULL,49,'','2018-02-22 06:44:24'),(1588,1,'2017-12-07',1,3,'朱琳','添加供应商：北京同济华远商贸有限公司','MDM，SAP',4,NULL,49,'','2018-02-22 06:44:24'),(1589,1,'2017-12-07',1,2,'薄会双','添加客户：拼豆餐饮管理（北京）有限公司','MDM,SS，SAP',4,NULL,49,'','2018-02-22 06:44:24'),(1590,1,'2017-12-07',1,2,'马红峪','修改客户10008741的默认仓位设置路线','修改设置',4,NULL,49,'','2018-02-22 06:44:24'),(1591,1,'2017-12-07',5,5,'贾豪磊','删除2个排号','FMM03300删除',4,NULL,49,'','2018-02-22 06:44:24'),(1592,1,'2017-12-07',3,7,'杜雪松','事业部主管批准接待单时财务总监节点报错','开启财务总监节点的异常处理',2,NULL,49,'','2018-02-22 06:44:24'),(1593,1,'2017-12-08',1,2,'李建秋','BJ306006--10008758客户增加自提分户','MDM 15010 15020 150R0 160RO 04000 SS 17000 18000 SAP扩展',2,NULL,49,'','2018-02-22 06:44:24'),(1594,1,'2017-12-08',1,2,'李建秋','10008741--10008759客户增加自提分户','MDM 15010 15020 150R0 160RO 04000 SS 17000 18000 SAP扩展',2,NULL,49,'','2018-02-22 06:44:24'),(1595,1,'2017-12-08',4,3,'刘翔鹤','需要在SAP增加固定客户代码：910758，集团内公司','MDM上15010、15020、150R0、160R0、IA审核',4,NULL,49,'','2018-02-22 06:44:24'),(1596,1,'2017-12-11',1,7,'魏小颖','修改SS登录密码','修改',4,NULL,50,'','2018-02-22 06:44:24'),(1597,1,'2017-12-11',3,5,'董伟国','需要撤回签呈：2017120160','OA—撤销',4,NULL,50,'','2018-02-22 06:44:24'),(1598,1,'2017-12-11',1,2,'吕俊玲','开户：北京物美超市有限公司立水桥南品超市','MDM,SS，SAP',4,NULL,50,'','2018-02-22 06:44:24'),(1599,1,'2017-12-11',1,2,'吕俊玲','开户：北京永辉超市有限公司~河北燕郊富地广场永辉','MDM,SS，SAP',4,NULL,50,'','2018-02-22 06:44:24'),(1600,1,'2017-12-11',1,2,'吕俊玲','开户：北京永辉超市有限公司~天津塘沽万达永辉','MDM,SS，SAP',4,NULL,50,'','2018-02-22 06:44:24'),(1601,1,'2017-12-11',4,3,'张晓磊','添加供应商：北京绿谷光明电力工程有限公司','修改客户名称，发送至sap',4,NULL,50,'','2018-02-22 06:44:24'),(1602,1,'2017-12-11',1,2,'苏艳秋','开户：恒世嘉兴网络科技（天津）有限公司','MDM,SS，SAP',4,NULL,50,'','2018-02-22 06:44:24'),(1603,1,'2017-12-11',1,2,'苏艳秋','开户：北京永辉超市有限公司~北京西铁营万达','MDM,SS，SAP',4,NULL,50,'','2018-02-22 06:44:24'),(1604,1,'2017-12-12',6,5,'刘小二','删除退货入库单641712E000052','删除',4,NULL,50,'','2018-02-22 06:44:24'),(1605,1,'2017-12-12',6,5,'冯渊','需要截止和供应商210519、211317、210508的所有合同','在PUI03000里面截止',4,NULL,50,'','2018-02-22 06:44:24'),(1606,1,'2017-12-12',1,2,'彭艳楠','客户SH30200101需要连接销售区域','GBM251000链接',4,NULL,50,'','2018-02-22 06:44:24'),(1607,1,'2017-12-12',1,3,'薄会双','导出信用额度表','CUBEG020导出',4,NULL,50,'','2018-02-22 06:44:24'),(1608,1,'2017-12-12',4,3,'赵佳丽','修改客户蜀海（北京）投资有限公司为蜀海（北京）食品有限公司','MDM修改 发送到SAP',4,NULL,50,'','2018-02-22 06:44:24'),(1609,1,'2017-12-12',4,3,'刘琴','添加供应商北京京检实力可技术检测有限公司','MDM、SAP添加',4,NULL,50,'','2018-02-22 06:44:24'),(1610,1,'2017-12-12',4,3,'彭艳楠','客户SH30200101需要在SAP上维护','MDM、SAP修改',4,NULL,50,'','2018-02-22 06:44:24'),(1611,1,'2017-12-12',4,3,'王庆龙','客户拓展为供应商：天津华润万家生活超市有限公司','MDM、SAP添加',4,NULL,50,'','2018-02-22 06:44:24'),(1612,1,'2017-12-12',1,1,'张超','产品50203019因正常售卖仓位货不够对应车排号报错','12月1日已经删除单据的产品在PG仓位，移库',4,NULL,50,'','2018-02-22 06:44:24'),(1613,1,'2017-12-13',3,7,'薄会双','新来同事增加OA账户','OA新建',2,NULL,50,'','2018-02-22 06:44:24'),(1614,1,'2017-12-13',3,5,'廉络','FY02_1-20171101092单据已经在SAP付款完毕，OA上会计为审核','联系焦佳杰改变单据状态',4,NULL,50,'','2018-02-22 06:44:24'),(1615,1,'2017-12-13',4,5,'IA','需要给财务发文档申请，删除sap上一个51单据51171201004','提交文档至财务',4,NULL,50,'','2018-02-22 06:44:24'),(1616,1,'2017-12-14',1,2,'彭艳楠','980145集团内供应商扩展客户，修改客户信息','联系IA审核',4,NULL,50,'','2018-02-22 06:44:24'),(1617,1,'2017-12-14',1,2,'黄玉婷','新增客户:上海品胜食品有限公司','MDM、SAP添加',4,NULL,50,'','2018-02-22 06:44:24'),(1618,1,'2017-12-14',3,5,'郭丹','QC-2017120708撤销，签呈打错了','OA-撤销',4,NULL,50,'','2018-02-22 06:44:24'),(1619,1,'2017-12-14',1,2,'马红峪','客户911130需要增加20450事业线','GBM17000、GBM1800、链接线路',4,NULL,50,'','2018-02-22 06:44:24'),(1620,1,'2017-12-14',1,2,'廉络','客户BJ10100464、BJ404043需要修改通路','修改',4,NULL,50,'','2018-02-22 06:44:24'),(1621,1,'2017-12-14',6,7,'朱琳','采购查询相关菜单权限PUI0100PUI02000等','开权限',4,NULL,50,'','2018-02-22 06:44:24'),(1622,1,'2017-12-18',3,3,'张晓磊','QCB（费用报销）-2017120329需要撤销','OA-退回',4,NULL,51,'','2018-02-22 06:44:24'),(1623,1,'2017-12-18',3,3,'杜爱宇','QC-2017120727需要撤销','OA-退回',4,NULL,51,'','2018-02-22 06:44:24'),(1624,1,'2017-12-18',4,3,'王雪婷','维护客户910223的银行账号','MDM修改，提交SAP审核',4,NULL,51,'','2018-02-22 06:44:24'),(1625,1,'2017-12-18',4,3,'冯渊','冯渊增加员工信息','提交SAP添加',4,NULL,51,'','2018-02-22 06:44:24'),(1626,1,'2017-12-18',1,2,'廉络','修改客户10008748、10008731的通路','在SS系统GBM16000修改',4,NULL,51,'','2018-02-22 06:44:24'),(1627,1,'2017-12-18',8,5,'梁丽艳','壳蛋转移到深加工确认单据，需重新确认，打钩57RM0000','STM15002重新确认',4,NULL,51,'','2018-02-22 06:44:24'),(1628,1,'2017-12-18',1,5,'刘小二','客户BJ619003.单据50171202742不能安排路线，开单有错误','重新开单需系统带出销售员',4,NULL,51,'','2018-02-22 06:44:24'),(1629,1,'2017-12-18',9,5,'黄鹤群','修改时间61入库','修改',4,NULL,51,'','2018-02-22 06:44:24'),(1630,1,'2017-12-18',3,5,'王瑜善','流程蛋业设计稿样文件，节点人员错误','重新设置人力资源字段，测试流程',4,NULL,51,'','2018-02-22 06:44:24'),(1631,1,'2017-12-19',5,1,'李鹏飞','FMM02100030%品检无法找到筒仓和成分信息','联系IA，并临时回复原程序使用',2,NULL,51,'','2018-02-22 06:44:24'),(1632,1,'2017-12-19',5,1,'蔡德华','因程序问题系统未过磅卸货，需手工补录','临时开手工地磅',2,NULL,51,'','2018-02-22 06:44:24'),(1633,1,'2017-12-19',3,5,'刘艳霞','在手机上打签呈行程及费用预算出现报错','检查员工信息设定，协助完成签呈',4,NULL,51,'','2018-02-22 06:44:24'),(1634,1,'2017-12-19',1,3,'彭艳楠','SH30200101连接到主户SH302002上','GBM16000更新',4,NULL,51,'','2018-02-22 06:44:24'),(1635,1,'2017-12-19',4,3,'朱琳','北京同济华远商贸有限公司增加银行信息','MDMGBM160R0、审核',4,NULL,51,'','2018-02-22 06:44:24'),(1636,1,'2017-12-19',1,1,'陈晶伟','液蛋产品58004002对应车牌号库存不足，PG仓位有数，无占单','移动PG仓位到PB仓位',4,NULL,51,'','2018-02-22 06:44:24'),(1637,1,'2017-12-20',8,5,'梁丽艳','STM15002确认深加工整蛋原料蛋时代码没有转换不能做日结','删除单据，重新做，代码转换完毕',4,NULL,51,'','2018-02-22 06:44:24'),(1638,1,'2017-12-20',1,2,'李晓静','开户：北京市一二三惠民超市有限公司','MDM、SS、SAP',4,NULL,51,'','2018-02-22 06:44:24'),(1639,1,'2017-12-20',1,2,'谭小宇','开户：北京盼坤园商贸有限公司','MDM、SS、SAP',4,NULL,51,'','2018-02-22 06:44:24'),(1640,1,'2017-12-20',4,3,'张晓磊','供应商：北京瀚淼环保科技有限公司','MDM、SAP',4,NULL,51,'','2018-02-22 06:44:24'),(1641,1,'2017-12-20',4,3,'李康','供应商：周泽沁','MDM、SAP',4,NULL,51,'','2018-02-22 06:44:24'),(1642,1,'2017-12-20',1,7,'王艺','添加SS系统账号，分配对账组权限','SS添加用户分配权限',4,NULL,51,'','2018-02-22 06:44:24'),(1643,1,'2017-12-20',1,3,'李虹宇','开分户：北京盼坤园商贸有限公司~自提户','MDM、SS、SAP',4,NULL,51,'','2018-02-22 06:44:24'),(1644,1,'2017-12-20',4,3,'朱琳','修改员工朱琳的银行账号','提交SAP',4,NULL,51,'','2018-02-22 06:44:24'),(1645,1,'2017-12-21',3,1,'邓君平','北京世纪捷诚物流公司美元和人民币默认账户切换后OA无法搜索到该公司','提交SAP项目组，修改程序',2,NULL,51,'','2018-02-22 06:44:24'),(1646,1,'2017-12-21',1,2,'金雨莹','开户：北京欧利嘉贸易有限公司','MDM、SS、SAP',4,NULL,51,'','2018-02-22 06:44:24'),(1647,1,'2017-12-21',1,1,'刘小二','产品51000240WM和SS数据不一致','提交IA完成',4,NULL,51,'','2018-02-22 06:44:24'),(1648,1,'2017-12-21',1,5,'刘小二','多设定了SP票据号，重复，50不能对应车牌号','删除50单据删除重复SP票据号',4,NULL,51,'','2018-02-22 06:44:24'),(1649,1,'2017-12-22',2,5,'张端','SS系统无法登陆，忘记密码','重置密码并设置VPN访问权限',2,NULL,51,'','2018-02-22 06:44:24'),(1650,1,'2017-12-25',5,1,'李鹏飞','品管30%品检搜索不到成分代码和筒仓位置','恢复原程序并反馈IA解决程序问题',2,NULL,52,'','2018-02-22 06:44:24'),(1651,1,'2017-12-25',3,5,'梁丽艳','修改OA成本结算中心 销售部修改成蛋品深加工厂','OA',1,NULL,52,'','2018-02-22 06:44:24'),(1652,1,'2017-12-25',6,5,'宋玉航','SS取消二层密码','ss',1,NULL,52,'','2018-02-22 06:44:24'),(1653,1,'2017-12-26',1,7,'薄会双','SS系统有两个重复正大食品公司，集团内统一这个名称不正确','MDM重发送集团内这个的名称给SS，并将SS另外一个状态暂停',2,NULL,52,'','2018-02-22 06:44:24'),(1654,1,'2017-12-26',3,5,'张晓磊','OA流程干预QCB（费用报销）-2017120330 FY02_1-20171200872','OA',1,NULL,52,'','2018-02-22 06:44:24'),(1655,1,'2017-12-26',1,1,'刘小二','50171203431没有sp号退回到订单分配，重新做','SS',1,NULL,52,'','2018-02-22 06:44:24'),(1656,1,'2017-12-27',7,7,'镰络','账户无法登陆农场系统','增加访问权限',2,NULL,52,'','2018-02-22 06:44:24'),(1657,1,'2017-12-27',4,7,'王玉明','sap修改银行信息','SAP',1,NULL,52,'','2018-02-22 06:44:24'),(1658,1,'2017-12-27',4,3,'秦鹏飞','添加供应商 北京休恩博得科技股份有限公司','MDM、SS、SAP',1,NULL,52,'','2018-02-22 06:44:24'),(1659,1,'2017-12-27',4,3,'秦鹏飞','添加供应商 北京顺鑫农业股份有限公司鹏程食品分公司','MDM、SS、SAP',1,NULL,52,'','2018-02-22 06:44:24'),(1660,1,'2017-12-27',1,2,'孙艺航','客户开户 KHQC-2017120094  十足集团股份有限公司','MDM、SS、SAP',1,NULL,52,'','2018-02-22 06:44:24'),(1661,1,'2017-12-27',1,5,'梁英','10008767 修改发货仓库 A2修改成B4','SS',1,NULL,52,'','2018-02-22 06:44:24'),(1662,1,'2017-12-27',3,5,'张晓磊','OA流程干预YSD-2017120075','OA退回',1,NULL,52,'','2018-02-22 06:44:24'),(1663,1,'2017-12-27',3,1,'何雪琴','OA流程提交失败过账规则错误提交给集团OA解决 FY02_1-20171200641','集团OA解决，程序问题',1,NULL,52,'','2018-02-22 06:44:24'),(1664,1,'2017-12-27',1,2,'王雪停','客户开户中国银行股份有限公司北京平谷支行','MDM、SS、SAP',1,NULL,52,'','2018-02-22 06:44:24'),(1665,1,'2017-12-27',1,2,'王雪停','客户开户北京银行股份有限公司平谷支行','MDM、SS、SAP',1,NULL,52,'','2018-02-22 06:44:24'),(1666,1,'2017-12-27',1,1,'刘小二','5100400 64单据申请数量和确认不一致，库存满足','IA和程序员调整',1,NULL,52,'','2018-02-22 06:44:24'),(1667,1,'2017-12-27',1,5,'刘小二','53401012Y库存有，订单分配数量为0','11月24日调拨单占用库存',1,NULL,52,'','2018-02-22 06:44:24'),(1668,1,'2017-12-27',1,5,'刘小二','删除退货单RS1712L00020，并删除64单','退货单数量输入错误',1,NULL,52,'','2018-02-22 06:44:24'),(1669,1,'2017-12-27',1,2,'梁英','客户开户 天津市海洲水产加工有限公司','MDM、SS、SAP',1,NULL,52,'','2018-02-22 06:44:24'),(1670,1,'2017-12-28',4,3,'张晓磊','SAP修改供应商税号，添加供应商信息 卫辉市宏达烘干机械设备厂','SAP',1,NULL,52,'','2018-02-22 06:44:24'),(1671,1,'2017-12-28',1,5,'邓君平','青岛康大海青食品更改帐期和信誉额度  帐期30天，信誉额度10万元  帐期40天，信誉额度20万元','SS 、SAP',1,NULL,52,'','2018-02-22 06:44:24'),(1672,1,'2017-12-28',4,2,'李淑贤','供应商开户 南京市江宁区普诺信达防疫物资经营部','SAP',1,NULL,52,'','2018-02-22 06:44:24'),(1673,1,'2017-12-28',1,2,'于海洋','销售开户：上海瑞弘阳实业有限公司~廊坊豆豆厨','MDM、SS、SAP',4,NULL,52,'','2018-02-22 06:44:24'),(1674,1,'2017-12-28',4,3,'李淑贤','添加供应商：北京罗曼赛亚科技有限公司','MDM、SAP',4,NULL,52,'','2018-02-22 06:44:24'),(1675,1,'2017-12-28',4,3,'李淑贤','添加供应商：得力集团有限公司','MDM、SAP',4,NULL,52,'','2018-02-22 06:44:24'),(1676,1,'2017-12-28',4,3,'李淑贤','添加供应商：阳谷奥德利化工有限公司','MDM、SAP',4,NULL,52,'','2018-02-22 06:44:24'),(1677,1,'2017-12-28',4,3,'张晓磊','添加供应商 北京鑫瑞隆裕建筑装饰有限公司','MDM、SAP',1,NULL,52,'','2018-02-22 06:44:24'),(1678,1,'2017-12-28',4,3,'张晓磊','添加供应商 北京中汇智农科技有限公司','MDM、SAP',1,NULL,52,'','2018-02-22 06:44:24'),(1679,1,'2017-12-29',3,3,'董伟国','退回签呈QCB（费用报销）-2017120373','OA退回',4,NULL,52,'','2018-02-22 06:44:24'),(1680,1,'2017-12-29',4,3,'贾豪磊','修改供应商银行账号：北京正伦饲料门市部','MDM修改，SAP审核',4,NULL,52,'','2018-02-22 06:44:24'),(1681,1,'2017-12-29',1,2,'邓君平','客户开分户：必胜（上海）食品有限公司 ~上海','MDM、SS、SAP',4,NULL,52,'','2018-02-22 06:44:24'),(1682,1,'2017-12-29',1,5,'杨燕','修改调拨64入库日期','修改',4,NULL,52,'','2018-02-22 06:44:24'),(1683,1,'2017-12-29',3,5,'张宝英','OA：QCB（费用报销）-2017120375需要修改','OA撤回',4,NULL,52,'','2018-02-22 06:44:24'),(1684,1,'2018-01-03',4,2,'肖婧','员工开户王攀251157','SAP',1,NULL,1,'10.128.112.254','2018-02-11 01:32:45'),(1685,1,'2018-01-03',1,2,'孙艺航','客户开户上海雷宇食品有限公司','MDM、SS、SAP',1,NULL,1,'10.128.112.254','2018-02-11 01:32:45'),(1686,1,'2018-01-03',4,2,'张保英','员工开户张文强273244','SAP',1,NULL,1,'10.128.112.254','2018-02-11 01:32:45'),(1687,1,'2018-01-03',3,1,'魏小颖','行程及费用计划核准流程 - 审批 FY01_1-20171200433 流程提交失败','联系集团OA处理',1,NULL,1,'10.128.112.254','2018-02-11 01:32:45'),(1688,1,'2018-01-03',4,3,'杜雪松','添加供应商山东鑫龙胜达新能源有限公司','SAP',1,NULL,1,'10.128.112.254','2018-02-11 01:32:45'),(1689,1,'2018-01-03',1,2,'谭小宇','客户开户夏津金鼎商贸有限公司','MDM、SS、SAP',1,NULL,1,'10.128.112.254','2018-02-11 01:32:45'),(1690,1,'2018-01-04',4,3,'李淑贤','合作伙伴扩展供应商北京勤邦生物技术有限公司','SAP',1,NULL,1,'10.128.112.254','2018-02-11 01:32:45'),(1691,1,'2018-01-04',3,5,'田雅丽','OA没有田雅丽签章','上传签章',1,NULL,1,'10.128.112.254','2018-02-11 01:32:45'),(1692,1,'2018-01-04',3,5,'田雅丽','IT14-S4权限申请/变更流程-田雅丽-2018-01-04签呈','退回到申请人',1,NULL,1,'10.128.112.254','2018-02-11 01:32:45'),(1693,1,'2018-01-04',4,3,'秦鹏飞','添加供应商上海柯瑞兰电气工程有限公司','SAP',1,NULL,1,'10.128.112.254','2018-02-11 01:32:45'),(1694,1,'2018-01-04',4,3,'李淑贤','添加供应商北京东方远博化工贸易有限公司','SAP',1,NULL,1,'10.128.112.254','2018-02-11 01:32:45'),(1695,1,'2018-01-04',4,1,'李淑贤','物料系统供应商税号和sap税号不相同','需要修改物料系统供应商税号',1,NULL,1,'10.128.112.254','2018-02-11 01:32:45'),(1696,1,'2018-01-05',4,3,'姜伟','SAP添加员工姜伟及银行信息','SAP',1,NULL,1,'10.128.112.254','2018-02-11 01:32:45'),(1697,1,'2018-01-05',4,3,'秦鹏飞','北京百越达商贸有限公司修改银行帐号','MDM修改，同步SAP',1,NULL,1,'10.128.112.254','2018-02-11 01:32:45'),(1698,1,'2018-01-05',4,3,'阴攀','添加供应商平安健康互联网股份有限公司上海分公司','MDM、SS、SAP',1,NULL,1,'10.128.112.254','2018-02-11 01:32:45'),(1699,1,'2018-01-05',4,3,'阴攀','添加供应商平安健康互联网股份有限公司宁波分公司','MDM、SS、SAP',1,NULL,1,'10.128.112.254','2018-02-11 01:32:45'),(1700,1,'2018-01-08',4,2,'肖婧','员工开户肖婧283476','SAP',1,NULL,2,'10.128.112.254','2018-02-11 01:32:45'),(1701,1,'2018-01-09',4,3,'杨云峰','添加供应商王春苗','MDM、SAP',1,NULL,2,'10.128.112.254','2018-02-11 01:32:45'),(1702,1,'2018-01-09',4,5,'王雪婷','变更供应商银行帐号中国人民财产保险股份有限公司北京市分公司','MDM、SAP',1,NULL,2,'10.128.112.254','2018-02-11 01:32:45'),(1703,1,'2018-01-09',1,1,'刘小二','GBM2000确认发货报错','联系天津IA解决',1,NULL,2,'10.128.112.254','2018-02-11 01:32:45'),(1704,1,'2018-01-10',2,1,'李淑贤','ss系统修改李淑贤（网购）税号370827199105011000，物料 SAP SS 统一成这个税号','MDM、SS、SAP',1,NULL,2,'10.128.112.254','2018-02-11 01:32:45'),(1705,1,'2018-01-11',1,2,'刘嘉丽','客户开户：唐山华盛超市有限公司','MDM、SS、SAP',1,NULL,2,'10.128.112.254','2018-02-11 01:32:45'),(1706,1,'2018-01-11',1,2,'张立立','客户开户：北京京师启迪教育技术有限公司','MDM、SS、SAP',1,NULL,2,'10.128.112.254','2018-02-11 01:32:45'),(1707,1,'2018-01-12',3,5,'曹鹏辉','CXCQCHSQ-2017110261流程干预撤回到王善成','OA',1,NULL,2,'10.128.112.254','2018-02-11 01:32:45'),(1708,1,'2018-01-12',1,2,'彭艳楠','客户开户：大连韩伟食品有限公司','MDM、SS、SAP',1,NULL,2,'10.128.112.254','2018-02-11 01:32:45'),(1709,1,'2018-01-12',4,2,'李淑贤','供应商开户：东莞市捷强纸品有限公司','MDM、SAP',1,NULL,2,'10.128.112.254','2018-02-11 01:32:45'),(1710,1,'2018-01-12',3,7,'薄会双','流程PG28-超限超期客户出货申请表最好抄送到廉络修改成薄会双','OA',1,NULL,2,'10.128.112.254','2018-02-11 01:32:45'),(1711,1,'2018-01-12',3,7,'马仁涛','OA青年鸡上级主管朱金金修改为张冰	饲料厂上级主管张冰修改为辛文鹏','OA',1,NULL,2,'10.128.112.254','2018-02-11 01:32:45'),(1712,1,'2018-01-12',1,2,'赵佳丽','客户开户：北京东方京糖食品有限公司','MDM、SS、SAP',1,NULL,2,'10.128.112.254','2018-02-11 01:32:45'),(1713,1,'2018-01-15',2,5,'冯渊','采购单作废,天津华美特纸质品有限责任公司211266,所有采购单','SS',1,NULL,3,'10.128.112.254','2018-02-11 01:32:45'),(1714,1,'2018-01-15',2,5,'冯渊','采购单作废,北京科飞祥华包装制品有限公司211646,E4761712280319','SS',1,NULL,3,'10.128.112.254','2018-02-11 01:32:45'),(1715,1,'2018-01-15',1,5,'冯渊','修改客户联系方式,北京九州恒远科贸中心,10008752','MDM、SS、SAP',1,NULL,3,'10.128.112.254','2018-02-11 01:32:45'),(1716,1,'2018-01-15',4,3,'赵淑云','10005554李双喜sap维护成供应商并添加银行信息','MDM、SAP',1,NULL,3,'10.128.112.254','2018-02-11 01:32:45'),(1717,1,'2018-01-16',1,2,'于海洋','客户开户：北京稻味庄食品有限公司','MDM、SS、SAP',1,NULL,3,'10.128.112.254','2018-02-11 01:32:45'),(1718,1,'2018-01-16',1,2,'刁庆龙','客户开户：北京秦味府餐饮有限公司','MDM、SS、SAP',1,NULL,3,'10.128.112.254','2018-02-11 01:32:45'),(1719,1,'2018-01-16',4,3,'冯渊','添加供应商：福建友谊胶粘带集团有限公司','MDM、SS、SAP',1,NULL,3,'10.128.112.254','2018-02-11 01:32:45'),(1720,1,'2018-01-16',1,3,'李虹宇','BJ616022正大餐饮开通深加工产品','SS',1,NULL,3,'10.128.112.254','2018-02-11 01:32:45'),(1721,1,'2018-01-17',4,3,'王雪婷','添加供应商：中信银行股份有限公司北京方庄支行','MDM、SS、SAP',1,NULL,3,'10.128.112.254','2018-02-11 01:32:45'),(1722,1,'2018-01-17',4,3,'王雪婷','添加供应商银行帐号：中信银行股份有限公司北京顺义支行','MDM、SAP',1,NULL,3,'10.128.112.254','2018-02-11 01:32:45'),(1723,1,'2018-01-18',4,3,'阴攀','添加供应商：北京金色号角影视策划有限公司','MDM、SS、SAP',1,NULL,3,'10.128.112.254','2018-02-11 01:32:45'),(1724,1,'2018-01-18',1,2,'魏俊莲','客户开户：霸州市大华商贸有限公司','MDM、SS、SAP',1,NULL,3,'10.128.112.254','2018-02-11 01:32:45'),(1725,1,'2018-01-18',4,3,'杜雪松','添加供应商：环宇格林粮食开发有限公司','MDM、SS、SAP',1,NULL,3,'10.128.112.254','2018-02-11 01:32:45'),(1726,1,'2018-01-18',4,3,'杜雪松','供应商添加：天津怡信饲料销售有限公司','MDM、SS、SAP',1,NULL,3,'10.128.112.254','2018-02-11 01:32:45'),(1727,1,'2018-01-18',3,5,'姜伟','签呈：付款计划-2018010197撤回到申请人','OA流程干预',1,NULL,3,'10.128.112.254','2018-02-11 01:32:45'),(1728,1,'2018-01-18',1,2,'刘嘉丽','客户开户：河北卡迪雅商贸有限公司','MDM、SS、SAP',1,NULL,3,'10.128.112.254','2018-02-11 01:32:45'),(1729,1,'2018-01-18',4,3,'李淑贤','添加供应商银行帐号：北京生泰尔科技股份有限公司','MDM、SAP',1,NULL,3,'10.128.112.254','2018-02-11 01:32:45'),(1730,1,'2018-01-18',4,3,'王雪停','修改银行账户信息：人保资本投资管理有限公司','MDM、SAP',1,NULL,3,'10.128.112.254','2018-02-11 01:32:45'),(1731,1,'2018-01-18',1,5,'梁英','HB504002元氏信誉百货有限公司修改发货仓库','SS',1,NULL,3,'10.128.112.254','2018-02-11 01:32:45'),(1732,1,'2018-01-19',4,5,'杜雪松','删除银行帐号A23131大庆博润生物科技有限公司','联系SAP老师删除',1,NULL,3,'10.128.112.254','2018-02-11 01:32:45'),(1733,1,'2018-01-19',4,3,'杜雪松','添加供应商：肇东市远洋道路货物运输有限公司','MDM、SAP',1,NULL,3,'10.128.112.254','2018-02-11 01:32:45'),(1734,1,'2018-01-19',3,5,'李淑贤','YZSQ-2018010861撤销到申请人','OA里流程监控',1,NULL,3,'10.128.112.254','2018-02-11 01:32:45'),(1735,1,'2018-01-19',1,2,'周帅','中国海洋大学出版社有限公司','MDM、SS、SAP',1,NULL,3,'10.128.112.254','2018-02-11 01:32:45'),(1736,1,'2018-01-19',1,2,'吕俊玲','客户开户：北京物美超市有限公司樊羊路物美超市','MDM、SS、SAP',1,NULL,3,'10.128.112.254','2018-02-11 01:32:45'),(1737,1,'2018-01-19',4,3,'李淑贤','修改供应商银行帐号东莞市捷强纸品有限公司','MDM、SAP',1,NULL,3,'10.128.112.254','2018-02-11 01:32:45'),(1738,1,'2018-01-19',4,3,'肖婧','修改供应商银行帐号北京华盛保洁服务有限公司','MDM、SAP',1,NULL,3,'10.128.112.254','2018-02-11 01:32:45'),(1739,1,'2018-01-22',4,3,'秦鹏飞','供应商10005446北京凯旺通机械配件经营部修改税号','MDM、SAP',1,NULL,4,'10.128.112.254','2018-02-11 01:32:45'),(1740,1,'2018-01-23',4,3,'秦鹏飞','修改供应商银行信息：林德（中国）叉车有限公司','MDM、SAP',1,NULL,4,'10.128.112.254','2018-02-11 01:32:45'),(1741,1,'2018-01-23',3,7,'薄会双','PG03,PG05,PG12三个签呈，最后查送财务薄会双','OA流程添加抄送节点！',1,NULL,4,'10.128.112.254','2018-02-11 01:32:45'),(1742,1,'2018-01-23',4,3,'秦鹏飞','修改供应商10007731林德（中国）叉车有限公司的检索内容','MDM、SAP',1,NULL,4,'10.128.112.254','2018-02-11 01:32:45'),(1743,1,'2018-01-24',4,3,'王雪婷','添加供应商：松原宁江惠民村镇银行股份有限公司康宁支行','MDM、SAP',1,NULL,4,'10.128.112.254','2018-02-11 01:32:45'),(1744,1,'2018-01-24',4,3,'肖婧','修改供应商10005518默认银行帐号','SAP',1,NULL,4,'10.128.112.254','2018-02-11 01:32:45'),(1745,1,'2018-01-24',4,3,'阴攀','添加供应商：变焦影视文化传播（北京）有限公司','MDM、SS、SAP',1,NULL,4,'10.128.112.254','2018-02-11 01:32:45'),(1746,1,'2018-01-24',1,7,'李建秋','BJ404048开通深加工','SS',1,NULL,4,'10.128.112.254','2018-02-11 01:32:45'),(1747,1,'2018-01-24',3,7,'马仁涛','卫文刚和王哲宇OA调整到慈溪正大蛋业','OA',1,NULL,4,'10.128.112.254','2018-02-11 01:32:45'),(1748,1,'2018-01-25',3,5,'张宁','周帅行程报销FY01_1-20171200751签呈增补金额错误导致签呈王总无法审批','OA退回节点到10、报账人填写增补金额',1,NULL,4,'10.128.112.254','2018-02-11 01:32:45'),(1749,1,'2018-01-25',1,2,'王晴华','开户：通赢未来（天津）网络科技有限公司','MDM、SS、SAP',1,NULL,4,'10.128.112.254','2018-02-11 01:32:45'),(1750,1,'2018-01-26',4,3,'李淑贤','10000304供应商更改税号110108633710133','MDM、SAP',1,NULL,4,'10.128.112.254','2018-02-11 01:32:45'),(1751,1,'2018-01-29',4,3,'肖婧','添加供应商：巨野思源人力资源服务有限公司','MDM、SAP',1,NULL,5,'10.128.112.254','2018-02-11 01:32:45'),(1752,1,'2018-01-29',4,3,'赵志辉','供应商添加：王震','MDM、SS、SAP',1,NULL,5,'10.128.112.254','2018-02-11 01:32:45'),(1753,1,'2018-01-29',4,3,'秦鹏飞','添加供应商：泰州道合润电器有限责任公司','MDM、SS、SAP',1,NULL,5,'10.128.112.254','2018-02-11 01:32:45'),(1754,1,'2018-01-29',4,3,'秦鹏飞','添加供应商：衡水兆通机械配件科技有限公司','MDM、SS、SAP',1,NULL,5,'10.128.112.254','2018-02-11 01:32:45'),(1755,1,'2018-01-29',4,3,'秦鹏飞','添加供应商：北京高科力能工业控制技术有限公司','MDM、SS、SAP',1,NULL,5,'10.128.112.254','2018-02-11 01:32:45'),(1756,1,'2018-01-29',4,3,'张晓磊','添加供应商：北京日顺利丰科贸有限公司','MDM、SS、SAP',1,NULL,5,'10.128.112.254','2018-02-11 01:32:45'),(1757,1,'2018-01-29',4,3,'张晓磊','添加供应商：北京宗宇浩果蔬产销专业合作社','MDM、SS、SAP',1,NULL,5,'10.128.112.254','2018-02-11 01:32:45'),(1758,1,'2018-01-30',1,2,'魏俊莲','开户：捷太格特汽车部件（天津）有限公司','MDM、SS、SAP',1,NULL,5,'10.128.112.254','2018-02-11 01:32:45'),(1759,1,'2018-01-30',1,2,'于海洋','开户：河北康贝尔食品有限公司','MDM、SS、SAP',1,NULL,5,'10.128.112.254','2018-02-11 01:32:45'),(1760,1,'2018-01-30',1,2,'于海洋','开户：米卡米卡（北京）食品有限公司','MDM、SS、SAP',1,NULL,5,'10.128.112.254','2018-02-11 01:32:45'),(1761,1,'2018-01-30',1,2,'陈新新','开户：慈溪正大蛋业有限公司','MDM、SS、SAP',1,NULL,5,'10.128.112.254','2018-02-11 01:32:45'),(1762,1,'2018-01-30',7,1,'李淑贤','农场报错，没有找到供应商代码','MDM同步10004459新代码到SS，联系sap小组修改10004459对应的ss编码，关停ss系统老编码',1,NULL,5,'10.128.112.254','2018-02-11 01:32:45'),(1763,1,'2018-01-30',4,3,'李淑贤','供应商：国药集团化学试剂北京有限公司添加银行信息','MDM、SAP',1,NULL,5,'10.128.112.254','2018-02-11 01:32:45'),(1764,1,'2018-01-30',7,1,'张鹏','农场报错供应商10005489在sap代码0128中不存在','联系sap小组修改10005489对应的ss编码，关停ss系统老编码',1,NULL,5,'10.128.112.254','2018-02-11 01:32:45'),(1765,1,'2018-01-30',4,3,'李淑贤','添加供应商：冯渊','MDM、SS、SAP',1,NULL,5,'10.128.112.254','2018-02-11 01:32:45'),(1766,1,'2018-01-30',4,3,'李淑贤','删除HR241593冯渊SAP身份证信息','联系sap项目组修改，不能删除',1,NULL,5,'10.128.112.254','2018-02-11 01:32:45'),(1767,1,'2018-01-31',7,1,'李淑贤','农场报错，没有找到供应商代码','MDM同步10004730新代码到SS，联系sap小组修改10004730对应的ss编码，关停ss系统老编码',1,NULL,5,'10.128.112.254','2018-02-11 01:32:45'),(1768,1,'2018-01-31',4,3,'杨云峰','供应商添加：刘齐栋','MDM、SS、SAP',1,NULL,5,'10.128.112.254','2018-02-11 01:32:45'),(1769,1,'2018-01-31',3,7,'王柏麒','松原销售内勤王柏麒申请开通OA用于报销费用','OA人事新建300405上级是王庆龙',1,NULL,5,'10.128.112.254','2018-02-11 01:32:45'),(1770,1,'2018-01-31',4,3,'秦鹏飞','添加供应商：北京中能元通热能化工设备有限公司','MDM、SS、SAP',1,NULL,5,'10.128.112.254','2018-02-11 01:32:45'),(1771,1,'2018-01-31',4,3,'杨云峰','添加供应商：曹敏','MDM、SS、SAP',1,NULL,5,'10.128.112.254','2018-02-11 01:32:45'),(1772,1,'2018-01-31',3,7,'刘伟','添加签章：刘阳','OA签章管理',1,NULL,5,'10.128.112.254','2018-02-11 01:32:45'),(1773,1,'2018-01-31',2,5,'冯渊','ITG16000生成采购单报错','删除SS系统重复的税号',1,NULL,5,'10.128.112.254','2018-02-11 01:32:45'),(1774,1,'2018-01-31',1,2,'于海洋','客户开户：北京贝儿食品有限公司','MDM、SS、SAP',1,NULL,5,'10.128.112.254','2018-02-11 01:32:45'),(1775,1,'2018-01-31',4,3,'李淑贤','供应商广东温氏大华农生物科技有限公司添加银行信息','MDM、SAP',1,NULL,5,'10.128.112.254','2018-02-11 01:32:45'),(1776,1,'2018-01-31',4,3,'李淑贤','供应商肇庆大华农生物药品有限公司添加银行信息','MDM、SAP',1,NULL,5,'10.128.112.254','2018-02-11 01:32:45'),(1777,1,'2018-02-01',4,3,'李淑贤','修改10006818的税号为370827199105011000和物料系统统一','MDM、SAP',1,NULL,5,'10.128.112.254','2018-02-11 01:32:45'),(1778,1,'2018-02-01',4,3,'王雪婷','供应商添加：北京正大蛋业（开封）有限公司','MDM、SS、SAP',1,NULL,5,'10.128.112.254','2018-02-11 01:32:45'),(1779,1,'2018-02-01',4,3,'李淑贤','10005315北京阳保物料系统和sap同步报错','联系sap小组修改税号',1,NULL,5,'10.128.112.254','2018-02-11 01:32:45'),(1780,1,'2018-02-02',1,3,'彭艳楠','BJ201611添加液蛋销售','SS',1,NULL,5,'10.128.112.254','2018-02-11 01:32:45'),(1781,1,'2018-02-02',1,5,'李小静','651802E00005修改票据日期到2月1日','SS，GBM44800  GBM44I00修改',1,NULL,5,'10.128.112.254','2018-02-11 01:32:45'),(1782,1,'2018-02-02',1,5,'李小静','651801E000187修改票据号到1月19日','SS，GBM44800  GBM44I00修改',1,NULL,5,'10.128.112.254','2018-02-11 01:32:45'),(1783,1,'2018-02-02',4,3,'李淑贤','供应商保定冀中药业有限公司修改默认银行帐号','SAP-ZBP002修改默认银行',1,NULL,5,'10.128.112.254','2018-02-11 01:32:45'),(1784,1,'2018-02-02',3,7,'胡海杰','PG07供应商开户，联行号设置成必须是数字','OA修改字段属性',1,NULL,5,'10.128.112.254','2018-02-11 01:32:45'),(1785,1,'2018-02-02',1,7,'马红峪','919992开通深加工','SS',1,NULL,5,'10.128.112.254','2018-02-11 01:32:45'),(1786,1,'2018-02-02',2,5,'冯渊','终止采购单：E4761708280238','SS',1,NULL,5,'10.128.112.254','2018-02-11 01:32:45'),(1787,1,'2018-02-02',1,5,'李小静','651802E00002修改票据日期到1月10日','SS，GBM44800 GBM44I00修改',1,NULL,5,'10.128.112.254','2018-02-11 01:32:45'),(1788,1,'2018-02-05',2,5,'李淑贤','物采采购单无法在ss生成入库单','10041031在GBM20000设置包材仓',1,NULL,6,'10.128.112.254','2018-02-11 01:32:45'),(1789,1,'2018-02-05',4,3,'冯渊','供应商添加：北京星泽商贸','MDM、SAP',1,NULL,6,'10.128.112.254','2018-02-11 01:32:45'),(1790,1,'2018-02-05',4,3,'何凤鹏','供应商添加：沈阳鑫运物流有限公司北京分公司','MDM、SAP',1,NULL,6,'10.128.112.254','2018-02-11 01:32:45'),(1791,1,'2018-02-05',1,5,'胡海杰','MDM上线以来，账期客户信用额度一直没有发送sap','统计11月15日到2月5日所有赊销客户额度，发送sap',1,NULL,6,'10.128.112.254','2018-02-11 01:32:45'),(1792,1,'2018-02-05',2,5,'冯渊','物采采购单无法在ss生成入库单','SAP修改SS/FRAM编号，GBM20000设置入库信息',1,NULL,6,'10.128.112.254','2018-02-11 01:32:45'),(1793,1,'2018-02-05',1,2,'魏俊莲','客户开户：威尔玛克（天津）科技有限公司','MDM、SS、SAP',1,NULL,6,'10.128.112.254','2018-02-11 01:32:45'),(1794,1,'2018-02-06',9,5,'孔庆敏','删除单据621802D00011','SS',1,NULL,6,'10.128.112.254','2018-02-11 01:32:45'),(1795,1,'2018-02-06',6,5,'宋玉航','55133033VIP无法入库，查询是没有设置仓位','WM05000设置仓位',1,NULL,6,'10.128.112.254','2018-02-11 01:32:45'),(1796,1,'2018-02-06',1,2,'李小静','客户开户：北京首食万家商贸有限公司(没有OA签呈，QQ截图孟总同意)','MDM、SS、SAP',1,NULL,6,'10.128.112.254','2018-02-11 01:32:45'),(1797,1,'2018-02-07',1,3,'刘艳霞','BJ301055，BJ304005 终止变成正常','SS GBM15000',1,NULL,6,'10.128.112.254','2018-02-11 01:32:45'),(1798,1,'2018-02-07',4,3,'李淑贤','添加供应商：艾迈柯思贸易（上海）有限公司','MDM、SS、SAP',1,NULL,6,'10.128.112.254','2018-02-11 01:32:45'),(1799,1,'2018-02-07',1,2,'谭小宇','客户开户：北京首华物业管理有限公司','MDM、SS、SAP',1,NULL,6,'10.128.112.254','2018-02-11 01:32:45'),(1800,1,'2018-02-07',1,2,'秦鹏飞','客户开户：必达（天津）家畜饲养设备有限公司','MDM、SS、SAP',1,NULL,6,'10.128.112.254','2018-02-11 01:32:45'),(1801,1,'2018-02-07',4,3,'姜伟','扩展供应商：北京荣坦餐饮设备有限公司','SAP',1,NULL,6,'10.128.112.254','2018-02-11 01:32:45'),(1802,1,'2018-01-02',1,1,'陈晶伟','52400018产品对应车票号数量不足，在PG仓位有2盒','移库从PG仓位到PB仓位',4,NULL,1,'','2018-02-22 06:44:24'),(1803,1,'2018-01-02',3,7,'田雅丽','没有OA账号','在OA中新建户',4,NULL,1,'','2018-02-22 06:44:24'),(1804,1,'2018-01-02',3,7,'肖婧','肖婧、朱玉壮、李政这3个人的OA系统的主管改为张冰张总','设置',4,NULL,1,'','2018-02-22 06:44:24'),(1805,1,'2018-01-02',1,3,'杨燕','开一个自提户：北京琪阳昌盛有限公司~自提户','MDM、SS、SAP',4,NULL,1,'','2018-02-22 06:44:24'),(1806,1,'2018-01-02',1,5,'梁英','在查询每日销售数据菜单找不到一个客户的销售记录','SS重新关联主户到SS已经有的主户',4,NULL,1,'','2018-02-22 06:44:24'),(1807,1,'2018-01-03',6,1,'宋宇航','日结菜单51034090的库存和系统库存不一致','删除其中一个问题61单据重新入',4,NULL,1,'','2018-02-22 06:44:24'),(1808,1,'2018-01-03',1,5,'彭艳楠','退货入库时间修改到12月31日','修改64入库时间',4,NULL,1,'','2018-02-22 06:44:24'),(1809,1,'2018-01-03',1,5,'彭艳楠','需要开单子到12月31日','设定CT、50、51的票据时间',4,NULL,1,'','2018-02-22 06:44:24'),(1810,1,'2018-01-03',1,1,'李晓静','产品56100131确认发货报错','提交IA处理',4,NULL,1,'','2018-02-22 06:44:24'),(1811,1,'2018-01-03',5,7,'贾豪磊','修改原料18808的规格','MDM下载18808，发送到0128，修改',4,NULL,1,'','2018-02-22 06:44:24'),(1812,1,'2018-01-03',4,3,'何凤鹏','添加供应商：李红','MDM和SAP添加',4,NULL,1,'','2018-02-22 06:44:24'),(1813,1,'2018-01-03',4,3,'曹鹏辉','添加供应商：河北秒宗皮具有限公司','MDM、SAP',4,NULL,1,'','2018-02-22 06:44:24'),(1814,1,'2018-01-03',4,3,'李康','供应商：叶维君','MDM、SAP',4,NULL,1,'','2018-02-22 06:44:24'),(1815,1,'2018-01-04',3,5,'张晓磊','退回OA流程：FY02_1-20180100141','OA退回',4,NULL,1,'','2018-02-22 06:44:24'),(1816,1,'2018-01-04',1,1,'张超','深加工12张50单据打印发货单报错','提交IA处理',4,NULL,1,'','2018-02-22 06:44:24'),(1817,1,'2018-01-04',4,3,'马红峪','修改供应商账号:马红峪','提交SAP完成',4,NULL,1,'','2018-02-22 06:44:24'),(1818,1,'2018-01-04',5,1,'杜雪松','188003粗石粉二磅提出净重错误','提交IA，修改GBM29000标包非标包设置和FMM035000，设置变化原因未确定',2,NULL,1,'','2018-02-22 06:44:24'),(1819,1,'2018-01-05',4,7,'镰络','青岛正大食品SS启用新代码910459与SAP910459映射','提交SAP完成',2,NULL,1,'','2018-02-22 06:44:24'),(1820,1,'2018-01-08',6,7,'冯渊','修改密码','修改',4,NULL,2,'','2018-02-22 06:44:24'),(1821,1,'2018-01-08',6,1,'高峰','PO单卡在手动发送','手动发送',4,NULL,2,'','2018-02-22 06:44:24'),(1822,1,'2018-01-08',6,5,'张超','对应车牌号报错，经查产品不够','等产品入库在做系统',4,NULL,2,'','2018-02-22 06:44:24'),(1823,1,'2018-01-08',7,1,'肖婧','药品入库单号找不到','提交IA处理',4,NULL,2,'','2018-02-22 06:44:24'),(1824,1,'2018-01-08',7,5,'肖婧','010602记录调整借项/贷项不能调数量','\"原因\"空格选错了',4,NULL,2,'','2018-02-22 06:44:24'),(1825,1,'2018-01-10',3,7,'王帅','需要修改李晓晓，陈国辉，宫沙沙的上级为王帅','修改',4,NULL,2,'','2018-02-22 06:44:24'),(1826,1,'2018-01-10',8,5,'朱军','修改整蛋原料蛋确认的时间65-71-72-64','修改',4,NULL,2,'','2018-02-22 06:44:24'),(1827,1,'2018-01-10',5,7,'李鹏飞','从MDM系统重新发送预混料RP82400','重新发送',4,NULL,2,'','2018-02-22 06:44:24'),(1828,1,'2018-01-10',3,7,'王素荣','增加OA账号','增加OA账号',4,NULL,2,'','2018-02-22 06:44:24'),(1829,1,'2018-01-10',6,7,'王瑜善','600000000136640在SS的相关菜单搜不到','在GBM29000菜单添加事业线',4,NULL,2,'','2018-02-22 06:44:24'),(1830,1,'2018-01-11',1,3,'王艺','需改客户BJ404043销售员','GBM23100修改',4,NULL,2,'','2018-02-22 06:44:24'),(1831,1,'2018-01-11',1,7,'陈伟芳','修改SS系统密码','修改',4,NULL,2,'','2018-02-22 06:44:24'),(1832,1,'2018-01-11',4,1,'刘伟','永辉主户和分户问题','联系sap和财务调账',4,NULL,2,'','2018-02-22 06:44:24'),(1833,1,'2018-01-11',1,1,'关昭','单据50180101516确认发货单报错','提交IA处理',4,NULL,2,'','2018-02-22 06:44:24'),(1834,1,'2018-01-11',1,1,'彭艳楠','单据50180101351发货单数量和分配数量不一致','提交IA处理',4,NULL,2,'','2018-02-22 06:44:24'),(1835,1,'2018-01-11',1,1,'曹英俊','DCM12000确认发货单报错','提交IA处理',3,NULL,2,'','2018-02-22 06:44:24'),(1836,1,'2018-01-11',1,1,'张玉香','DCM120000确认发货单报错','提交IA处理',3,NULL,2,'','2018-02-22 06:44:24'),(1837,1,'2018-01-15',4,3,'何凤鹏','添加供应商：臧洪林','MDM、SAP',4,NULL,3,'','2018-02-22 06:44:24'),(1838,1,'2018-01-15',4,3,'贾豪磊','修改供应商账号：10005534','MDM、SAP',4,NULL,3,'','2018-02-22 06:44:24'),(1839,1,'2018-01-15',4,3,'贾豪磊','解冻供应商需要调账','联系SAP解冻',4,NULL,3,'','2018-02-22 06:44:24'),(1840,1,'2018-01-15',8,5,'梁丽艳','日结1月13日没有57RM0000','日期错误删除确认单从新做',4,NULL,3,'','2018-02-22 06:44:24'),(1841,1,'2018-01-15',1,1,'张宁','有一个调拨单，没有分配却已经单对应车牌号了','恢复单据状态从新做',4,NULL,3,'','2018-02-22 06:44:24'),(1842,1,'2018-01-15',1,3,'张立立','开户：北京市平谷区峪口镇总工会 ','MDM、SS、SAP',4,NULL,3,'','2018-02-22 06:44:24'),(1843,1,'2018-01-15',1,3,'吕晓玲','开户：北京物美商业集团股份有限公司~华业玫瑰店','MDM、SS、SAP',4,NULL,3,'','2018-02-22 06:44:24'),(1844,1,'2018-01-16',1,1,'陈晶伟','DCM12000确认发货单报错，有小数点','提交IA处理',4,NULL,3,'','2018-02-22 06:44:24'),(1845,1,'2018-01-16',3,7,'彭艳楠','新入职员工设置OA账户','OA新建员工',2,NULL,3,'','2018-02-22 06:44:24'),(1846,1,'2018-01-16',3,7,'何平','员工杨柳导入电子签章','OA签字管理',2,NULL,3,'','2018-02-22 06:44:24'),(1847,1,'2018-01-16',7,1,'刘翔鹤','170101菜单报244错误，没有授权','用工具激活授权',4,NULL,3,'','2018-02-22 06:44:24'),(1848,1,'2018-01-16',5,7,'蔡德华','修改筒仓位置信息','STM19000',4,NULL,3,'','2018-02-22 06:44:24'),(1849,1,'2018-01-16',1,7,'田雅丽','增加权限SRM02000、SRM04000','增加权限',4,NULL,3,'','2018-02-22 06:44:24'),(1850,1,'2018-01-16',6,7,'辛奇','增加赵肖肖的SS账号权限GBM29000','增加权限',4,NULL,3,'','2018-02-22 06:44:24'),(1851,1,'2018-01-16',3,7,'杨林峰','修改辛文鹏上级','修改',4,NULL,3,'','2018-02-22 06:44:24'),(1852,1,'2018-01-16',1,1,'魏小颖','修改订单后现销客户可以欠款了','提交IA',4,NULL,3,'','2018-02-22 06:44:24'),(1853,1,'2018-01-16',3,5,'阴攀','退回OA流程：QC-2018010853','OA-撤退',4,NULL,3,'','2018-02-22 06:44:24'),(1854,1,'2018-01-17',1,3,'魏小颖','修改客户SH30200101通路','修改',4,NULL,3,'','2018-02-22 06:44:24'),(1855,1,'2018-01-17',1,1,'朱军','对应车牌报错产品50084002','移库从PG仓位到PB仓位',4,NULL,3,'','2018-02-22 06:44:24'),(1856,1,'2018-01-17',6,1,'宋宇航','确认重打包后产品丢失，和下重打包单据时不一致','删除单据重新下',4,NULL,3,'','2018-02-22 06:44:24'),(1857,1,'2018-01-17',6,1,'辛奇','在STM14001搜不到600000000开头的任何报错，无法领用','提交IA处理',4,NULL,3,'','2018-02-22 06:44:24'),(1858,1,'2018-01-17',4,3,'邓君平','添加供应商10005376银行账号：','MDM、SAP',4,NULL,3,'','2018-02-22 06:44:24'),(1859,1,'2018-01-17',4,3,'朱琳','修改供应商10005423银行信息','MDM、SAP',4,NULL,3,'','2018-02-22 06:44:24'),(1860,1,'2018-01-17',4,3,'张宝英','修改供应商210900名称','提交IA修改',4,NULL,3,'','2018-02-22 06:44:24'),(1861,1,'2018-01-17',1,3,'李晓静','开户：平安健康互联网股份有限公司上海分公司','MDM、SS、SAP',4,NULL,3,'','2018-02-22 06:44:24'),(1862,1,'2018-01-18',1,7,'马仁涛','更新测试版SLP10000，测试打印','测试版SS',4,NULL,3,'','2018-02-22 06:44:24'),(1863,1,'2018-01-18',1,7,'杨燕','50206009在生成51时报错，没有在sap系统','在MDM重新设置产品产品系列，在ss重发送51到sap',4,NULL,3,'','2018-02-22 06:44:24'),(1864,1,'2018-01-18',6,1,'杨林峰','在菜单EGM10900不显示新增的产品无法调库存','提交IA处理',4,NULL,3,'','2018-02-22 06:44:24'),(1865,1,'2018-01-18',1,3,'彭艳楠','修改SH302002、GD401003信用额度','SS、SAP',4,NULL,3,'','2018-02-22 06:44:24'),(1866,1,'2018-01-18',1,3,'李虹宇','开户：正大电子商务（浙江）有限公司~易果','MDM、SS、SAP',4,NULL,3,'','2018-02-22 06:44:24'),(1867,1,'2018-01-18',6,7,'刘琴','开权限STI22000','开权限',4,NULL,3,'','2018-02-22 06:44:24'),(1868,1,'2018-01-18',4,3,'崔进争','添加供应商信息：北京律客信息咨询有限公司','MDM、SAP',4,NULL,3,'','2018-02-22 06:44:24'),(1869,1,'2018-01-18',1,3,'刁庆龙','修改客户北京优粮生活科技有限公司账期为60天','SS修改',4,NULL,3,'','2018-02-22 06:44:24'),(1870,1,'2018-01-18',1,3,'刁庆龙','修改客户宁波瓜瓜农业科技有限公司账期为60天','SS修改',4,NULL,3,'','2018-02-22 06:44:24'),(1871,1,'2018-01-19',4,3,'何平','添加员工信息：杨柳','提交SAP完成',4,NULL,3,'','2018-02-22 06:44:24'),(1872,1,'2018-01-19',1,1,'刘小二','54404060库存正负核销','核销',4,NULL,3,'','2018-02-22 06:44:24'),(1873,1,'2018-01-19',4,3,'李淑贤','修改供应商北京科为先生物技术有限公司税号','MDM修改SAP检查',4,NULL,3,'','2018-02-22 06:44:24'),(1874,1,'2018-01-19',4,3,'李淑贤','修改供应商北京阳保合综合商店税号','MDM修改SAP检查',4,NULL,3,'','2018-02-22 06:44:24'),(1875,1,'2018-01-19',5,3,'杜雪松','从上海服务器下载供应商A23265','CTG11000、GBM20000',4,NULL,3,'','2018-02-22 06:44:24'),(1876,1,'2018-01-22',1,5,'朱军','修改深加工原料蛋确认的票据日期','修改时间',4,NULL,4,'','2018-02-22 06:44:24'),(1877,1,'2018-01-22',1,3,'郭丹','开户：北京本集科技有限公司','MDM、SS、SAP',4,NULL,4,'','2018-02-22 06:44:24'),(1878,1,'2018-01-22',1,1,'陈晶伟','对应车牌号报错，','查清票据、移库',4,NULL,4,'','2018-02-22 06:44:24'),(1879,1,'2018-01-23',1,1,'曹英俊','DCM12000发货单报错','提交IA处理、删除单据重新开',4,NULL,4,'','2018-02-22 06:44:24'),(1880,1,'2018-01-23',1,3,'何平','开户：北京超市发连锁股份有限公司~会城门店','MDM、SS、SAP',4,NULL,4,'','2018-02-22 06:44:24'),(1881,1,'2018-01-23',1,1,'陈晶伟','DCM12000打印发货单报错','提交IA处理、删除单据重新开',4,NULL,4,'','2018-02-22 06:44:24'),(1882,1,'2018-01-23',5,7,'贾豪磊','开立采购单82414、82415  这两个原料 输入包数不自动跳公斤','GBM29001',4,NULL,4,'','2018-02-22 06:44:24'),(1883,1,'2018-01-24',7,7,'李淑贤','药品入库单据在农场系统找不到','修改GBM2900、ITM01200、农场系统映射，联系重发送',4,NULL,4,'','2018-02-22 06:44:24'),(1884,1,'2018-01-25',1,7,'薄会双','开权限SLM19000、STM23000','开权限',4,NULL,4,'','2018-02-22 06:44:24'),(1885,1,'2018-01-25',1,7,'朱军','54404060库存WM和SS库存不一致','提交IA处理',4,NULL,4,'','2018-02-22 06:44:24'),(1886,1,'2018-01-25',1,3,'冯渊','供应商215462拓展客户','SS、SAP',4,NULL,4,'','2018-02-22 06:44:24'),(1887,1,'2018-01-25',7,3,'廉络','农场系统增加客户~买淘汰鸡','供应商需要增加GBM17000~GBM18000',4,NULL,4,'','2018-02-22 06:44:24'),(1888,1,'2018-01-25',4,3,'李淑贤','供应商10005332物料系统和SAP系统税号一致，财务查看报错税号错误','提交SAP处理',4,NULL,4,'','2018-02-22 06:44:24'),(1889,1,'2018-01-25',5,7,'贾豪磊','饲料原料92007修改规格','GBM29001完成',4,NULL,4,'','2018-02-22 06:44:24'),(1890,1,'2018-01-27',1,1,'曹英俊','52400018产品对应车排号提示库存不足','WM 移库',2,NULL,4,'','2018-02-22 06:44:24'),(1891,1,'2018-01-27',1,1,'曹英俊','54405043产品对应车排号提示库存不足','WM 移库',2,NULL,4,'','2018-02-22 06:44:24'),(1892,1,'2018-01-27',1,1,'朱军','53203012产品WM与SS库存不足差异6盒','提交IA',2,NULL,4,'','2018-02-22 06:44:24'),(1893,1,'2018-01-27',1,1,'曹英俊','5440504产品确认发货单提示库存不足','提交IA',2,NULL,4,'','2018-02-22 06:44:24'),(1894,1,'2018-01-27',1,1,'张玉香','5440504产品确认发货单提示库存不足','提交IA',2,NULL,4,'','2018-02-22 06:44:24'),(1895,1,'2018-01-28',1,1,'陈晶伟','53503017产品对应车排号提示库存不足','WM 移库',2,NULL,4,'','2018-02-22 06:44:24'),(1896,1,'2018-01-28',1,5,'朱军','深加工原料单确认入库提示文件日期超前','修改64，65，71，72',2,NULL,4,'','2018-02-22 06:44:24'),(1897,1,'2018-01-28',1,5,'马宏宇','记录库存转移入库提示文件日期超前','修改64，65，71，72',2,NULL,4,'','2018-02-22 06:44:24'),(1898,1,'2018-01-28',6,5,'王宇善','新增50201061产品无法入库','产品系列选择不正确，联系IA修改，并选择新产品下PO单入库',2,NULL,4,'','2018-02-22 06:44:24'),(1899,1,'2018-01-29',6,5,'宋宇航','修改PO单时间','修改完成',4,NULL,5,'','2018-02-22 06:44:24'),(1900,1,'2018-01-29',1,1,'张超','53501030产品对应车票号提示库存不足','WM移库',4,NULL,5,'','2018-02-22 06:44:24'),(1901,1,'2018-01-29',3,3,'杨柳','没法报销需修改杨柳的OA报销公司，和个人资料，','修改',4,NULL,5,'','2018-02-22 06:44:24'),(1902,1,'2018-01-29',4,3,'蔡德华','修改10020092的银行名称、从业务伙伴扩展为供应商','MDM、SAP',4,NULL,5,'','2018-02-22 06:44:24'),(1903,1,'2018-01-29',4,3,'冯渊','修改供应廊坊市安次区名创包装制品厂的税号','MDM',4,NULL,5,'','2018-02-22 06:44:24'),(1904,1,'2018-01-29',4,1,'刘伟','51180103835上传sap失败','整理文档提交SAP',4,NULL,5,'','2018-02-22 06:44:24'),(1905,1,'2018-01-30',1,1,'张超','单据分配为0、对应车牌号报错','移库，重新安排路线，重新对应车牌号',4,NULL,5,'','2018-02-22 06:44:24'),(1906,1,'2018-01-30',3,5,'张晓磊','付款计划-2018010211退回','OA-撤退',4,NULL,5,'','2018-02-22 06:44:24'),(1907,1,'2018-01-30',1,7,'廉络','增加权限GBM44800','增加权限',4,NULL,5,'','2018-02-22 06:44:24'),(1908,1,'2018-01-30',3,5,'张晓磊','FY01_1-20180101132退回','OA-撤退',4,NULL,5,'','2018-02-22 06:44:24'),(1909,1,'2018-01-30',1,1,'张超','产品53501030对应车牌号报错','移库，重新安排路线，重新对应车牌号',4,NULL,5,'','2018-02-22 06:44:24'),(1910,1,'2018-01-30',1,1,'魏小颖','SHSI0500每日销售分析数据菜单不显示MDM新增的产品','提交IA',4,NULL,5,'','2018-02-22 06:44:24'),(1911,1,'2018-01-30',8,5,'陈海波','删除内部领用单据65181D000024','删除',4,NULL,5,'','2018-02-22 06:44:24'),(1912,1,'2018-01-31',3,7,'肖婧','修改王攀的上级和成本中心为青年鸡','OA修改',4,NULL,5,'','2018-02-22 06:44:24'),(1913,1,'2018-01-31',1,1,'曹英俊','对应车牌号56100006报错','移库、核销完成',4,NULL,5,'','2018-02-22 06:44:24'),(1914,1,'2018-01-31',1,3,'彭艳楠','更改客户SD301001、HN401001、BJ302038额度','ss修改提交SAP',4,NULL,5,'','2018-02-22 06:44:24'),(1915,1,'2018-01-31',3,3,'何凤鹏','修改程俊的成本中心为物流部','OA修改',4,NULL,5,'','2018-02-22 06:44:24'),(1916,1,'2018-01-31',3,7,'张晓磊','增加有机肥科和淘汰鸡科','OA增加',4,NULL,5,'','2018-02-22 06:44:24'),(1917,1,'2018-01-31',1,5,'冯渊','产品50201066设置区域和仓位','WM系统增加',4,NULL,5,'','2018-02-22 06:44:24'),(1918,1,'2018-01-31',3,5,'吕俊玲','借款申请单的银行账号和报销单账号不一致','SAP上有2个账号，联系焦佳杰修改',4,NULL,5,'','2018-02-22 06:44:24'),(1919,1,'2018-02-01',1,1,'薄会双','上传51单据显示50206010在SAP不存在','修改产品系列从新审核',4,NULL,5,'','2018-02-22 06:44:24'),(1920,1,'2018-02-01',1,1,'杨燕','产品53203015对应车牌号不进入PG，可能与原来PG仓的负数和0有关系','恢复，重新分配，移动PG仓位核销负数',4,NULL,5,'','2018-02-22 06:44:24'),(1921,1,'2018-02-05',4,3,'薄会双','51单据上传失败，sap不存在CVBJ305015','联系SAP修改旧CV码为BJ305015',4,NULL,6,'','2018-02-22 06:44:24'),(1922,1,'2018-02-05',1,3,'陈晶伟','对应车牌号报52400012库存不足','移库',4,NULL,6,'','2018-02-22 06:44:24'),(1923,1,'2018-02-05',1,3,'杨燕','BJ616022在SAP上没有，需要链接','联系sap老师修改',4,NULL,6,'','2018-02-22 06:44:24'),(1924,1,'2018-02-06',6,5,'王金宝','55133033VIP不能入库','操作问题，指导完成',4,NULL,6,'','2018-02-22 06:44:24'),(1925,1,'2018-02-06',1,3,'吕俊玲','客户开户：北京超市发连锁股份有限公司~羊坊店西路店','MDM、SS、SAP',4,NULL,6,'','2018-02-22 06:44:24'),(1926,1,'2018-02-06',1,3,'吕俊玲','客户开户：.北京超市发连锁股份有限公司~玲珑路店','MDM、SS、SAP',4,NULL,6,'','2018-02-22 06:44:24'),(1927,1,'2018-02-06',4,3,'何凤鹏','添加供应商：北京柏佬园果品产销专业合作社','MDM、SS、SAP',4,NULL,6,'','2018-02-22 06:44:24'),(1928,1,'2018-02-06',5,7,'贾豪磊','申请添加SS账号王子敬','添加',4,NULL,6,'','2018-02-22 06:44:24'),(1929,1,'2018-02-07',1,1,'陈晶伟','53504019对应车牌号报错','核算检查、移库',4,NULL,6,'','2018-02-22 06:44:24'),(1930,1,'2018-02-07',4,3,'邓君平','添加供应商北京顺丰速运有限公司银行信息','MDM',4,NULL,6,'','2018-02-22 06:44:24'),(1931,1,'2018-02-07',6,1,'宋宇航','产品50201059重打包报错','提交IA处理',4,NULL,6,'','2018-02-22 06:44:24'),(1932,1,'2018-02-07',1,1,'关昭','确认发货报错，53503017、54405040','调库存重新做',4,NULL,6,'','2018-02-22 06:44:24'),(1933,1,'2018-02-07',1,7,'杨燕','开权限FMP13100','开权限',4,NULL,6,'','2018-02-22 06:44:24'),(1934,1,'2018-02-07',1,5,'李小静','需要协确认重打包，单据721802P000009','确认',4,NULL,6,'','2018-02-22 06:44:24'),(1935,1,'2018-02-07',8,1,'梁丽艳','原辅料304000070日结批次不正确数据不够','提交IA',4,NULL,6,'','2018-02-22 06:44:24'),(1936,1,'2018-02-08',1,2,'冯渊','供应商扩展成客户：廊坊市广阳区康庄道彩靓纸塑制品经销部','MDM、SS、SAP',1,NULL,6,'10.128.112.254','2018-02-11 01:32:45'),(1937,1,'2018-02-08',4,3,'李淑贤','扩展供应商：大连三仪动物药品有限公司','MDM修改银行信息、SS添加GBM20000、SAP设置默认银行',1,NULL,6,'10.128.112.254','2018-02-11 01:32:45'),(1938,1,'2018-02-07',1,3,'杨燕','BJ505007开通深加工事业线','SS系统GBM17000、GBM18000、DCM06000',4,NULL,6,'10.128.114.111','2018-02-11 01:32:45'),(1939,1,'2018-02-08',1,1,'张玉香','3张单据不能确认发货报错','删除单据然后调库存，重新开单',4,NULL,6,'10.128.114.111','2018-02-11 01:32:45'),(1940,1,'2018-02-08',1,1,'张超','对应车票号报错','WM系统移库存从PG到PB',4,NULL,6,'10.128.114.111','2018-02-11 01:32:45'),(1941,1,'2018-02-08',1,2,'刘艳霞','客户开户：北京市朝阳区凯尔宝宝婴幼园~水郡园','MDM、SS、SAP',1,NULL,6,'10.128.112.254','2018-02-11 01:32:45'),(1942,1,'2018-02-08',4,3,'邓君平','添加供应商：上海途靠物流有限公司','MDM、SS、SAP',1,NULL,6,'10.128.112.254','2018-02-11 01:32:45'),(1943,1,'2018-02-08',2,7,'王瑜善','给赵俏俏开通STI10100查询库存余额权限','SS权限管理添加',1,NULL,6,'10.128.112.254','2018-02-11 01:32:45'),(1944,1,'2018-02-08',3,1,'阴攀','QC-2018020942在王总节点怎么都找不到','强制归档，再退回',4,NULL,6,'10.128.114.111','2018-02-11 01:32:45'),(1945,1,'2018-02-09',1,2,'王刚','客户开户：北京首食万家经贸有限公司','MDM、SS、SAP',1,NULL,6,'10.128.112.254','2018-02-11 01:32:45'),(1946,1,'2018-02-09',3,7,'韩峥辉','CX09-慈溪蛋业有限公司印章使用报批单添加合同章','OA流程字段管理，添加合同章，北京正大也同时添加合同章',1,NULL,6,'10.128.112.254','2018-02-11 01:32:45'),(1947,1,'2018-02-09',3,7,'韩峥辉','王芳，贾立朋，陈伟芳需要审批慈溪蛋业的签呈，他们无法搜不到','OA添加子帐号，子帐号放在慈溪相关部门',1,NULL,6,'10.128.112.254','2018-02-11 01:32:45'),(1948,1,'2018-02-09',1,3,'苏秋艳','天津市唐裕餐饮管理有限公司原账期为3天修改成30天','SS',1,NULL,6,'10.128.112.254','2018-02-11 01:32:45'),(1949,1,'2018-02-09',1,3,'薄会双','BJ102004北京超市发总店没有设置深加工账期，深加工单子总超期','SS添加20450账期',1,NULL,6,'10.128.112.254','2018-02-11 01:32:45'),(1950,1,'2018-02-09',3,1,'杨林峰','FY01_1-20180200013/14单据传不到SAP','退回一步OA，重新提交，生成付款单',4,NULL,6,'10.128.114.111','2018-02-11 01:32:45'),(1951,1,'2018-02-09',1,3,'程俊','供应商10006593修改名称','MDM修改',4,NULL,6,'10.128.114.111','2018-02-11 01:32:45'),(1952,1,'2018-02-09',2,5,'刘伟','取消53单据','还原SRM03000菜单选择、取消按钮，取消对应53单--恢复RS单据打印状态--取消RS单据',5,NULL,6,'10.128.113.239','2018-02-11 01:32:45'),(1953,1,'2018-02-09',3,5,'张晓磊','HT-2018020544 签呈退回','OA-退回',4,NULL,6,'10.128.114.111','2018-02-11 01:32:45'),(1954,1,'2018-02-09',4,3,'秦鹏飞','扩展供应商：北京飞驰科学仪器有限公司10010485','SAP',1,NULL,6,'10.128.112.254','2018-02-11 01:32:45'),(1955,1,'2018-02-09',4,3,'杜雪松','供应商河南巨龙生物工程股份有限公司添加银行帐号','SAP',1,NULL,6,'10.128.112.254','2018-02-11 01:32:45'),(1956,1,'2018-02-11',3,1,'何雪琴','处理行程及费用计划核准流程数据无法同步到sap','登录OA用chrome浏览器',1,NULL,6,'10.128.112.254','2018-02-11 06:03:45'),(1957,1,'2018-02-11',3,5,'何平','签呈类费用报销流程出口报错','是否公司总经理或二级领导审批选择是，不能跳过二级领导审批',1,NULL,6,'10.128.112.254','2018-02-11 06:05:32'),(1958,1,'2018-02-11',4,3,'肖婧','供应商：巨野思源人力资源服务有限公司修改银行信息','MDM、SAP',1,NULL,6,'10.128.112.254','2018-02-11 07:35:51'),(1959,1,'2018-02-11',1,1,'刘小二','54404040礼盒订单分配提示数量不足','WM仓位PG库有10个，移库处理',1,NULL,6,'192.128.100.50','2018-02-11 15:25:11'),(1960,1,'2018-02-12',1,5,'刘嘉丽','651802E000150，651802E000151找不到','没有做GBM21000',1,NULL,7,'10.128.112.254','2018-02-12 05:57:13'),(1961,1,'2018-02-12',1,1,'刘嘉丽','65单超期','SS44800，44I00修改日期',1,NULL,7,'10.128.112.254','2018-02-12 05:59:40'),(1962,1,'2018-02-12',1,5,'刘洋','65单据超期','SS44800，44I00修改B4,A2日期',1,NULL,7,'10.128.112.254','2018-02-12 08:41:21'),(1963,1,'2018-02-13',3,5,'朱金金','OA签呈FY01_1-20180100418点错退回','流程干预',1,NULL,7,'10.128.112.254','2018-02-13 01:02:00'),(1964,1,'2018-02-13',1,1,'刘嘉丽','订单分配时54404060库存228，分配208','仓库RT占用20，移库处理',1,NULL,7,'10.128.112.254','2018-02-13 01:49:57'),(1965,1,'2018-02-13',3,7,'朱金金','变更上级主管为王总','OA-人事-编辑-上级主管选择王总',1,NULL,7,'10.128.112.254','2018-02-13 01:59:20'),(1966,1,'2018-02-13',1,1,'刘嘉丽','50180202387，50180202575两个确认订单的时候数量为0','删除两个50单子，wm里把相应的产品从PG移库到PB',1,NULL,7,'10.128.112.254','2018-02-13 02:35:36'),(1967,1,'2018-02-09',9,1,'液蛋内勤','液蛋产成品日结菜单抓取数据有误','提交IA反馈程序员处理',5,NULL,6,'10.128.115.130','2018-02-13 03:39:30'),(1968,1,'2018-02-12',1,5,'陈晶伟','对应车牌号报错提示库存不足','WMM58400确认入库',5,NULL,7,'10.128.115.130','2018-02-13 03:41:47'),(1969,1,'2018-02-13',1,1,'杜爱宇','50180202427单据有的分配是0','恢复单据状态重新做',3,NULL,7,'10.128.113.218','2018-02-22 01:59:13'),(1970,1,'2018-02-13',1,1,'陈晶伟','54405043对应车牌号报错','移库',3,NULL,7,'10.128.113.218','2018-02-22 01:59:14'),(1971,1,'2018-02-14',1,1,'刘嘉丽','54404060对应车牌号报错','移库',3,NULL,7,'10.128.113.218','2018-02-22 01:59:15'),(1972,1,'2018-02-21',1,7,'赵肖肖','加盐冰全蛋临时更改外箱','选蛋模块产品设定',3,NULL,8,'10.128.113.218','2018-02-22 01:59:17'),(1973,1,'2018-02-22',1,1,'曹英俊','对应车牌号报错提示库存不足','移库（确认无占单--PG移至PB）',5,NULL,8,'10.128.114.31','2018-02-22 07:21:49'),(1974,1,'2018-02-22',5,5,'李鹏飞','修改SS密码','重置密码',5,NULL,8,'10.128.114.31','2018-02-22 07:22:06'),(1975,1,'2018-02-22',1,1,'刘嘉丽','对应车牌号报错','删除单子重新做',3,NULL,8,'10.128.114.132','2018-02-23 02:29:35'),(1976,1,'2018-02-23',3,7,'韩峥辉','要求把陈国辉调到慈溪','OA-人事里调整',1,NULL,8,'10.128.112.254','2018-02-23 06:03:21'),(1977,1,'2018-02-23',3,5,'何雪琴','FY02_1签呈类费用报销流程会计凭证失败E609','成本中心未填写，退回填写',1,NULL,8,'10.128.112.254','2018-02-23 08:46:04'),(1978,1,'2018-02-24',8,5,'王瑜善','申请删除62单：621802D000022','EGM10103删除',1,NULL,8,'10.128.112.254','2018-02-24 01:47:33'),(1979,1,'2018-02-24',5,7,'杜雪松','更新CTM52000菜单程序','备份原程序更新',2,NULL,8,'10.128.114.45','2018-02-24 02:03:40'),(1980,2,'2018-02-24',3,5,'方琴','OA上行程签呈费用会计批准时出现\"会计凭证失败,所使用业务范转不在许可范转内\"','申请人提报时未填成本中心,费用会计批准时应填上',6,NULL,8,'10.127.24.185','2018-02-24 02:07:56'),(1981,2,'2018-02-24',7,7,'王海洋','030304鸡蛋从农场转移到选蛋厂时提示输入蛋龄','1211填入产蛋日期',6,NULL,8,'10.127.24.185','2018-02-24 02:12:17'),(1982,2,'2018-02-24',6,7,'于辛卉','增加分级系统账号','SS',6,NULL,8,'10.127.24.185','2018-02-24 02:32:27'),(1983,2,'2018-02-24',4,7,'刘静','扩建供应商(卫文刚)','SAP',6,NULL,8,'10.127.24.185','2018-02-24 02:34:08'),(1984,2,'2018-02-24',4,7,'王园园','向总部申请SAP账号','SAP',6,NULL,8,'10.127.24.185','2018-02-24 02:34:51'),(1985,2,'2018-02-24',1,7,'何栋','修改销售票据日期','GBM44100GBM44G00修改',6,NULL,8,'10.127.24.185','2018-02-24 03:35:00'),(1986,1,'2018-02-24',1,3,'于海洋','客户：北京盛元吉利工贸有限责任公司申请额度又15万调整到30万','SS系统GBM18000修改后发邮件给sap发邮件调整sap',1,NULL,8,'10.128.112.254','2018-02-24 03:59:04'),(1987,2,'2018-02-24',1,5,'林倩','取消50订单','501802Q0042，501802Q0043，501802Q0044，501802Q0045等',6,NULL,8,'10.127.24.185','2018-02-24 05:19:32'),(1988,2,'2018-02-24',1,5,'何栋','开立销售发货单时无价格','GBM36000设置合同价格时产品选错',6,NULL,8,'10.127.24.185','2018-02-24 05:32:32'),(1989,1,'2018-02-24',8,5,'孔庆敏','删除62单子：621802D00031','SS-STM14015删除取消即可',1,NULL,8,'10.128.112.254','2018-02-24 05:43:25'),(1990,2,'2018-02-24',1,1,'林倩','做调拨入库时选择对应的出库单后系统自动带出的数量和实际的出库单数量不符,导致无法入库','提交程序员处理',6,NULL,8,'10.127.24.185','2018-02-24 06:25:44'),(1991,2,'2018-02-24',1,2,'王储君','客户开户:初产蛋专户','MDM、SS、SAP',6,NULL,8,'10.127.24.185','2018-02-24 06:40:28'),(1992,1,'2018-02-24',4,3,'冯渊','供应商开户：北京安洁康生物科技有限公司','MDM、SS、SAP',1,NULL,8,'10.128.112.254','2018-02-24 07:20:51'),(1993,1,'2018-02-24',1,7,'张志刚','修改额度：BJ402017,BJ302061等8个客户签呈号：QC-2018020975','SS-GBM18000修改完成，发送sap修改',1,NULL,8,'10.128.112.254','2018-02-24 07:25:47'),(1994,1,'2018-02-24',1,5,'王艺','删除退货单：RS1802E00105','SS',1,NULL,8,'10.128.112.254','2018-02-24 08:16:34'),(1995,1,'2018-02-24',4,7,'杨云峰','财务给宋宇航付款sap无法生成付款单','SAP账户持有人为空，联系sap添加即可',1,NULL,8,'10.128.112.254','2018-02-24 08:53:32'),(1996,2,'2018-02-24',1,5,'林倩','开立销售发货单并信审后在订单分配那里找不到','赠品未审核,SHSM0410审核',6,NULL,8,'10.127.24.185','2018-02-24 08:58:46'),(1997,2,'2018-02-25',1,7,'王储君','补做销售日期超前','修改50、51、 SP单据日期',6,NULL,8,'10.127.24.187','2018-02-25 01:10:19'),(1998,2,'2018-02-25',1,7,'何栋','补做21日销售日期超前','修改50、51、 SP单据日期',6,NULL,8,'10.127.24.187','2018-02-25 01:12:18'),(1999,2,'2018-02-25',1,1,'王储君','取消50发货单：501802Q0406','FMM43301和FMI28000恢复后仍不能取消，提交IA联系程序员后台删除',6,NULL,8,'10.127.24.187','2018-02-25 01:21:45'),(2000,2,'2018-02-25',1,5,'何栋','取消65调拨出库申请单：651802R0018','STM14000取消',6,NULL,8,'10.127.24.187','2018-02-25 06:10:54'),(2001,2,'2018-02-25',1,7,'王园园','申请VPN和服务器权限','财务总监线下审批后上传到OA申请',6,NULL,8,'10.127.24.187','2018-02-25 08:02:20'),(2002,2,'2018-02-26',4,3,'徐鹏科','添加供应商:慈溪市新浦永祥轮胎店','MDM、SS、SAP',6,NULL,9,'10.127.24.223','2018-02-26 05:30:33'),(2003,2,'2018-02-26',7,1,'王海洋','农场饲料入库找不到对应供应商','SS里更新供应商',6,NULL,9,'10.127.24.223','2018-02-26 05:07:54'),(2004,1,'2018-02-26',4,3,'张晓磊','添加供应商：北京京谷能源环境技术有限公司','MDM、SS、SAP',1,NULL,9,'10.128.112.254','2018-02-26 05:09:00'),(2005,1,'2018-02-26',5,7,'贾豪磊','ZBM20000 财务没办法调账，缺少供应商10030315信息','SS-GBM20000添加采购仓位',1,NULL,9,'10.128.112.254','2018-02-26 05:22:42'),(2006,2,'2018-02-26',7,1,'王欣楠','农场药品疫苗编码全部丢失','每个丢失的在SS重新保存',6,NULL,9,'10.127.24.223','2018-02-26 06:45:27'),(2007,1,'2018-02-26',3,7,'李泽祥','李泽祥修改上级主管和岗位','OA人事管理里修改即可',1,NULL,9,'10.128.112.254','2018-02-26 07:19:02'),(2008,1,'2018-02-26',8,1,'梁丽艳','深加工日结原料000000000061865数量和wm库存不符','提交天津IA协助解决',1,NULL,9,'10.128.112.254','2018-02-26 08:27:13'),(2009,1,'2018-02-26',9,5,'黄贺群','申请删除621802L00022','SS恢复成未打印状态，删除即可',1,NULL,9,'10.128.112.254','2018-02-26 08:32:19'),(2010,2,'2018-02-26',4,3,'刘静','添加供应商:陕西任明达物流有限公司','MDM、SS、SAP',6,NULL,9,'10.127.24.223','2018-02-26 08:49:13'),(2011,2,'2018-02-26',1,5,'王储君','框装蛋销售过磅后在确认销售菜单看不到发货单','销售过磅时未勾选确认最后称重',6,NULL,9,'10.127.24.223','2018-02-26 08:58:21'),(2012,1,'2018-02-24',6,1,'宋宇航','50201068，50601029新品入库找不到代码','MDM29000修改产品系列找IA审核',3,NULL,8,'10.128.115.185','2018-02-26 09:37:06'),(2013,1,'2018-02-24',6,5,'宋宇航','修改PO单时间','GBM44G00修改',3,NULL,8,'10.128.115.185','2018-02-26 09:37:59'),(2014,1,'2018-02-25',9,5,'赵伟','删除单子721802L000011','STM14012',3,NULL,8,'10.128.115.185','2018-02-26 09:38:44'),(2015,1,'2018-02-26',8,5,'王小跃','删除单子621802D00041','STM14015',3,NULL,9,'10.128.115.185','2018-02-26 09:40:05'),(2016,1,'2018-02-26',8,5,'梁丽艳','修改PO单时间','GBM44G00修改',3,NULL,9,'10.128.115.185','2018-02-26 09:40:43'),(2017,1,'2018-02-26',5,5,'蔡德华','IO1,K01,L01改仓位','STM19000',3,NULL,9,'10.128.115.185','2018-02-26 09:41:21'),(2018,1,'2018-02-26',5,3,'杜雪松','开户 霸州市开发区正达货运中心','MDM、SS、SAP',3,NULL,9,'10.128.115.185','2018-02-26 09:42:00'),(2019,1,'2018-02-26',1,2,'张宁','开户北京大百鲜商贸有限公司','MDM、SS、SAP',3,NULL,9,'10.128.115.185','2018-02-26 09:42:37'),(2020,1,'2018-02-27',8,5,'孔庆敏','删除621802D00045','SS-STM14015删除即可',1,NULL,9,'10.128.112.254','2018-02-27 00:22:17'),(2021,1,'2018-02-27',3,5,'彭艳楠','签呈商业客户价格申报-2018020521撤回到申请人','OA流程干预撤回',1,NULL,9,'10.128.112.254','2018-02-27 00:43:55'),(2022,1,'2018-02-27',4,7,'杜雪松','SAP:10030315总部维护添加10030316','联系SAP李立磊解决',1,NULL,9,'10.128.112.254','2018-02-27 01:13:13'),(2023,1,'2018-02-27',9,1,'黄贺群','49851包材SS与WM不一致，WM有占用','58300没有占用联系程序员解决',2,NULL,9,'10.128.114.45','2018-02-27 01:48:02'),(2024,1,'2018-02-27',9,5,'黄贺群','将66442代码修改为75658代码后66442五层外箱剩余库存341无法继续耗用','联系IA处理',2,NULL,9,'10.128.114.45','2018-02-27 01:52:48'),(2025,2,'2018-02-27',1,7,'林倩','修改调拨入库单日期','SS',6,NULL,9,'10.127.24.136','2018-02-27 01:56:25'),(2026,1,'2018-02-27',9,5,'黄贺群','删除621802L00023','SS',1,NULL,9,'10.128.112.254','2018-02-27 02:10:44'),(2027,2,'2018-02-27',4,3,'徐鹏科','添加银行账号：永祥轮胎店','MDM添加后发项目组审核',6,NULL,9,'10.127.24.136','2018-02-27 02:11:29'),(2028,2,'2018-02-27',4,3,'薛利英','添加员工银行账号','整理后发项目组添加',6,NULL,9,'10.127.24.136','2018-02-27 02:12:53'),(2029,2,'2018-02-27',1,5,'何栋','取消50发货单：501802Q0436','SS',6,NULL,9,'10.127.24.136','2018-02-27 02:21:57'),(2030,2,'2018-02-27',4,7,'王园园','增加销售会计权限','填好权限申请表发项目组',6,NULL,9,'10.127.24.136','2018-02-27 02:27:41'),(2031,2,'2018-02-27',1,7,'林倩','DD8600028不能选择61仓发货','DCM06000增加慈溪仓',6,NULL,9,'10.127.24.136','2018-02-27 02:30:11'),(2032,2,'2018-02-27',6,7,'刘静','选蛋厂包材入库找不到物料发送过来的采购申请单','未添加供应商仓库，GBM2000添加',6,NULL,9,'10.127.24.136','2018-02-27 02:41:04'),(2033,2,'2018-02-27',6,7,'刘静','选蛋系统添加包材：139123，139685，138388，139125，124586，124585','MDM ITGB0100从物料系统接收后发送到选蛋厂，再在ITM01200做对应',6,NULL,9,'10.127.24.136','2018-02-27 04:08:05'),(2034,1,'2018-02-27',1,3,'刘沧泉','修改正大电子商务（浙江）有限公司赊销额度','SS修改到300万、SAP300万',1,NULL,9,'10.128.112.254','2018-02-27 04:09:45'),(2035,2,'2018-02-27',4,3,'刘静','添加供应商：浙江济丰包装纸业有限公司','MDM、SS、SAP',6,NULL,9,'10.127.24.136','2018-02-27 04:16:49'),(2036,2,'2018-02-27',1,5,'张帆','SHSM0410审核赠送时无法勾选对应的50单','未信审，在SAP信审',6,NULL,9,'10.127.24.136','2018-02-27 04:26:19'),(2037,2,'2018-02-27',1,5,'林倩','取消50发货单：501802Q0218，501802Q0454-501802Q0462','FMI28000恢复状态，SLM01930取消',6,NULL,9,'10.127.24.136','2018-02-27 05:30:49'),(2038,1,'2018-02-27',3,5,'杨林峰','FY02_1-20180201375签呈报错：费用科目类型不存在','成本中心对应的功能范围和费用类别不匹配，让提交人重新选择',1,NULL,9,'10.128.112.254','2018-02-27 07:55:19'),(2039,2,'2018-02-27',1,5,'何栋','数量填错，取消调拨','STM15000取消64入库和65出库',6,NULL,9,'10.127.24.136','2018-02-27 07:58:46'),(2040,2,'2018-02-27',3,7,'宋银灵','添加OA账号：宋银灵','OA增加',6,NULL,9,'10.127.24.136','2018-02-27 08:35:02'),(2041,1,'2018-02-27',5,7,'马仁涛','更新饲料厂SS-ctm53000菜单','SS服务器10和12更新，并备份原菜单',1,NULL,9,'10.128.112.254','2018-02-27 08:58:47'),(2042,1,'2018-02-28',5,7,'贾豪磊','原料18808碳酸氢钙修改规格','在饲料模块的GBM29000修改即可',1,NULL,9,'10.128.112.254','2018-02-28 02:41:16'),(2043,1,'2018-02-28',1,5,'刘小二','RS1802E00119退回到未审核状态','没有办法退回，删除，重新做',1,NULL,9,'10.128.112.254','2018-02-28 03:11:26'),(2044,2,'2018-02-28',1,5,'林倩','修改销售确认日期','SS',6,NULL,9,'10.127.24.225','2018-02-28 03:30:40'),(2045,2,'2018-02-28',3,1,'刘静','OA费用类签呈提报人提交后直接到费用会计','原因未知,删除重新建后正常',6,NULL,9,'10.127.24.225','2018-02-28 03:33:00'),(2046,2,'2018-02-28',6,7,'刘静','选蛋系统添加包材：139208','MDM ITGB0100从物料系统接收后发送到选蛋厂，再在ITM01200做对应',6,NULL,9,'10.127.24.225','2018-02-28 03:34:41'),(2047,1,'2018-02-28',6,5,'芮久明','000000000125757入库入到了PK','移库移到RA',3,NULL,9,'10.128.113.187','2018-02-28 04:21:19'),(2048,1,'2018-02-28',4,3,'赵佳丽','OA添加银行信息','给SAP发邮件',3,NULL,9,'10.128.113.187','2018-02-28 04:21:56'),(2049,2,'2018-02-28',6,7,'吴宝川','修改产品包装：50201064','GBM66000、EGGM0710修改',6,NULL,9,'10.127.24.225','2018-02-28 04:53:45'),(2050,2,'2018-02-28',1,1,'何栋','框装蛋销售过磅出现“9902134-Quantity is more than % Diff\"错误','程序问题，交泰国程序员后台处理',6,NULL,9,'10.127.24.225','2018-02-28 04:56:24'),(2051,2,'2018-02-28',1,5,'林倩','取消50发货单：501802Q0190，501802Q0192，501802Q0193，修改51单日','SS',6,NULL,9,'10.127.24.225','2018-02-28 05:25:28'),(2052,1,'2018-02-28',3,5,'贾豪磊','FY02_1-20180202640签呈退回','OA',1,NULL,9,'10.128.112.254','2018-02-28 05:37:16'),(2053,2,'2018-02-28',4,7,'方琴','SAP生成付款单时提示联行号必须大于12位','MDM修改联行号，提交项目组审核',6,NULL,9,'10.127.24.225','2018-02-28 05:45:47'),(2054,1,'2018-02-28',1,7,'李爱芝','北京一亩地农副产品有限公司修改额度到20000','SS和sap修改',1,NULL,9,'10.128.112.254','2018-02-28 06:15:03'),(2055,1,'2018-02-28',5,7,'杜雪松','中央服务器下载供应商9A0535','总账里下载，下载完成并GBM20000',1,NULL,9,'10.128.112.254','2018-02-28 07:08:56'),(2056,2,'2018-02-28',1,7,'宋银灵','向总部申请VPN和远程桌面账号','财务总监线下审批后上传到OA申请',6,NULL,9,'10.127.24.225','2018-02-28 08:25:45'),(2057,2,'2018-03-01',4,3,'崔进争','添加银行账号：崔进争','SAP扩建供应商',6,NULL,9,'10.127.24.116','2018-03-01 00:31:22'),(2058,2,'2018-03-01',6,7,'吴宝川','修改产品包装：50201065','GBM66000、EGGM0710修改',6,NULL,9,'10.127.24.116','2018-03-01 00:33:08'),(2059,1,'2018-03-01',4,3,'李小静','添加供应商：中建精诚工程咨询有限公司','MDM、SS、SAP',1,NULL,9,'10.128.112.254','2018-03-01 00:48:43'),(2060,2,'2018-03-01',7,1,'王欣楠','农场药品疫苗丢失：702000145','SS GBM29000重新保存',6,NULL,9,'10.127.24.116','2018-03-01 01:15:16'),(2061,1,'2018-03-01',3,5,'郭丹','YZSQ-2018030987退回到申请人','OA-流程干预',1,NULL,9,'10.128.112.254','2018-03-01 01:57:35'),(2062,1,'2018-03-01',4,7,'秦鹏飞','上海五研工业过滤设备有限公司变更税号','MDM停掉老税号添加新税号',1,NULL,9,'10.128.112.254','2018-03-01 08:12:00'),(2063,2,'2018-03-02',6,7,'吴宝川','增加产品：50201070','MDM添加后找IA审核，审核后在选蛋厂设置包装和装箱标准',6,NULL,9,'10.127.24.227','2018-03-02 00:14:19'),(2064,2,'2018-03-02',4,3,'方琴','增加员工及银行账号：于超防','填写表格后发项目组',6,NULL,9,'10.127.24.227','2018-03-02 00:16:06'),(2065,2,'2018-03-02',1,1,'林倩','调拨入库时出错：651802Q0068 \"Product Pack not equel..\".','调拨出库时选择的批次在调拨入库时无库存，导致总数和按批次合计数不一致，无法入库，提交程序员处理',6,NULL,9,'10.127.24.227','2018-03-02 00:27:21'),(2066,2,'2018-03-02',1,5,'王储君','更改销售票据日期：2/26','SS',6,NULL,9,'10.127.24.227','2018-03-02 00:37:40'),(2067,2,'2018-03-02',1,5,'林倩','取消50发货单：501802Q0472','SS',6,NULL,9,'10.127.24.227','2018-03-02 00:39:10'),(2068,1,'2018-03-02',4,3,'马红峪','修改马红峪银行信息','填写S4-BP运维-养殖事业线EXCEL表，发邮件sap',1,NULL,9,'10.128.112.254','2018-03-02 01:17:49'),(2069,2,'2018-03-02',4,3,'王娟娟','添加供应商：浙江天鸿人才开发有限公司','MDM、SS、SAP',6,NULL,9,'10.127.24.227','2018-03-02 01:51:53'),(2070,2,'2018-03-02',4,3,'王娟娟','修改银行信息：上海智联、浙江天鸿','填写表格后发项目组',6,NULL,9,'10.127.24.227','2018-03-02 01:53:13'),(2071,2,'2018-03-02',4,7,'王园园','SAP金额不能输入小数，提示输入应按格式_._._.~,_','su01->缺省值->10进制计数法改格式',6,NULL,9,'10.127.24.227','2018-03-02 01:59:29'),(2072,1,'2018-03-02',3,7,'庞柳','张应鑫OA开户','OA-人事添加',1,NULL,9,'10.128.112.254','2018-03-02 02:35:36'),(2073,1,'2018-03-02',1,2,'刘嘉丽','客户开户：窦夜亮','MDM、SS、SAP',1,NULL,9,'10.128.112.254','2018-03-02 02:36:07'),(2074,2,'2018-03-02',7,1,'王欣楠','农场药品疫苗丢失：70103000042、70103000097','MDM上线之前的在GBM29000修改确定，之后的在GBM29000 update',6,NULL,9,'10.127.24.227','2018-03-02 02:46:14'),(2075,1,'2018-03-02',4,3,'彭艳楠','添加供应商：北京山绿商贸有限公司','MDM、SS、SAP',1,NULL,9,'10.128.112.254','2018-03-02 03:54:55'),(2076,1,'2018-03-02',3,5,'李小静','QCB（费用报销）-2018030505退回到发起人','OA-流程干预',1,NULL,9,'10.128.112.254','2018-03-02 08:32:07'),(2077,1,'2018-03-02',6,5,'分级入库','53203016   51203241手动无法发送wm','查询这个两个产品都没有仓位信息，设置仓位',1,NULL,9,'10.128.112.254','2018-03-02 08:47:14'),(2078,2,'2018-03-03',4,3,'王园园','添加供应商：沈阳捷路星运输有限公司','MDM、SS、SAP',6,NULL,9,'10.127.24.80','2018-03-03 02:02:30'),(2079,2,'2018-03-03',7,7,'方琴','农场采购重发送到SAP出错，物料主数据不存在','MDM重发送对应主数据到SAP',6,NULL,9,'10.127.24.80','2018-03-03 02:04:54'),(2080,2,'2018-03-03',4,3,'张帆','添加供应商：北京京邦达贸易有限公司上海分公司','MDM、SS、SAP',6,NULL,9,'10.127.24.80','2018-03-03 02:25:32'),(2081,2,'2018-03-03',7,1,'王海洋','农场饲料编码全部丢失，无法入库','GBM29000重新保存或更新',6,NULL,9,'10.127.24.80','2018-03-03 03:52:59'),(2082,2,'2018-03-03',4,7,'马世斌','添加银行账号：福州闽台机械有限公司','MDM添加后发项目组审核',6,NULL,9,'10.127.24.80','2018-03-03 04:40:27'),(2083,2,'2018-03-03',4,7,'宋银灵','申请SAP用户账号','填好权限申请表发项目组',6,NULL,9,'10.127.24.80','2018-03-03 04:42:13'),(2084,2,'2018-03-03',4,7,'王园园','SAP打印无输出设备','su01->缺省值->添加输出设备',6,NULL,9,'10.127.24.80','2018-03-03 06:42:27'),(2085,2,'2018-03-05',4,3,'王储君','新增客户：上海朕贤实业有限公司','MDM、SS、SAP',6,NULL,10,'10.127.24.196','2018-03-05 00:40:10'),(2086,2,'2018-03-05',1,7,'林倩','添加客户发货仓库：DD8600067、DD8600068','DCM06000增加慈溪仓',6,NULL,10,'10.127.24.196','2018-03-05 00:44:58'),(2087,2,'2018-03-05',6,7,'薛利英','修改生产入库票据日期：改至3/1','GBM44800',6,NULL,10,'10.127.24.196','2018-03-05 05:57:42'),(2088,2,'2018-03-05',1,7,'张帆','取消仓管、销管结转生产借贷项调整单权限：王储君、宋加欢','SS',6,NULL,10,'10.127.24.196','2018-03-05 06:00:53'),(2089,1,'2018-03-05',2,5,'贾豪磊','河北碧隆的4015120327小料采购单需要作废','SS采购单拦截',1,NULL,10,'10.128.112.254','2018-03-05 06:35:27'),(2090,2,'2018-03-06',1,7,'王园园','增加SS权限：SHSI0510、GBM36000','SS',6,NULL,10,'10.127.24.145','2018-03-06 01:24:18'),(2091,1,'2018-03-06',5,1,'李鹏飞','30%品检无法搜索成分代码','更新原来程序菜单联系程序员',2,NULL,10,'10.128.113.119','2018-03-06 01:46:43'),(2092,1,'2018-03-06',3,7,'马仁涛','创建IT部/IT部主管绩效考核表流程','OA创建流程',1,NULL,10,'10.128.112.254','2018-03-06 04:00:23'),(2093,2,'2018-03-06',4,3,'王储君','添加客户：四宝蛋专户','MDM、SS、SAP',6,NULL,10,'10.127.24.145','2018-03-06 05:52:05'),(2094,2,'2018-03-06',1,1,'张帆','确认销售退货出错：Qty Request not Equal Receive','IA转交程序员处理',6,NULL,10,'10.127.24.108','2018-03-07 00:32:36'),(2095,2,'2018-03-06',1,5,'李杰','调拨出库订单分配后，安排送货路线搜不到','调拨和销售不能分配在一起，取消重做',6,NULL,10,'10.127.24.108','2018-03-07 00:37:19'),(2096,2,'2018-03-06',3,1,'方琴','OA行程费用费用会计审批后在SAP找不到','撤回，换谷歌浏览器重新批准后正常',6,NULL,10,'10.127.24.108','2018-03-07 00:39:56'),(2097,2,'2018-03-07',6,7,'郭李悬','新增选蛋系统仓管账号：guolx','SS',6,NULL,10,'10.127.24.108','2018-03-07 01:53:11'),(2098,2,'2018-03-07',6,7,'薛利英','更改产品包装及装箱标准：60022D24','SS',6,NULL,10,'10.127.24.108','2018-03-07 02:03:51'),(2099,1,'2018-03-07',1,3,'于海洋','固安天绿食食品有限公司修改成河北天绿食食品有限公司','MDM添加新税号，SS变更成新税号即可',1,NULL,10,'10.128.112.254','2018-03-07 03:00:43'),(2100,1,'2018-03-07',1,2,'刁庆龙','客户开户：北京中道康达餐饮管理有限公司','MDM、SS、SAP',1,NULL,10,'10.128.112.254','2018-03-07 03:32:04'),(2101,1,'2018-03-07',1,5,'朱军','修改65单据超前','修改65  64  71  72 日期GBM44800 GBM44i00',1,NULL,10,'10.128.112.254','2018-03-07 03:36:53'),(2102,1,'2018-03-07',5,7,'李鹏飞','30%品检豆粕搜索不到成分代码','新更新程序需要GBM35000设定收货投料口',2,NULL,10,'10.128.113.119','2018-03-07 04:34:17'),(2103,2,'2018-03-07',4,3,'吴宝川','添加供应商：谱尼测试集团上海有限公司','MDM、SS、SAP',6,NULL,10,'10.127.24.108','2018-03-07 05:17:54'),(2104,1,'2018-03-06',4,2,'谭小宇','客户添加（北京伏牛堂餐饮文化有限公司）','MDM、SS、SAP',7,NULL,10,'10.128.113.220','2018-03-07 05:55:09'),(2105,1,'2018-03-07',4,3,'杨倩','SAP添加员工信息','填写好信息后发送给SAP',7,NULL,10,'10.128.113.220','2018-03-07 05:56:08'),(2106,2,'2018-03-07',4,3,'刘静','添加供应商银行信息：湖北良宇、谱尼上海','填写表格后发项目组',6,NULL,10,'10.127.24.108','2018-03-07 06:01:22'),(2107,1,'2018-03-07',3,5,'张保英','QCB（费用报销）-2018030509退回到张保英','OA流程干预',1,NULL,10,'10.128.112.254','2018-03-07 06:40:19'),(2108,1,'2018-03-07',3,5,'马云霞','SC06-2018092和SC06-2018091 选错领导','OA流程干预，撤回',1,NULL,10,'10.128.112.254','2018-03-07 07:25:42'),(2109,1,'2018-03-08',4,3,'赵伟','添加员工供应商黄佩臣','填写EXCEL表发送SAP',1,NULL,10,'10.128.112.254','2018-03-08 00:58:47'),(2110,1,'2018-03-08',4,3,'采购部朱琳','修改供应商CV10005530（青岛朗夫包装有限公司）银行账号','1、0128FC登陆MDM系统，GBM16000，修改银行账号信息2、联系李立磊审核',7,NULL,10,'10.128.114.102','2018-03-08 02:07:07'),(2111,2,'2018-03-08',3,5,'沈先学','OA忘记密码','重置密码',6,NULL,10,'10.127.24.39','2018-03-08 02:54:42'),(2112,1,'2018-03-08',1,5,'朱军','57010101Z订购1000，实际100，重量和金额还是按1000计算的','57010101Z装箱标准设置有问题，只能设置一条外箱信息，不能设置标签',1,NULL,10,'10.128.112.254','2018-03-08 03:59:52'),(2113,1,'2018-03-08',4,2,'刘艳霞','添加客户（北京市海淀区凯尔宝宝婴幼园）','MDM、SS、SAP',7,NULL,10,'10.128.114.102','2018-03-08 06:30:27'),(2114,1,'2018-03-08',1,3,'刘艳霞','北京小豆餐饮有限公司修改联系人和送货地址','SS-GBM15000修改',1,NULL,10,'10.128.112.254','2018-03-08 06:59:11'),(2115,1,'2018-03-08',3,5,'贾豪磊','ZCBZ-2018030258签呈错误要求退回到申请人','OA流程干预',1,NULL,10,'10.128.112.254','2018-03-08 07:30:19'),(2116,2,'2018-03-08',3,5,'刘静','OA行程类错做到签呈类','流程干预退回提报人',6,NULL,10,'10.127.24.39','2018-03-08 08:16:14'),(2117,2,'2018-03-09',3,7,'方琴','费用会计审批出错：成本中心对应业务范围不存在','修改成本中心',6,NULL,10,'10.127.24.176','2018-03-09 02:38:45'),(2118,1,'2018-03-09',3,7,'何平','修改杨柳的岗位和职务','OA-人事修改',1,NULL,10,'10.128.112.254','2018-03-09 03:51:14'),(2119,1,'2018-03-09',3,7,'马仁涛','PG20-权限申请表（SS/监控/SCADA/座机）添加IT处理节点','OA-流程',1,NULL,10,'10.128.112.254','2018-03-09 03:58:02'),(2120,2,'2018-03-09',4,3,'刘静','添加供应商：北京源禾阳光绿色包装科技有限公司','MDM、SS、SAP',6,NULL,10,'10.127.24.176','2018-03-09 04:17:01'),(2121,2,'2018-03-09',6,7,'郭李悬','增加SS权限：FMP17000、FMP17100','SS',6,NULL,10,'10.127.24.176','2018-03-09 05:56:26'),(2122,2,'2018-03-09',4,3,'何彬','新增客户：	 中国太平洋人寿保险股份有限公司宁波分公司','MDM、SS、SAP',6,NULL,10,'10.127.24.176','2018-03-09 07:28:51'),(2123,1,'2018-03-09',3,7,'胡海杰','PG14-客户基本资料变更申请表添加IT处理节点','OA-流程路径维护',1,NULL,10,'10.128.112.254','2018-03-09 09:01:10'),(2124,2,'2018-03-11',1,7,'林倩','修改发货仓库：DD8600039、DD8600033、DD8600032、DD8600027等','SS',6,NULL,10,'10.127.24.106','2018-03-12 03:57:46'),(2125,2,'2018-03-12',1,7,'王哲宇','修改客户信用额：10006440','填写表格后发项目组',6,NULL,11,'10.127.24.106','2018-03-12 04:01:31'),(2126,2,'2018-03-12',4,7,'马世斌','添加银行账号：马世斌','填写表格后发项目组',6,NULL,11,'10.127.24.106','2018-03-12 04:02:34'),(2127,2,'2018-03-12',4,7,'王园园','增加SAP权限','填写权限申请表OA上提交申请',6,NULL,11,'10.127.24.106','2018-03-12 04:10:13'),(2128,2,'2018-03-12',1,5,'林倩','取消50发货单：501803Q0098','SS',6,NULL,11,'10.127.24.106','2018-03-12 04:49:58'),(2129,1,'2018-03-09',1,2,'李建秋','BJ202036北京众益联华商贸有限公司 ，10029557夏津金鼎商贸有限公司分别开一个自提户','MDM、SS、SAP',7,NULL,10,'10.128.115.246','2018-03-12 05:34:59'),(2130,1,'2018-03-09',1,2,'李爱芝','北京酉福网络科技有限公司，开户','MDM、SS、SAP',7,NULL,10,'10.128.115.246','2018-03-12 05:36:23'),(2131,1,'2018-03-12',1,1,'朱军','53203012 WM和SS库存数量不等','OA-IT01提交问题给IA',1,NULL,11,'10.128.112.254','2018-03-12 06:01:52'),(2132,1,'2018-03-12',3,7,'李泽祥','上传签章','OA-应用中心-签章管理',1,NULL,11,'10.128.112.254','2018-03-12 06:21:18'),(2133,1,'2018-03-12',1,2,'何凤鹏','北京卓越速达物流有限公司,供应商开户','MDM、SS、SAP',7,NULL,11,'10.128.115.246','2018-03-12 06:28:03'),(2134,1,'2018-03-13',8,5,'朱军','修改票据时间','GBM44800   GBM44I00',1,NULL,11,'10.128.112.254','2018-03-13 00:38:38'),(2135,2,'2018-03-13',4,3,'王储君','添加客户：上海定堃食品有限公司','MDM、SS、SAP',6,NULL,11,'10.127.24.86','2018-03-13 01:35:27'),(2136,2,'2018-03-13',1,7,'林倩','修改发货仓库：DD8600012','SS',6,NULL,11,'10.127.24.86','2018-03-13 01:45:44'),(2137,2,'2018-03-13',1,7,'张帆','修改产品与产品结构链接','MDM、SS',6,NULL,11,'10.127.24.86','2018-03-13 02:48:16'),(2138,1,'2018-03-13',3,5,'朱磊','QC-2018031008撤回到申请人','OA-流程干预',1,NULL,11,'10.128.112.254','2018-03-13 03:13:25'),(2139,1,'2018-03-13',5,7,'马仁涛','品管-录入检验结果30%增加审批人','选择“饲料厂模块->恢复原状->设定信息文件”，选择FMM02100，将使用者ＩＤ添加到价值项中',7,NULL,11,'10.128.113.154','2018-03-13 04:16:12'),(2140,1,'2018-03-09',5,7,'马仁涛','添加刘彤、李鹏飞ＳＳ账号','SS',7,NULL,10,'10.128.113.154','2018-03-13 04:18:58'),(2141,2,'2018-03-13',1,5,'林倩','修改调拨出库单日期','SS',6,NULL,11,'10.127.24.86','2018-03-13 06:54:34'),(2142,2,'2018-03-13',4,7,'方琴','增加银行账号：中国检验认证集团','填写表格后发项目组',6,NULL,11,'10.127.24.86','2018-03-13 08:43:03'),(2143,2,'2018-03-13',4,7,'陈国辉','添加银行账号：陈国辉','填写表格后发项目组',6,NULL,11,'10.127.24.86','2018-03-13 08:43:39'),(2144,1,'2018-03-13',3,5,'朱磊','QC-201803104退回到申请人','OA-流程干预',1,NULL,11,'10.128.112.254','2018-03-13 08:52:03'),(2145,1,'2018-03-14',5,7,'杜雪松','添加供应商并发送总部：岫岩满族自治县兴隆办事处晓瑜石粉经销处','MDM',1,NULL,11,'10.128.112.254','2018-03-14 01:21:44'),(2146,2,'2018-03-14',3,7,'阮央吉','添加OA账号：阮央吉','OA',6,NULL,11,'10.127.24.34','2018-03-14 03:06:41'),(2147,1,'2018-03-14',1,7,'刘伟','客户BJ101011永辉超市信用额度修改位500万','签呈：KHZLBG-2018020032 ，SS GBM18000修改，然后给SAP发送邮件',1,NULL,11,'10.128.112.254','2018-03-14 04:08:46'),(2148,2,'2018-03-14',1,7,'林倩','修改发货仓库：DD8600037、DD8600043','MDM、SS、SAP',6,NULL,11,'10.127.24.34','2018-03-14 05:23:48'),(2149,1,'2018-03-14',3,7,'胡海杰','PG07,PG14,PG15,PG16,PG20签呈需要在群里问,谁开或者我开','增加接收问题节点，谁接收谁处理，避免重复处理',1,NULL,11,'10.128.112.254','2018-03-14 06:10:54'),(2150,2,'2018-03-14',4,7,'方琴','修改默认付款账号：大连凯杰','SAP',6,NULL,11,'10.127.24.34','2018-03-14 06:13:37'),(2151,1,'2018-03-14',4,3,'杜雪松','添加供应商：北京玉桥运输有限公司','MDM、SS、SAP',1,NULL,11,'10.128.112.254','2018-03-14 06:37:22'),(2152,2,'2018-03-14',3,7,'贾冰','添加OA账号：贾冰','OA',6,NULL,11,'10.127.24.34','2018-03-14 06:51:05'),(2153,2,'2018-03-14',4,3,'方琴','添加银行账号：慈溪弘正会计师事务所','MDM添加后发项目组审核',6,NULL,11,'10.127.24.34','2018-03-14 06:53:10'),(2154,1,'2018-03-14',3,7,'胡海杰','添加新流程：PG35-中央采购供应商申请表','OA流程创建',1,NULL,11,'10.128.112.254','2018-03-14 07:26:01'),(2155,1,'2018-03-15',3,5,'董伟国','办公用品采购计划-2018030223退回到申请人','OA-流程干预',1,NULL,11,'10.128.112.254','2018-03-15 03:35:16'),(2156,1,'2018-03-15',3,7,'刘翔鹤','费用会计添加薄会双删除康媛媛','OA-矩阵操作',1,NULL,11,'10.128.112.254','2018-03-15 03:36:40'),(2157,1,'2018-03-15',6,1,'宋玉航','PO单没有50201045产品','MDM修改50201045产品序列位9位，然后找IA审核',1,NULL,11,'10.128.112.254','2018-03-15 03:38:31'),(2158,1,'2018-03-15',6,1,'王瑜善','50201071，50201072，50201073，50201074修改产品序列','MDM修改后，找IA审核',1,NULL,11,'10.128.112.254','2018-03-15 03:40:35'),(2159,1,'2018-03-15',1,2,'张立','“北京卡百利食品有限公司”客户开户','MDM、SS、SAP',7,NULL,11,'10.128.114.165','2018-03-15 05:35:52'),(2160,1,'2018-03-15',4,3,'李淑贤','修改供应商10004573（山东大明消毒科技有限公司）银行账号','MDM、SAP',7,NULL,11,'10.128.114.165','2018-03-15 05:37:48'),(2161,1,'2018-03-15',3,5,'王云','FY01_1-20180300323退回到填写实际金额','OA流程干预',1,NULL,11,'10.128.112.254','2018-03-15 06:22:22'),(2162,1,'2018-03-15',3,7,'胡海杰','PG07供应商员工开户流程添加备注','OA流程',1,NULL,11,'10.128.112.254','2018-03-15 07:59:48'),(2163,1,'2018-03-15',4,3,'秦鹏飞','供应商添加（山东锦隆自动化科技有限公司）','MDM、SAP',7,NULL,11,'10.128.114.165','2018-04-02 05:38:40'),(2164,2,'2018-03-15',6,3,'刘静','添加物料：124586、140912','MDM ITGB0100从物料系统接收后发送到选蛋厂，再在ITM01200做对应',6,NULL,11,'10.127.24.210','2018-03-16 02:08:40'),(2165,2,'2018-03-15',1,7,'林倩','修改发货仓库：DD8600038、DD8600058、DD8600059','SS',6,NULL,11,'10.127.24.210','2018-03-16 02:10:27'),(2166,1,'2018-03-16',3,7,'刘琴&何平','FY01_1行程及费用计划核准流程提交不了','联系集团OA解决',1,NULL,11,'10.128.112.254','2018-03-16 05:19:55'),(2167,1,'2018-03-16',7,1,'肖婧','农场报错NO LICENSE THIS SERVER 244','联系天津IA解决！',1,NULL,11,'10.128.112.254','2018-03-16 05:23:18'),(2168,2,'2018-03-16',3,7,'王储君','添加OA账号：刘晓锐','OA增加',6,NULL,11,'10.127.24.210','2018-03-16 05:59:02'),(2169,2,'2018-03-16',6,3,'邝昭','生产计划选不到50201062产品','MDM修改产品系列F50021201',6,NULL,11,'10.127.24.210','2018-03-16 06:42:17'),(2170,2,'2018-03-16',1,1,'林倩','调拨入库时出错：651803Q0045 \"Product Pack not equel..\".','程序问题，交泰国程序员后台处理',6,NULL,11,'10.127.24.210','2018-03-16 06:44:57'),(2171,1,'2018-03-16',1,7,'梁英','需要DCM21000权限','SS权限管理开通即可',1,NULL,11,'10.128.112.254','2018-03-16 07:14:51'),(2172,1,'2018-03-17',1,5,'李建秋','调拨单改日期','44800里改',3,NULL,11,'10.128.115.240','2018-03-18 03:19:14'),(2173,1,'2018-03-17',1,7,'金玉莹','赊销改现销','根据签呈在SS改动',3,NULL,11,'10.128.115.240','2018-03-18 03:20:53'),(2174,1,'2018-03-19',4,3,'张志强','供应商开户：北京安吉恒信汽车租赁有限责任公司','MDM、SAP',7,NULL,12,'10.128.113.104','2018-03-19 01:11:07'),(2175,2,'2018-03-19',4,3,'陈新新','添加客户：	 福建易民达供应链管理有限公司','MDM、SS、SAP',6,NULL,12,'10.127.24.140','2018-03-19 01:13:52'),(2176,1,'2018-03-19',1,7,'刘阳','新开SS账号，修改密码后，无法登陆SS系统','修改SS账号现状，将终止状态修改为ACtive',7,NULL,12,'10.128.113.104','2018-03-19 02:00:43'),(2177,2,'2018-03-19',4,7,'方琴','SAP凭证加特码后进不到农场','ZFI-048修改特码对应',6,NULL,12,'10.127.24.140','2018-03-19 02:26:37'),(2178,2,'2018-03-19',7,7,'王海洋','青年鸡场添加新的批次','农场1202、1211',6,NULL,12,'10.127.24.140','2018-03-19 02:57:28'),(2179,2,'2018-03-19',1,5,'林倩','取消50发货单：501803Q0443、501803Q0444','SS',6,NULL,12,'10.127.24.140','2018-03-19 02:59:44'),(2180,1,'2018-03-19',1,7,'马红峪','添加新销售员：杨健，李胜雄，邹盛东，柯志、孙少英、陈凡','SS - GBM03000',1,NULL,12,'10.128.112.254','2018-03-19 03:15:15'),(2181,1,'2018-03-19',1,7,'马红峪','BJ202036 业务员修改成陈凡,大区经理改成郑帅','SS-GBM23100',1,NULL,12,'10.128.112.254','2018-03-19 03:16:37'),(2182,2,'2018-03-19',3,7,'王储君','OA批完后不能打印签字信息','修改流程表单内容打印流转意见',6,NULL,12,'10.127.24.140','2018-03-19 03:30:55'),(2183,1,'2018-03-19',1,3,'张宁','BJ613002北京谷香源增加B402始发仓位','DCM06000添加',7,NULL,12,'10.128.113.104','2018-03-19 03:31:24'),(2184,2,'2018-03-19',7,1,'徐鹏科','农场接收不到物料系统发送的采购申请单','GBM29000modify、GBM15000、GBM16000、GBM20000重新保存',6,NULL,12,'10.127.24.140','2018-03-19 04:39:11'),(2185,2,'2018-03-19',1,5,'魏宗秀','取消65调拨出库申请单：651803R0012','STM14000取消',6,NULL,12,'10.127.24.140','2018-03-19 04:42:42'),(2186,1,'2018-03-19',3,7,'李晓晓','新增员工：朱顺','OA-人事',1,NULL,12,'10.128.112.254','2018-03-19 05:46:17'),(2187,1,'2018-03-19',3,7,'赵顺利','离职，关闭OA帐号','OA-应用中心-人事状态修改',1,NULL,12,'10.128.112.254','2018-03-19 05:46:58'),(2188,1,'2018-03-19',6,1,'宋宇航','50216005开PO单无法找到','联系IA，修改SS系统50216005的系列',1,NULL,12,'10.128.112.254','2018-03-19 05:47:47'),(2189,2,'2018-03-19',4,7,'曹萧','申请SAP用户账号','填写权限申请表OA上提交申请',6,NULL,12,'10.127.24.140','2018-03-19 05:59:34'),(2190,2,'2018-03-19',3,7,'徐铭','离职修改人事状态：徐铭、谌建群','OA人事管理修改',6,NULL,12,'10.127.24.140','2018-03-19 06:03:58'),(2191,2,'2018-03-19',1,7,'魏宗秀','修改发货仓库：DD800055','DCM06000增加慈溪仓',6,NULL,12,'10.127.24.140','2018-03-19 06:23:38'),(2192,2,'2018-03-19',6,7,'宋加欢','部门领用出现stock transaction and stock location:Mismatc','产品未设置标重',6,NULL,12,'10.127.24.140','2018-03-19 08:01:47'),(2193,2,'2018-03-19',6,7,'宋加欢','增加SS权限：FMP09000、FMP091000（宋加欢、戴启斌）','SS',6,NULL,12,'10.127.24.140','2018-03-19 08:04:29'),(2194,1,'2018-03-20',2,7,'李淑贤','物料采购单ss系统找不到','修改SS和SAP供应商税号和物料系统一致',1,NULL,12,'10.128.112.254','2018-03-20 02:53:40'),(2195,1,'2018-03-19',3,1,'魏小颖','FY02签呈批准不过去，报错供应商不存在','签呈退回，让申请人用chrome浏览器填写签呈',1,NULL,12,'10.128.112.254','2018-03-20 02:55:44'),(2196,2,'2018-03-20',4,3,'何彬','添加客户：宁波出入境检验检疫局','MDM、SS、SAP',6,NULL,12,'10.127.24.101','2018-03-20 03:36:43'),(2197,2,'2018-03-20',4,3,'王海洋','添加银行账号：浙龙物流','填写表格后发项目组',6,NULL,12,'10.127.24.101','2018-03-20 03:38:19'),(2198,2,'2018-03-20',3,1,'方琴','费用会计审批出错：公司代码[]未配置或配置的不存储不传输数据','浏览器问题,退回重新用谷歌浏览器提报',6,NULL,12,'10.127.24.101','2018-03-20 03:42:26'),(2199,1,'2018-03-20',2,7,'李淑贤','添加药品600000000127199','关于公司新增药品疫苗的正确流程 [论坛里有]',1,NULL,12,'10.128.112.254','2018-03-20 03:45:47'),(2200,1,'2018-03-20',3,7,'吕俊玲','修改上级为杨柳','OA人事',1,NULL,12,'10.128.112.254','2018-03-20 03:57:07'),(2201,1,'2018-03-20',4,3,'张志强','修改供应商北京安吉恒信汽车租赁有限责任公司银行账号','MDM：GBM16000，MDM04100',7,NULL,12,'10.128.113.227','2018-04-02 05:37:28'),(2202,2,'2018-03-20',3,5,'汪根海','删除提报签呈','流程干预退回提报人删除',6,NULL,12,'10.127.24.101','2018-03-20 07:44:39'),(2203,1,'2018-03-21',4,7,'何平','OA报销银行不是中国银行','SAP删除北京银行，只留中国银行',1,NULL,12,'10.128.112.254','2018-03-21 00:50:02'),(2204,1,'2018-03-21',4,7,'何雪琴','919928北京市正大慈善基金会扩展成客户','SAP扩展客户',1,NULL,12,'10.128.112.254','2018-03-21 01:09:12'),(2205,1,'2018-03-21',2,1,'冯渊','作废211646、10005260、10005423、211168采购单','SS-总账',1,NULL,12,'10.128.112.254','2018-03-21 01:20:37'),(2206,1,'2018-03-21',3,5,'刘小二','退回QC-2018031066签呈到申请人','OA流程干预',1,NULL,12,'10.128.112.254','2018-03-21 01:42:47'),(2207,1,'2018-03-18',7,1,'赵琴琴','无法确认进鸡计划','提交IA',3,NULL,11,'10.128.114.126','2018-03-21 02:13:35'),(2208,1,'2018-03-20',7,1,'赵琴琴','无法导入饲养信息','提交IA',3,NULL,12,'10.128.114.126','2018-03-21 02:21:32'),(2209,1,'2018-03-21',1,2,'张力','添加客户：北京长升乐有机果品产销专业合作社','MDM、SS、SAP',7,NULL,12,'10.128.113.132','2018-03-21 02:51:21'),(2210,1,'2018-03-21',1,5,'赵伟','登陆不上SS系统','账号用CTXNPGzhaow登陆',7,NULL,12,'10.128.113.132','2018-03-21 02:53:17'),(2211,2,'2018-03-21',4,7,'何彬','增加信用额：佳美西饼屋','填写表格后发项目组',6,NULL,12,'10.127.24.92','2018-03-21 03:15:34'),(2212,2,'2018-03-21',3,1,'宋银灵','OA上行程签呈费用会计批准后SAP无记录','退回费用会计，换谷歌浏览器重新审批',6,NULL,12,'10.127.24.92','2018-03-21 03:18:27'),(2213,2,'2018-03-21',4,5,'宋银灵','OA上费用会计审批后SAP生成付款单搜不到对应单子','费用会计填写错误，生成的凭证无应付科目，故无法生成付款单，冲销重做',6,NULL,12,'10.127.24.92','2018-03-21 03:25:09'),(2214,2,'2018-03-21',1,7,'魏宗秀','开立销售发货单后在SAP信审搜不到','SS/FARM客户编码和SAP客户编码对照错误，提交项目组修改',6,NULL,12,'10.127.24.92','2018-03-21 03:32:26'),(2215,2,'2018-03-21',6,7,'邝昭','生产计划选不到50218006产品','修改产品系统为F50021201',6,NULL,12,'10.127.24.92','2018-03-21 04:28:51'),(2216,2,'2018-03-21',4,7,'刘勋','SAP增加员工及银行账号','填写表格后发项目组',6,NULL,12,'10.127.24.92','2018-03-21 04:30:37'),(2217,1,'2018-03-21',4,7,'彭艳楠','OA银行帐号变成了北京银行，原来是中国银行','SAP设置中国银行位默认银行',1,NULL,12,'10.128.112.254','2018-03-21 07:10:07'),(2218,2,'2018-03-21',3,5,'刘勋','流程删除：FY01_1-20180300248','流程干预退回提报人删除',6,NULL,12,'10.127.24.92','2018-03-21 07:53:03'),(2219,1,'2018-03-21',4,5,'何雪琴','10008545供应商解冻调账，完成后在冻结。','联系SAP操作',1,NULL,12,'10.128.112.254','2018-03-21 08:40:35'),(2220,1,'2018-03-22',7,7,'肖婧','做进鸡计划找不到910351供应商','SS系统GBM15000,16000,17000,20000按照210831配置',1,NULL,12,'10.128.112.254','2018-03-22 00:42:44'),(2221,1,'2018-03-22',4,7,'张晓磊','供应商霍曼（北京）贸易有限公司变更税号','MDM、SS、SAP',1,NULL,12,'10.128.112.254','2018-03-22 02:39:27'),(2222,2,'2018-03-22',6,7,'顾丽敏','日结日期超前','修改日结票据日期',6,NULL,12,'10.127.24.84','2018-03-22 02:44:01'),(2223,2,'2018-03-22',1,5,'魏宗秀','取消50发货单：501803Q0578','SS',6,NULL,12,'10.127.24.84','2018-03-22 02:45:11'),(2224,2,'2018-03-22',6,7,'郭李悬','增加SS权限：SLP10000、SLP10010','SS',6,NULL,12,'10.127.24.84','2018-03-22 06:48:30'),(2225,2,'2018-03-22',4,7,'王储君','重新增加银行账号：李斌、陈新新、代芳','填写表格后发项目组，ZBP002设置默认账号',6,NULL,12,'10.127.24.84','2018-03-22 06:58:20'),(2226,1,'2018-03-22',4,7,'马仁涛','新增供应商','MDM设定审核SAP扩展',2,NULL,12,'10.128.114.7','2018-03-22 07:58:47'),(2227,1,'2018-03-22',3,7,'刘琴','新建签呈：PG36-不合格项目控制及处理报告','OA新建流程',1,NULL,12,'10.128.112.254','2018-03-22 09:01:09'),(2228,2,'2018-03-23',4,3,'林倩','添加客户：家乐福天山店','MDM、SS、SAP',6,NULL,12,'10.127.24.183','2018-03-23 01:10:47'),(2229,2,'2018-03-23',7,1,'王海洋','324Q饲料编码丢失','SS GBM29000重新保存',6,NULL,12,'10.127.24.183','2018-03-23 01:14:38'),(2230,2,'2018-03-23',4,7,'应缘','增加银行账号：浙江绿色时代供应链','MDM添加后发项目组审核',6,NULL,12,'10.127.24.183','2018-03-23 01:41:28'),(2231,1,'2018-03-23',1,5,'李红宇','删除退货单：RS1803D000006','SS-SRU01000',1,NULL,12,'10.128.112.254','2018-03-23 02:26:55'),(2232,1,'2018-03-23',1,1,'马红峪','50201061产品库存与订单分配时显示的库存余额不符','提交IA解决',7,NULL,12,'10.128.115.127','2018-03-23 03:55:11'),(2233,1,'2018-03-23',9,5,'黄佩臣','无法登陆SS系统','远程登陆SS系统时，用户名用CTXNPGSS账号',7,NULL,12,'10.128.115.127','2018-03-23 03:57:36'),(2234,1,'2018-03-23',1,3,'彭艳楠','910202客户添加液蛋事业线','SS-GBM17000、GBM18000、DCM06000',7,NULL,12,'10.128.115.127','2018-03-23 04:05:52'),(2235,2,'2018-03-23',1,1,'魏宗秀','SS开单后在SAP信审搜不到','程序问题，销售数据未发送至SAP，提交程序员解决',6,NULL,12,'10.127.24.183','2018-03-23 04:50:54'),(2236,2,'2018-03-23',4,3,'徐鹏科','添加供应商：龚万丽、方新','MDM、SS、SAP',6,NULL,12,'10.127.24.183','2018-03-23 04:53:05'),(2237,2,'2018-03-23',1,7,'魏宗秀','修改客户销售员关联','SS',6,NULL,12,'10.127.24.183','2018-03-23 05:22:39'),(2238,1,'2018-03-23',4,3,'李淑贤','修改供应商10005307的银行账号','MDM、SAP',7,NULL,12,'10.128.115.127','2018-03-23 05:35:18'),(2239,2,'2018-03-23',4,3,'王园园','添加客户：农行慈溪支行','MDM、SS、SAP',6,NULL,12,'10.127.24.183','2018-03-23 06:18:53'),(2240,1,'2018-03-23',3,7,'李康','修改黄玉婷直接上级主管白洁','OA-人事',1,NULL,12,'10.128.112.254','2018-03-23 06:57:28'),(2241,2,'2018-03-23',4,3,'韩凯','添加客户：福建光阳蛋业','MDM、SS、SAP',6,NULL,12,'10.127.24.183','2018-03-23 09:01:25'),(2242,2,'2018-03-24',1,7,'王储君','修改客户销售员关联','SS',6,NULL,12,'10.127.24.39','2018-03-24 02:36:54'),(2243,2,'2018-03-24',4,3,'方琴','添加供应商：供电公司、移动公司、自来水公司、公积金中心、国家金库','MDM、SS、SAP',6,NULL,12,'10.127.24.39','2018-03-24 04:36:41'),(2244,2,'2018-03-24',4,3,'王园园','添加客户：慈溪市财政局','MDM、SS、SAP',6,NULL,12,'10.127.24.39','2018-03-24 06:40:59'),(2245,2,'2018-03-25',4,3,'徐鹏科','添加供应商：广东温氏大华农','MDM、SS、SAP',6,NULL,12,'10.127.24.20','2018-03-25 08:39:45'),(2246,2,'2018-03-25',7,3,'徐鹏科','农场找不到物料系统发送的采购申请单','物料系统用了新编码，从MDM发送到SS',6,NULL,12,'10.127.24.20','2018-03-25 08:41:54'),(2247,2,'2018-03-25',1,7,'魏宗秀','添加客户发货仓：DD850014','SS',6,NULL,12,'10.127.24.20','2018-03-25 08:45:19'),(2248,1,'2018-03-25',1,2,'刘艳霞','北京利星行酒店有限公司望京分公司开户','MDM、SS、SAP',3,NULL,12,'10.128.115.244','2018-03-25 09:22:24'),(2249,1,'2018-03-26',1,7,'魏小颖','BJ613002 改为社区店，BJ10100469改为LKA-区域性重点客户','SS,GBM16000修改',1,NULL,13,'10.128.112.254','2018-03-26 02:02:55'),(2250,1,'2018-03-26',3,5,'张晓磊','付款计划-2018030257退回申请人','OA-流程干预',1,NULL,13,'10.128.112.254','2018-03-26 02:29:52'),(2251,1,'2018-03-26',7,5,'肖婧','想重新打印18年1月份的42单据，原单据丢失','已经结转无法打印，联系IA秦培给发了一个42单的截图作为凭证',1,NULL,13,'10.128.112.254','2018-03-26 03:41:05'),(2252,1,'2018-03-26',4,7,'贾豪磊','维护供应商：三河市杰通昊达货运信息服务部（SS系统已经存在，不要在MDM系统在发送0128）','MDM SAP，处理完联系SAP李立磊修改SS/FARM编号成SS编号',1,NULL,13,'10.128.112.254','2018-03-26 04:22:31'),(2253,1,'2018-03-26',3,7,'杨林峰','OA账号开户','OA添加账号',7,NULL,13,'10.128.113.156','2018-03-26 07:06:31'),(2254,1,'2018-03-26',9,7,'黄贺群','液蛋厂半成品入库提示文件日期超前','SS-GBM44800修改A302  61单最后记录日期',7,NULL,13,'10.128.113.156','2018-03-26 07:09:43'),(2255,1,'2018-03-26',4,3,'李淑贤','天津生机集团股份有限公司-供应商开户','MDM-GBM16000、MDM04000、MDM04100',7,NULL,13,'10.128.113.156','2018-04-02 05:35:39'),(2256,1,'2018-03-26',4,3,'秦鹏飞','北京金鑫国华农机有限责任公司-供应商开户','MDM、SAP',7,NULL,13,'10.128.113.156','2018-04-02 05:37:08'),(2257,1,'2018-03-26',5,7,'王玉','GBM95000维护原料筒仓设定','GBM95000根据原料组设定成分对应的筒仓',2,NULL,13,'10.128.114.7','2018-03-26 07:14:52'),(2258,1,'2018-03-26',4,3,'李淑贤','武汉新华星动物保健连锁服务有限公司-供应商开户','MDM-GBM16000、MDM04000、MDM04100',7,NULL,13,'10.128.113.156','2018-04-02 05:35:41'),(2259,1,'2018-03-26',2,7,'李淑贤','四家供应商，四种药品物料采购单号农场没有','BBS里有解决办法',1,NULL,13,'10.128.112.254','2018-03-26 08:56:27'),(2260,2,'2018-03-26',3,7,'汤飘','添加OA账号：汤飘','OA',6,NULL,13,'10.127.24.20','2018-03-26 09:52:24'),(2261,2,'2018-03-26',4,3,'徐鹏科','添加供应商：宁波东得净水科技','MDM、SS、SAP',6,NULL,13,'10.127.24.20','2018-03-26 09:53:50'),(2262,2,'2018-03-26',4,7,'徐鹏科','添加供应商银行账号：先信稻谷加工厂、余姚一可','填表发项目组增加',6,NULL,13,'10.127.24.20','2018-03-26 09:55:28'),(2263,2,'2018-03-26',6,7,'吴宝川','增加产品：50201075','MDM增加后发IA审核，SS增加装箱标准',6,NULL,13,'10.127.24.20','2018-04-02 05:39:52'),(2264,2,'2018-03-27',6,7,'吴宝川','添加产品：50201076','MDM增加后发IA审核，SS增加装箱标准',6,NULL,13,'10.127.24.235','2018-03-27 00:49:44'),(2265,1,'2018-03-27',3,1,'赵淑云','sap维护过供应商，OA不显示银行帐号','使用chrome浏览器即可！',1,NULL,13,'10.128.112.254','2018-03-27 02:28:33'),(2266,2,'2018-03-27',7,1,'王欣楠','农场药品疫苗入库出错，供应商丢失','SS GBM15000 Modify Name',6,NULL,13,'10.127.24.235','2018-03-27 02:55:29'),(2267,1,'2018-03-27',3,5,'马云霞','PG26-蛋业设计稿签样申请 - PG26-2018030025附件太大，退回申请人','OA-强制回收',1,NULL,13,'10.128.112.254','2018-03-27 03:46:51'),(2268,1,'2018-03-27',4,7,'杜雪松','sap添加10000100，小就该SS/FARM为210771，停用10003026','MDM、SS、SAP、需要李立磊配合',1,NULL,13,'10.128.112.254','2018-03-27 06:12:22'),(2269,2,'2018-03-27',4,7,'王储君','添加客户：牛吃草南裕店、宁波大学店、北仑店','MDM、SS、SAP',6,NULL,13,'10.127.24.235','2018-03-27 06:37:26'),(2270,2,'2018-03-27',6,7,'郭李悬','选蛋厂包材入库找不到物料发送过来的采购申请单','ITM01200做编码对应',6,NULL,13,'10.127.24.235','2018-03-27 07:15:34'),(2271,1,'2018-03-27',8,5,'王小跃','删除62单子','SS删单据',3,NULL,13,'10.128.114.70','2018-03-27 08:00:43'),(2272,1,'2018-03-28',9,1,'黄贺群','000000000006239包材日结数量与WM-pp01不等','OA提交IA处理',1,NULL,13,'10.128.112.254','2018-03-28 00:34:11'),(2273,1,'2018-03-28',5,1,'刘枫','二磅入库需要点击两次库位才能选择','OA提交IA，程序员更新程序解决',1,NULL,13,'10.128.112.254','2018-03-28 00:36:00'),(2274,2,'2018-03-28',7,1,'徐鹏科','农场入库看不到物料系统发送的采购申请单','GBM29000modify、GBM15000、GBM16000、GBM20000重新保存',6,NULL,13,'10.127.24.60','2018-03-28 00:45:09'),(2275,2,'2018-03-28',4,3,'徐鹏科','添加供应商：上海酌凯环保设备有限公司','MDM、SS、SAP',6,NULL,13,'10.127.24.60','2018-03-28 01:01:10'),(2276,2,'2018-03-28',4,3,'徐鹏科','添加银行账号：10028422、10023891、10023934、10024085等','MDM、SS、SAP',6,NULL,13,'10.127.24.60','2018-03-28 01:03:45'),(2277,1,'2018-03-28',1,3,'刘阳','家乐福调扣点','SS-GBM17000',7,NULL,13,'10.128.114.183','2018-03-28 01:03:54'),(2278,2,'2018-03-28',6,7,'刘静','SS增加包材物料','MDM ITGB0100从物料系统接收后发送到选蛋厂，再在ITM01200做对应',6,NULL,13,'10.127.24.60','2018-03-28 01:15:20'),(2279,1,'2018-03-27',1,7,'马红峪','调整B702  64单据票据顺序号','SS-GBM44800',7,NULL,13,'10.128.114.183','2018-03-28 02:14:38'),(2280,1,'2018-03-27',1,7,'马红峪','调整B102  64单据票据顺序号','SS-GBM44800',7,NULL,13,'10.128.114.183','2018-03-28 02:15:41'),(2281,1,'2018-03-27',1,7,'马仁涛','BJ305015要求发货单显示价格','SS系统选蛋模块，恢复原状->设定信息文件->SLP10000,将该客户所对应的通路去掉',7,NULL,13,'10.128.114.183','2018-03-28 02:20:49'),(2282,2,'2018-03-28',6,5,'顾丽敏','修改日结票据日期','SS修改票据顺序号日期',6,NULL,13,'10.127.24.60','2018-03-28 02:23:44'),(2283,2,'2018-03-28',4,7,'陈川','添加银行账号：慈溪市瑞智广告有限公司','MDM添加后发项目组审核',6,NULL,13,'10.127.24.60','2018-03-28 02:25:10'),(2284,2,'2018-03-28',7,7,'徐鹏科','药品无法入库','农场供应商丢失，GBM15000 modify',6,NULL,13,'10.127.24.60','2018-03-28 02:26:22'),(2285,1,'2018-03-28',4,7,'张铭容','SAP添加员工信息','发送员工信息表给SAP邮箱，联系李立磊添加',7,NULL,13,'10.128.114.183','2018-03-28 02:29:38'),(2286,1,'2018-03-28',3,5,'邓君平','FY02_1-20180302806签呈选错财务经理','OA 流程干预',1,NULL,13,'10.128.112.254','2018-03-28 04:08:43'),(2287,1,'2018-03-28',4,7,'彭艳楠','修改于海洋默认银行账户为中国银行','SAP修改',1,NULL,13,'10.128.112.254','2018-03-28 03:18:36'),(2288,2,'2018-03-28',6,7,'宋加欢','增加SS权限：FMP13300','SS',6,NULL,13,'10.127.24.60','2018-03-28 03:43:15'),(2289,1,'2018-03-28',3,7,'刘翔鹤','直接上级修改成孟宪伟','OA-人事',1,NULL,13,'10.128.112.254','2018-03-28 03:53:13'),(2290,1,'2018-03-28',7,7,'刘永银','开通农场帐号20420，20421，20422','FARM-adm',1,NULL,13,'10.128.112.254','2018-03-28 05:19:04'),(2291,1,'2018-03-28',4,7,'张宁','修改中国银行位默认银行卡','SAP-ZBP002',1,NULL,13,'10.128.112.254','2018-03-28 05:43:08'),(2292,1,'2018-03-28',4,7,'邓君平','修改中国银行位默认银行','SAP-ZBP002',1,NULL,13,'10.128.112.254','2018-03-28 05:46:06'),(2293,1,'2018-03-28',3,7,'王庆龙','修改OA报销单中默认银行','SAP-ZBP002',7,NULL,13,'10.128.114.183','2018-03-28 07:21:36'),(2294,1,'2018-03-28',1,3,'于海洋','修改客户10006398的收货人信息','SS-GBM15000',7,NULL,13,'10.128.114.183','2018-03-28 07:31:47'),(2295,1,'2018-03-28',1,7,'于海洋','修改客户TJ301001的业务员','SS-GBM23100',7,NULL,13,'10.128.114.183','2018-03-28 07:32:48'),(2296,1,'2018-03-28',5,7,'贾豪磊','18808磷酸氢钙改成 一吨每包','SS-GBM29000',1,NULL,13,'10.128.112.254','2018-03-28 08:10:03'),(2297,1,'2018-03-29',4,3,'秦鹏飞','扩展供应商：北京惠尔美特科技有限公司','SAP',1,NULL,13,'10.128.112.254','2018-03-29 03:00:50'),(2298,1,'2018-03-29',4,7,'李益如','修改中国银行为默认银行','SAP-ZBP002',7,NULL,13,'10.128.115.79','2018-03-29 03:21:03'),(2299,2,'2018-03-29',4,7,'崔进争','添加银行账号：崔进争','添加后设置默认账号',6,NULL,13,'10.127.24.113','2018-03-29 03:48:09'),(2300,2,'2018-03-29',1,7,'刘翔鹤','SS增加销售部门','GBM03100增加',6,NULL,13,'10.127.24.113','2018-03-29 03:49:35'),(2301,2,'2018-03-29',3,7,'张帆','更改流程设置，打印流转意见（CX03、CX10、CX17）','路径设置->流转设置->节点信息->表单内容',6,NULL,13,'10.127.24.113','2018-03-29 03:53:15'),(2302,2,'2018-03-29',4,7,'宋银灵','增加SAP权限(宋银灵、阮央吉)','提交项目组增加',6,NULL,13,'10.127.24.113','2018-03-29 03:56:08'),(2303,2,'2018-03-29',4,3,'徐鹏科','修改税号：宁波经济技术开发区龙工机械有限公司','MDM、SS、SAP',6,NULL,13,'10.127.24.113','2018-03-29 04:40:43'),(2304,2,'2018-03-29',4,3,'徐鹏科','修改供应商名称：	 宁波市镇海城关镇后施农机服务站','MDM、SS、SAP',6,NULL,13,'10.127.24.113','2018-03-29 04:41:32'),(2305,1,'2018-03-29',1,2,'黄玉婷','客户开户：上海阿飞食品有限公司','MDM、SS、SAP',7,NULL,13,'10.128.115.79','2018-03-29 07:48:31'),(2306,1,'2018-03-29',1,2,'谭小宇','客户开户：北京美味百联商贸有限公司','MDM、SS、SAP',7,NULL,13,'10.128.115.79','2018-03-29 07:49:24'),(2307,1,'2018-03-29',1,3,'谭小宇','客户信息变更（税号、客户通路、执行价格）：北京新安雁翎商贸有限公司','MDM、SS、SAP',7,NULL,13,'10.128.115.79','2018-03-29 07:53:32'),(2308,2,'2018-03-29',4,3,'徐鹏科','供应商开户：宁波唯伊广告有限公司','MDM、SS、SAP',6,NULL,13,'10.127.24.113','2018-03-29 08:34:25'),(2309,1,'2018-03-30',3,7,'胡海杰','OA密码规则改变成6位且必须有特殊字符，使用周期为90天，必须修改密码','OA-账户安全',1,NULL,13,'10.128.112.254','2018-03-30 00:38:54'),(2310,1,'2018-03-30',4,7,'魏小颖','修改吕俊玲默认银行信息','sap-zbp002',1,NULL,13,'10.128.112.254','2018-03-30 03:04:39'),(2311,1,'2018-03-30',5,7,'贾豪磊','91002修改规格1200kg','ss-gbm29000',1,NULL,13,'10.128.112.254','2018-03-30 06:02:11'),(2312,1,'2018-03-30',3,5,'朱磊','PG04-2018030266退回到申请人','OA-流程干预',1,NULL,13,'10.128.112.254','2018-03-30 06:16:28'),(2313,1,'2018-03-30',4,7,'杜雪松','北京华盛保洁服务有限公司维护银行信息','SAP',1,NULL,13,'10.128.112.254','2018-03-30 07:07:45'),(2314,2,'2018-03-31',4,3,'毛思远','添加供应商：瑞知广告','MDM、SS、SAP',6,NULL,13,'10.127.24.103','2018-03-31 06:57:47'),(2315,2,'2018-03-31',4,3,'何彬','添加客户：多喜乐烘焙坊','MDM、SS、SAP',6,NULL,13,'10.127.24.103','2018-03-31 06:59:30'),(2316,2,'2018-03-31',4,3,'戚德松','添加客户：宁波市鄞州潘火朱汪胡小吃店','MDM、SS、SAP',6,NULL,13,'10.127.24.103','2018-03-31 07:00:02'),(2317,2,'2018-03-31',4,3,'刘静','添加供应商：宁波想有贸易有限公司','MDM、SS、SAP',6,NULL,13,'10.127.24.103','2018-03-31 07:00:58'),(2318,2,'2018-03-31',3,5,'于超防','流程删除：领用审批单-2018030033','流程干预退回提报人删除',6,NULL,13,'10.127.24.103','2018-03-31 07:02:54'),(2319,2,'2018-03-31',1,7,'王储君','开立销售发货单找不到客户','GBM17000添加',6,NULL,13,'10.127.24.103','2018-03-31 07:05:16'),(2320,2,'2018-03-31',4,7,'方琴','SAP物料主数据不存在：50218007','MDM修改产品系列FF610000000000后，联系IA审核，重发到SAP',6,NULL,13,'10.127.24.103','2018-03-31 07:07:59'),(2321,2,'2018-03-31',4,3,'韩凯','添加客户：希杰富乐味（青岛）商贸有限公司','MDM、SS、SAP',6,NULL,13,'10.127.24.103','2018-03-31 09:03:29'),(2322,1,'2018-03-31',1,5,'梁英','永辉开立订单信审找不到','赊销客户信审自动过，赠品SS需要审',2,NULL,13,'10.128.114.7','2018-03-31 10:04:25'),(2323,1,'2018-04-01',2,5,'冯渊','取消供应商科飞祥华（211646）采购单','SS-总账',1,NULL,13,'10.128.112.254','2018-04-01 00:21:52'),(2324,1,'2018-04-01',1,7,'邓君平','平安互联增加8.6%的销售佣金','GBM17000设置商业税点',2,NULL,13,'10.128.114.7','2018-04-01 00:59:51'),(2325,1,'2018-04-01',1,7,'魏小颖','10041622和BJ619003修改客户分类','SS-GBM16000修改',1,NULL,13,'10.128.112.254','2018-04-01 07:40:59'),(2326,1,'2018-04-02',4,7,'杜雪松','供应商	 北京京粮渔阳粮油贸易有限公司添加银行信息','SAP-ZFI074',7,NULL,14,'10.128.114.48','2018-04-02 00:31:34'),(2327,1,'2018-04-02',4,7,'徐笑','SAP添加员工信息','SAP-ZFI074',7,NULL,14,'10.128.114.48','2018-04-02 00:32:32'),(2328,1,'2018-04-02',4,3,'秦鹏飞','供应商：10005466老税号变更新税号（ss和sap）','MDM、SS、SAP',1,NULL,14,'10.128.112.254','2018-04-02 05:33:15'),(2329,2,'2018-04-02',4,3,'刘静','添加供应商：苏州宏昌包装材料有限公司','MDM、SS、SAP',6,NULL,14,'10.127.24.163','2018-04-02 01:14:54'),(2330,2,'2018-04-02',1,7,'宋加欢','增加SS权限：DCI01000','SS',6,NULL,14,'10.127.24.163','2018-04-02 01:15:49'),(2331,2,'2018-04-02',1,7,'魏宗秀','取朋65调拨单：651804R0001','STM44000恢复审核，STM14000取消',6,NULL,14,'10.127.24.163','2018-04-02 01:17:37'),(2332,2,'2018-04-02',1,7,'张帆','修改客户通路：上海朕贤、北京蛋业','GBM16000 Modify',6,NULL,14,'10.127.24.163','2018-04-02 01:21:02'),(2333,1,'2018-04-02',3,7,'胡海杰','PG07供应商和员工流程添加或者修改复杂繁琐','添加控制字段，根据行为判断必填字段，简化流程，合并PG35流程到PG07',1,NULL,14,'10.128.112.254','2018-04-02 01:33:06'),(2334,1,'2018-04-02',4,7,'杜雪松','修改供应商919999默认银行','SAP-ZBP002',1,NULL,14,'10.128.112.254','2018-04-02 01:50:41'),(2335,2,'2018-04-02',4,3,'韩凯','添加客户：浙江新美心食品工业有限公司','MDM、SS、SAP',6,NULL,14,'10.127.24.163','2018-04-02 02:18:25'),(2336,2,'2018-04-02',4,3,'于超防','添加供应商：慈溪市环城五交化有限公司','MDM、SS、SAP',6,NULL,14,'10.127.24.163','2018-04-02 02:19:28'),(2337,2,'2018-04-02',4,3,'陈川','添加供应商：浙江广播电视集团','MDM添加后，SAP增加银行账号',6,NULL,14,'10.127.24.163','2018-04-02 03:50:33'),(2338,2,'2018-04-02',6,1,'刘静','SAP发票校验找不到对应的采购','1月上线时系统问题，采购未从SS发送到SAP，财务手工补凭证',6,NULL,14,'10.127.24.163','2018-04-02 04:41:29'),(2339,1,'2018-04-02',4,3,'冯渊','添加供应商：天津沼宇包装材料有限公司','MDM、SS、SAP',1,NULL,14,'10.128.112.254','2018-04-02 05:32:44'),(2340,1,'2018-04-02',9,7,'黄贺群','添加SS账号','SS',7,NULL,14,'10.128.114.48','2018-04-02 05:42:43'),(2341,1,'2018-04-02',4,7,'魏小颖','HRHR248754 设置默认银行','SAP-ZBP002',1,NULL,14,'10.128.112.254','2018-04-02 07:14:14'),(2342,1,'2018-04-02',4,7,'冯渊','天津兴阳包装有限责任公司，供应商开户','MDM、SAP',7,NULL,14,'10.128.114.48','2018-04-02 07:31:13'),(2343,1,'2018-04-02',9,5,'黄贺群','删除生产领料单','SS',7,NULL,14,'10.128.114.48','2018-04-02 08:51:09'),(2344,1,'2018-04-02',1,2,'李小静','客户开户：万意嘉超市','MDM、SS、SAP',1,NULL,14,'10.128.112.254','2018-04-02 09:07:02'),(2345,1,'2018-04-03',4,3,'张晓磊','修改供应商	 水木清环（北京）环保咨询有限公司税号、银行信息','MDM、SAP',7,NULL,14,'10.128.114.197','2018-04-03 00:53:17'),(2346,1,'2018-04-03',1,7,'马红峪','修改销售员王刚（平谷）的销售主管位赵帅','SS-GBM22000',1,NULL,14,'10.128.112.254','2018-04-03 01:10:44'),(2347,1,'2018-04-03',1,1,'刘小二','51000240八托WM和SS库存余额不符，按照日期查就相等','OA提交IA查询！',1,NULL,14,'10.128.112.254','2018-04-03 01:11:51'),(2348,1,'2018-04-03',4,3,'秦鹏飞','供应商	 华强中天流体设备（北京）有限公司开户','MDM、SAP',7,NULL,14,'10.128.114.197','2018-04-03 01:34:16'),(2349,1,'2018-04-03',4,3,'李淑贤','修改供应商	 山东大明消毒科技有限公司银行账号','SAP',7,NULL,14,'10.128.114.197','2018-04-03 01:37:00'),(2350,2,'2018-04-03',3,7,'卢晶晶','添加OA账号：卢晶晶','OA增加',6,NULL,14,'10.127.24.67','2018-04-03 02:08:00'),(2351,2,'2018-04-03',3,7,'马益益','添加OA账号：马益益','OA增加',6,NULL,14,'10.127.24.67','2018-04-03 02:08:34'),(2352,2,'2018-04-03',1,7,'王园园','新加客户每日销售分析不显示销售数据','MDM里添加客户时对应的CV组是新编码，在SS GBM16000改成旧编码',6,NULL,14,'10.127.24.67','2018-04-03 05:29:00'),(2353,1,'2018-04-03',4,7,'张宁','修改默认银行帐号','SAP-ZBP002',1,NULL,14,'10.128.112.254','2018-04-03 08:21:08'),(2354,2,'2018-04-03',7,1,'徐鹏科','农场入库看不到物料系统发送的采购申请单','农场供应商丢失，GBM15000 modify',6,NULL,14,'10.127.24.67','2018-04-03 08:29:09'),(2355,2,'2018-04-03',4,7,'汤飘','设置默认银行账号：北京蛋业','SAP',6,NULL,14,'10.127.24.67','2018-04-03 08:40:18'),(2356,1,'2018-04-03',1,7,'李建秋','10042530客户开通深加工、SS、SAP权限','SS-GBM17000、GBM18000、DCM06000',7,NULL,14,'10.128.114.197','2018-04-03 08:41:00'),(2357,2,'2018-04-03',1,5,'林倩','取消50发货单：501804Q0061','SS取消',6,NULL,14,'10.127.24.67','2018-04-03 08:45:29'),(2358,1,'2018-04-04',1,7,'刘阳','GBM36100审核产品促销价格，没有审核确认权限','SS-GBM04000中将用户级别修改为“High”',7,NULL,14,'10.128.115.79','2018-04-04 00:42:03'),(2359,1,'2018-04-04',4,7,'刘阳','SAP无法打印','SAP，选择“系统->用户参数文件->个人数据”，选择“缺省值”页签，将“假脱机控制->输出设备”项',7,NULL,14,'10.128.115.79','2018-04-04 00:44:10'),(2360,2,'2018-04-04',6,3,'吴宝川','添加产品：50215002','MDM添加后发项目组审核',6,NULL,14,'10.127.24.103','2018-04-04 05:20:10'),(2361,1,'2018-04-04',3,7,'胡海杰','PG07供应商添加流程在提交节点没有退回功能','添加出口控制，模拟退回功能',1,NULL,14,'10.128.112.254','2018-04-04 08:08:55'),(2362,1,'2018-04-07',1,2,'刘嘉丽','客户开户：	\r\n秦皇岛焙嘉米司食品有限公司','MDM、SS、SAP',1,NULL,14,'10.128.112.254','2018-04-09 01:42:30'),(2363,1,'2018-04-07',4,2,'朱顺','维护银行信息','SAP维护银行数据',3,NULL,14,'10.128.113.93','2018-04-07 02:54:41'),(2364,2,'2018-04-08',4,3,'于超防','添加供应商：宁波华昌工程管理咨询有限公司','MDM、SS、SAP',6,NULL,14,'10.127.24.202','2018-04-08 01:55:36'),(2365,2,'2018-04-08',4,3,'宋红杰','添加客户：浙江人本超市','MDM、SS、SAP',6,NULL,14,'10.127.24.202','2018-04-08 03:24:52'),(2366,2,'2018-04-08',6,7,'王园园','增加SS权限：STM44000','SS',6,NULL,14,'10.127.24.202','2018-04-08 05:16:03'),(2367,2,'2018-04-08',4,3,'徐鹏科','设置默认银行账号：上海正诚','SAP',6,NULL,14,'10.127.24.202','2018-04-08 06:16:37'),(2368,2,'2018-04-08',3,7,'方佳利','添加OA账号：方佳利','OA增加',6,NULL,14,'10.127.24.202','2018-04-08 06:56:19'),(2369,2,'2018-04-08',1,5,'魏宗秀','取消50发货单：501804Q0209','SS取消',6,NULL,14,'10.127.24.202','2018-04-08 07:37:30'),(2370,1,'2018-04-08',3,7,'王庆龙','改上级主管','OA人事编辑',3,NULL,14,'10.128.114.28','2018-04-09 00:49:40'),(2371,1,'2018-04-09',4,2,'刘嘉丽','秦皇岛焙嘉米司食品有限公司文化路分公司 客户开户','MDM、SS',7,NULL,15,'10.128.114.23','2018-04-09 02:59:22'),(2372,1,'2018-04-09',4,2,'马红峪','江苏佳之家食品有限公司 客户开户','MDM、SS',7,NULL,15,'10.128.114.23','2018-04-09 03:00:07'),(2373,2,'2018-04-09',4,3,'何彬','添加客户：宁波大发化纤','MDM、SS、SAP',6,NULL,15,'10.127.24.211','2018-04-09 03:04:37'),(2374,2,'2018-04-09',4,3,'李斌','添加客户：上海家尧实业','MDM、SS、SAP',6,NULL,15,'10.127.24.211','2018-04-09 03:05:19'),(2375,1,'2018-04-09',2,5,'何雪琴','SS密码忘记','SS初始化密码',1,NULL,15,'10.128.112.254','2018-04-09 03:22:56'),(2376,1,'2018-04-09',2,7,'冯渊','000000000142945采购不能入库','600000000142945和000000000142945做对应',1,NULL,15,'10.128.112.254','2018-04-09 04:27:57'),(2377,2,'2018-04-09',3,7,'徐凌峰','添加OA账号：徐凌峰','OA增加',6,NULL,15,'10.127.24.211','2018-04-09 05:53:42'),(2378,2,'2018-04-09',6,7,'王园园','增加SS权限：STM14000','SS',6,NULL,15,'10.127.24.211','2018-04-09 05:54:18'),(2379,1,'2018-04-09',3,5,'马仁涛','PG26-蛋业设计稿签样申请签呈贾立朋退回报错','退回设置设置成自由退回',1,NULL,15,'10.128.112.254','2018-04-09 06:02:40'),(2380,1,'2018-04-09',3,1,'魏小颖','FY02_1-20180300432（提交失败，单据已处理过）','联系总部OA处理',1,NULL,15,'10.128.112.254','2018-04-09 07:29:58'),(2381,2,'2018-04-09',1,1,'李杰','调拨对应车牌后状态仍显示安排送货路线，无法确认','删除调拨单，重开',6,NULL,15,'10.127.24.211','2018-04-09 07:32:58'),(2382,2,'2018-04-09',4,3,'戚德松','添加客户：牛吃草水街店','MDM、SS、SAP',6,NULL,15,'10.127.24.211','2018-04-09 07:49:48'),(2383,2,'2018-04-09',3,7,'韩凯','添加OA账号：任开峰','OA增加',6,NULL,15,'10.127.24.211','2018-04-09 08:09:45'),(2384,1,'2018-04-10',8,1,'梁丽艳','包材领用DPPP01没有','删除62单，重新下62单',1,NULL,15,'10.128.112.254','2018-04-10 01:35:02'),(2385,1,'2018-04-10',7,5,'肖倩','1月42单子丢失，无法重新打印','联系IA解决',1,NULL,15,'10.128.114.212','2018-04-10 03:39:33'),(2386,2,'2018-04-10',3,7,'卫文刚','OA销售类流程结束增加抄送财务、销管、计划','OA流转设置->节点信息修改',6,NULL,15,'10.127.24.231','2018-04-10 05:27:16'),(2387,2,'2018-04-10',6,5,'顾丽敏','修改日结票据日期','改至4月1日',6,NULL,15,'10.127.24.231','2018-04-10 05:28:05'),(2388,2,'2018-04-10',4,3,'姬会彬','添加供应商：梅里亚动物保健有限公司','MDM、SS、SAP',6,NULL,15,'10.127.24.231','2018-04-10 06:28:45'),(2389,2,'2018-04-10',3,7,'薛利英','添加OA账号：张国强','OA增加',6,NULL,15,'10.127.24.231','2018-04-10 07:12:34'),(2390,2,'2018-04-10',4,3,'姬会彬','添加供应商：正大联合动物制药','MDM、SS、SAP',6,NULL,15,'10.127.24.231','2018-04-10 07:14:17'),(2391,2,'2018-04-10',7,1,'姬会彬','药品疫苗入库看不到采购申请单','农场供应商、药品丢失，SS重新更新',6,NULL,15,'10.127.24.231','2018-04-10 07:44:38'),(2392,1,'2018-04-11',2,7,'冯渊','10042523采购无法导入ss系统','10042523添加GBM20000',1,NULL,15,'10.128.112.254','2018-04-11 02:35:48'),(2393,1,'2018-04-11',4,7,'杜雪松','添加供应商北京京粮隆庆贸易有限公司银行信息','SAP-银行主数据维护',1,NULL,15,'10.128.112.254','2018-04-11 04:00:51'),(2394,2,'2018-04-11',7,7,'王海洋','农场饲料编码全部丢失，无法入库','SS GBM29000重新保存',6,NULL,15,'10.127.24.92','2018-04-11 04:50:19'),(2395,2,'2018-04-11',4,7,'王园园','增加权限：ZSR_FI_203、ZSR_FI_205、ZSR_FI_206','提交项目组增加',6,NULL,15,'10.127.24.92','2018-04-11 06:00:06'),(2396,2,'2018-04-11',6,7,'于辛卉','增加SS权限：STI23000','GBM05000增加',6,NULL,15,'10.127.24.92','2018-04-11 06:01:10'),(2397,1,'2018-04-11',1,1,'杨雪梅','记录未来六个月产品的销售计划（FMM34200）导入报错','联系IA解决',1,NULL,15,'10.128.112.254','2018-04-11 06:44:57'),(2398,2,'2018-04-11',4,3,'韩凯','添加客户：慈溪市古塘小琪烘焙店','MDM、SS、SAP',6,NULL,15,'10.127.24.92','2018-04-11 07:02:10'),(2399,1,'2018-04-11',2,7,'杜雪松','液体氯化胆碱 原料代码92007，规格改成220KG/桶的','SS-GBM29000',1,NULL,15,'10.128.112.254','2018-04-11 08:56:58'),(2400,1,'2018-04-11',3,7,'刘伟','PG05-价格申请签呈表最后抄送订单组人员','OA-流程，节点操作',1,NULL,15,'10.128.112.254','2018-04-11 09:00:03'),(2401,2,'2018-04-12',4,3,'李斌','添加客户：北镇市柏汇农副产品贸易有限公司','MDM、SS、SAP',6,NULL,15,'10.127.24.183','2018-04-12 01:03:34'),(2402,2,'2018-04-12',1,5,'王储君','开销售单时提示没有价格','设价格时单位选了公斤，实际是按箱出',6,NULL,15,'10.127.24.183','2018-04-12 01:17:18'),(2403,2,'2018-04-12',4,3,'汤飘','添加员工及银行账号：宋晓军','MDM、SS、SAP',6,NULL,15,'10.127.24.183','2018-04-12 03:06:45'),(2404,2,'2018-04-12',4,3,'阮央吉','添加供应商：宁波均晟仓储设备有限公司','MDM、SS、SAP',6,NULL,15,'10.127.24.183','2018-04-12 03:07:32'),(2405,1,'2018-04-12',3,1,'郑帅','FY01_1-20180301224签呈错误','联系总部OA管理员解决',1,NULL,15,'10.128.112.254','2018-04-12 04:20:12'),(2406,1,'2018-04-12',1,1,'刘小二','64单据日期超前','SS GBM44800  GBM44I00',1,NULL,15,'10.128.112.254','2018-04-12 06:56:09'),(2407,1,'2018-04-12',3,7,'韩峥辉','慈溪要求修改CX32验收单内容变成可增加','OA-流程路径-表单处理，顺便把PG32也修改了',1,NULL,15,'10.128.112.254','2018-04-12 06:57:53'),(2408,2,'2018-04-12',4,3,'刘晓锐','添加员工及银行账号：刘晓锐','SAP',6,NULL,15,'10.127.24.183','2018-04-12 07:06:53'),(2409,2,'2018-04-12',4,3,'李小芝','添加员工及银行账号：李小芝','SAP',6,NULL,15,'10.127.24.183','2018-04-12 08:38:44'),(2410,2,'2018-04-12',7,1,'姬会彬','农场药品耗用找不到相应药品','SS GBM29000重新保存',6,NULL,15,'10.127.24.183','2018-04-12 08:40:02'),(2411,2,'2018-04-12',4,3,'章龙飞','添加客户：三江购物俱乐部股份有限公司','MDM、SS、SAP',6,NULL,15,'10.127.24.183','2018-04-12 08:54:27'),(2412,1,'2018-04-13',5,7,'杜雪松','黑龙江成福食品集团有限公司A23350添加到SS','SS-总账-上海服务器下载',1,NULL,15,'10.128.112.254','2018-04-13 02:10:00'),(2413,1,'2018-04-13',3,7,'杨关俊','上传个人电子签章','后台应用中心签章管理',2,NULL,15,'10.128.115.203','2018-04-13 05:02:46'),(2414,2,'2018-04-13',4,3,'汤飘','添加员工及银行账号：汤飘','SAP',6,NULL,15,'10.127.24.217','2018-04-13 05:35:27'),(2415,1,'2018-04-14',8,5,'孔庆敏','删除62单子','SS删单据',3,NULL,15,'10.128.113.214','2018-04-14 05:43:45'),(2416,2,'2018-04-16',6,7,'王园园','修改产品与产品结构链接：50201075、50215002','MDM修改后联系IA审核',6,NULL,16,'10.127.24.73','2018-04-16 00:48:40'),(2417,2,'2018-04-16',6,5,'顾丽敏','修改日结票据日期','SS',6,NULL,16,'10.127.24.73','2018-04-16 00:49:28'),(2418,1,'2018-04-16',5,7,'廉络','需要权限：STM01310  记录：蛋鸡饲料耗用数据','SS-权限',1,NULL,16,'10.128.112.254','2018-04-16 01:34:56'),(2419,2,'2018-04-16',1,1,'王储君','销售发货单和安排路线数量不一致','修改销售发货单重新保存解决',6,NULL,16,'10.127.24.73','2018-04-16 02:06:38'),(2420,2,'2018-04-16',3,7,'王斌','添加OA账号：王斌','OA增加',6,NULL,16,'10.127.24.73','2018-04-16 02:14:17'),(2421,1,'2018-04-16',8,5,'孔庆敏','删除生产领料单','SS-STM14015',7,NULL,16,'10.128.114.127','2018-04-16 02:34:49'),(2422,1,'2018-04-16',9,7,'黄贺群','61单据日期超前','SS-GBM44800',7,NULL,16,'10.128.114.127','2018-04-16 02:39:32'),(2423,2,'2018-04-16',1,5,'林倩','修改调拨入库单日期','SS',6,NULL,16,'10.127.24.73','2018-04-16 03:31:57'),(2424,1,'2018-04-16',4,3,'秦鹏飞','供应商开户：天津津通鑫盛源商贸有限公司','MDM、SAP',7,NULL,16,'10.128.114.127','2018-04-16 06:02:48'),(2425,1,'2018-04-16',3,7,'马仁涛','PG03签呈抄送去掉于辛卉','OA-流程-节点设置',1,NULL,16,'10.128.112.254','2018-04-16 06:03:11'),(2426,2,'2018-04-16',4,3,'戚德松','添加客户：牛吃草泗门店','MDM、SS、SAP',6,NULL,16,'10.127.24.73','2018-04-16 06:51:55'),(2427,2,'2018-04-16',4,3,'吴宝川','增加产品：50201078','MDM、SS、SAP',6,NULL,16,'10.127.24.73','2018-04-16 07:18:56'),(2428,2,'2018-04-16',4,3,'薛利英','添加供应商：林德（中国）叉车有限公司上海分公司','MDM、SS、SAP',6,NULL,16,'10.127.24.73','2018-04-16 07:19:51'),(2429,1,'2018-04-16',4,7,'何凤鹏','正大食品企业（上海）有限公司修改默认银行帐号','SAP-ZBP002',1,NULL,16,'10.128.112.254','2018-04-16 08:44:49'),(2430,1,'2018-04-17',5,7,'杜雪松','A13523中央采购供应商下载','MDM-MDM04010,下载完成后，需要GBM20000添加仓位',1,NULL,16,'10.128.112.254','2018-04-19 06:25:12'),(2431,1,'2018-04-17',4,7,'秦鹏飞','新加供应商检索不到','MDM修改公司简称，增加搜索关键字',1,NULL,16,'10.128.112.254','2018-04-17 00:42:29'),(2432,2,'2018-04-17',4,3,'张国强','添加员工及银行账号：张国强','MDM、SS、SAP',6,NULL,16,'10.127.24.158','2018-04-17 00:43:00'),(2433,1,'2018-04-17',4,2,'于海洋','北京麦乐宝食品有限责任公司开户','MDM、SS',7,NULL,16,'10.128.115.0','2018-04-17 00:52:39'),(2434,2,'2018-04-17',4,3,'吴宝川','添加产品：50217005','MDM、SS、SAP',6,NULL,16,'10.127.24.158','2018-04-17 01:54:30'),(2435,2,'2018-04-17',1,5,'魏宗秀','取消50发货单：501804Q0501、501804Q0502','MDM、SS、SAP',6,NULL,16,'10.127.24.158','2018-04-17 02:21:54'),(2436,2,'2018-04-17',4,3,'徐凌峰','添加供应商银行信息：慈溪市欣博包装材料有限公司','MDM、SS、SAP',6,NULL,16,'10.127.24.158','2018-04-17 02:56:30'),(2437,2,'2018-04-17',3,7,'李斌','删除OA上错误成本中心','OA成本中心编码与SAP不一致，整理后发管理员删除',6,NULL,16,'10.127.24.158','2018-04-17 03:20:31'),(2438,2,'2018-04-17',4,3,'王园园','添加客户：宁波金穗有机肥有限公司','MDM、SS、SAP',6,NULL,16,'10.127.24.158','2018-04-17 03:25:55'),(2439,1,'2018-04-17',4,2,'刘嘉丽','客户开户：唐山旦和果食品有限公司','MDM、SS、SAP',7,NULL,16,'10.128.115.0','2018-04-17 05:47:22'),(2440,2,'2018-04-17',4,7,'王哲宇','申请各部门SAP账号','填写权限申请表OA上提交申请',6,NULL,16,'10.127.24.158','2018-04-17 06:32:31'),(2441,1,'2018-04-17',1,7,'杜爱宇','55204021产品4月9号入库，可还在PA仓位','1.WMM58400确认是否有未确认的入库单，2.上SS查询是否有未发送到WM的入库单',7,NULL,16,'10.128.115.0','2018-04-17 07:28:20'),(2442,2,'2018-04-17',4,3,'韩凯','添加客户：上海交友食品有限公司','MDM、SS、SAP',6,NULL,16,'10.127.24.158','2018-04-17 07:35:33'),(2443,1,'2018-04-17',4,7,'魏小颖','SAP中添加供应商信息','MDM、SAP',7,NULL,16,'10.128.115.0','2018-04-17 08:48:38'),(2444,1,'2018-04-18',4,3,'代芳','供应商开户：北京天马顺鑫物业管理有限公司','MDM、SAP',7,NULL,16,'10.128.115.131','2018-04-18 00:30:59'),(2445,1,'2018-04-18',3,5,'李淑贤','PG10-2018030635要求撤回到申请人','OA-流程干预',1,NULL,16,'10.128.112.254','2018-04-18 01:23:42'),(2446,1,'2018-04-18',4,2,'李虎','客户开户：北京志影商贸有限公司','MDM、SS、SAP',7,NULL,16,'10.128.115.131','2018-04-18 01:41:56'),(2447,2,'2018-04-18',4,3,'方琴','添加客户：淘汰鸡散户','MDM、SS、SAP',6,NULL,16,'10.127.24.168','2018-04-18 02:33:30'),(2448,2,'2018-04-18',4,3,'牛建飞','添加员工及银行账号：牛建飞','SAP',6,NULL,16,'10.127.24.168','2018-04-18 02:34:20'),(2449,2,'2018-04-18',4,3,'王园园','添加员工及银行账号：王园园','SAP',6,NULL,16,'10.127.24.168','2018-04-18 02:35:03'),(2450,2,'2018-04-18',4,3,'阮央吉','添加员工及银行账号：阮央吉','SAP',6,NULL,16,'10.127.24.168','2018-04-18 02:35:31'),(2451,2,'2018-04-18',4,3,'刘勋','添加客户：宁波裕农食品有限公司','MDM、SS、SAP',6,NULL,16,'10.127.24.168','2018-04-18 02:36:32'),(2452,2,'2018-04-18',1,3,'王园园','更改上海卜蜂、广州卜蜂省市区','CTG11000更新',6,NULL,16,'10.127.24.168','2018-04-18 02:55:33'),(2453,1,'2018-04-18',5,7,'廉络','需要STM01300记录青年鸡饲料耗用数据','ss-权限',1,NULL,16,'10.128.112.254','2018-04-18 05:26:55'),(2454,1,'2018-04-18',9,5,'液蛋化验室','两台电脑无法共享文件','关闭防火墙',7,NULL,16,'10.128.115.131','2018-04-18 07:59:12'),(2455,1,'2018-04-18',4,2,'谭小宇','客户开户：北京宝宝爱吃餐饮管理有限公司','MDM、SS、SAP',7,NULL,16,'10.128.115.131','2018-04-18 08:26:59'),(2456,1,'2018-04-18',4,2,'谭小宇','客户开户：北京鲍才胜餐饮管理有限公司','MDM、SS、SAP',7,NULL,16,'10.128.115.131','2018-04-18 08:27:27'),(2457,1,'2018-04-18',1,5,'刘嘉丽','51000240库存168，订单分配126','16号50单据没取消，导致占用库存',1,NULL,16,'10.128.112.254','2018-04-18 08:27:43'),(2458,1,'2018-04-18',4,7,'秦鹏飞','修改1000097sap搜索项为山宝机械','MDM-修改供应商简称',1,NULL,16,'10.128.112.254','2018-04-18 08:37:18'),(2459,2,'2018-04-18',1,5,'宋加欢','修改销售票据日期','SS修改票据顺序号日期',6,NULL,16,'10.127.24.168','2018-04-18 08:45:03'),(2460,2,'2018-04-19',4,3,'马益益','添加银行账号：正大桑田宁波','zfi074',6,NULL,16,'10.127.24.206','2018-04-19 01:35:34'),(2461,2,'2018-04-19',6,7,'薛利英','生产日结包材不耗用','产品装箱标准设定去掉no stock flag',6,NULL,16,'10.127.24.206','2018-04-19 02:00:37'),(2462,1,'2018-04-19',3,7,'刘琴','修改PG36-不合格项目控制及处理报告流转设置','OA-流程',1,NULL,16,'10.128.112.254','2018-04-19 02:40:26'),(2463,1,'2018-04-19',4,7,'张保英','员工HR265222芮小玉SAP开户','SAP',7,NULL,16,'10.128.113.6','2018-04-19 04:11:20'),(2464,1,'2018-04-19',4,3,'刘艳霞','供应商开户：开缘（北京）检测技术有限公司','MDM、SAP',7,NULL,16,'10.128.113.6','2018-04-19 04:12:05'),(2465,1,'2018-04-19',1,5,'郭碧佳','删除退货单531804E00012、531804E00054、531804E00055','联系天津IA处理',1,NULL,16,'10.128.112.254','2018-04-19 06:08:20'),(2466,1,'2018-04-19',1,7,'刘伟','关停10008740和10008827，不合作了','MDM，GBM15000',1,NULL,16,'10.128.112.254','2018-04-19 06:28:41'),(2467,2,'2018-04-19',6,7,'郭李悬','包材入库搜不到对就采购申请单','ITM01200做编码对应',6,NULL,16,'10.127.24.206','2018-04-19 07:17:50'),(2468,2,'2018-04-20',4,3,'陈川','添加供应商：慈溪市食再鲜餐厅','MDM、SS、SAP',6,NULL,16,'10.127.24.206','2018-04-20 00:28:31'),(2469,2,'2018-04-20',3,5,'李小芝','流程撤回申请人：QC-2018040110','OA流程强制收回',6,NULL,16,'10.127.24.206','2018-04-20 00:55:00'),(2470,2,'2018-04-20',7,1,'姬会彬','农场供应商丢失：镇江威特药业有限责任公司','SS GBM15000 Modify Name',6,NULL,16,'10.127.24.206','2018-04-20 00:56:19'),(2471,1,'2018-04-20',8,1,'梁丽艳','做全液蛋-半成品65报错，造成59100001库存余额为0，但是日结库存不王为0','连接天津IA解决',1,NULL,16,'10.128.112.254','2018-04-20 01:20:34'),(2472,1,'2018-04-20',1,3,'彭艳楠','修改客户10006398的收货人信息','SS-GBM15000',7,NULL,16,'10.128.113.157','2018-04-20 01:29:37'),(2473,2,'2018-04-20',6,7,'王园园','修改产品与产品结构链接：50201076、50201078','MDM修改后联系IA审核',6,NULL,16,'10.127.24.206','2018-04-20 02:23:34'),(2474,2,'2018-04-20',4,3,'李杰','添加供应商银行信息：沈阳鑫运物流有限公司北京分公司、北京中晟天海货运代理有限公司','MDM、SS、SAP',6,NULL,16,'10.127.24.206','2018-04-20 02:37:50'),(2475,1,'2018-04-20',4,7,'邓君平','修改10005376默认帐号','ZBP002',1,NULL,16,'10.128.112.254','2018-04-20 02:51:08'),(2476,2,'2018-04-20',4,7,'王储君','修改员工银行账号','停用旧账号，新增新账号',6,NULL,16,'10.127.24.206','2018-04-20 03:01:33'),(2477,1,'2018-04-20',3,7,'肖婧','王攀OA中添加签章','OA',7,NULL,16,'10.128.113.157','2018-04-20 03:29:04'),(2478,1,'2018-04-20',3,7,'张保英','芮小玉维护部门主管','OA人事搜索设定部门主管',2,NULL,16,'10.128.113.191','2018-04-20 03:35:18'),(2479,1,'2018-04-20',3,1,'曹鹏辉','统计类费用报销签字看不到附件','联系OA管理员检查设定',2,NULL,16,'10.128.113.191','2018-04-20 03:36:16'),(2480,1,'2018-04-20',5,7,'杜雪松','91001液体蛋氨酸修改成1200KG/桶','SS-GBM29000',1,NULL,16,'10.128.112.254','2018-04-20 03:51:10'),(2481,1,'2018-04-20',5,7,'杜雪松','92007胆碱规格修改成1100KG','SS-GBM29000',1,NULL,16,'10.128.112.254','2018-04-20 03:51:57'),(2482,1,'2018-04-20',4,7,'张保英','SAP添加员工信息','填表提交SAP处理',7,NULL,16,'10.128.113.157','2018-04-20 04:07:51'),(2483,1,'2018-04-20',2,7,'冯渊','SS忘记密码','SS重置密码',1,NULL,16,'10.128.112.254','2018-04-20 05:15:12'),(2484,2,'2018-04-20',1,7,'魏宗秀','增加客户发货仓库：DD800011、DD800012、DD800023、DD800024','DCM06000增加慈溪仓',6,NULL,16,'10.127.24.206','2018-04-20 05:32:48'),(2485,1,'2018-04-20',5,5,'杜雪松','删除采购单4015120347','SS,取消审批后删除即可',1,NULL,16,'10.128.112.254','2018-04-20 07:07:03'),(2486,1,'2018-04-20',8,1,'梁丽艳','65单确认报错，无法确认','联系添加IA解决！',1,NULL,16,'10.128.112.254','2018-04-20 08:52:31'),(2487,2,'2018-04-21',1,5,'魏宗秀','取消50发货单：501804Q0316、501804Q0317','SS',6,NULL,16,'10.127.24.43','2018-04-21 01:24:26'),(2488,1,'2018-04-21',1,5,'曹英俊','WM无法登陆','更换浏览器登陆',2,NULL,16,'10.128.113.191','2018-04-21 02:53:39'),(2489,1,'2018-04-21',7,1,'肖靖','农场010303采购收货入库点击提示no license','提交IA处理',2,NULL,16,'10.128.113.191','2018-04-21 04:00:23'),(2490,2,'2018-04-23',4,3,'李杰','添加银行账号：商超物流','SAP',6,NULL,17,'10.127.24.43','2018-04-23 02:11:19'),(2491,1,'2018-04-23',3,7,'马仁涛','PG12-商业客户价格申报单流转设置修改','OA-流程节点设置',1,NULL,17,'10.128.112.254','2018-04-23 02:40:23'),(2492,1,'2018-04-23',4,3,'魏小颖','BJ101004L8 北京物美商业集团股份有限公司~朝阳路店 客户分类名称改成LKA-区域性重点客户','SS-GBM16000',7,NULL,17,'10.128.114.146','2018-04-23 03:03:00'),(2493,1,'2018-04-23',4,3,'彭艳楠','修改客户10006398的收货人信息HN407002','SS-GBM15000',7,NULL,17,'10.128.114.146','2018-04-23 03:04:23'),(2494,2,'2018-04-23',3,7,'李斌','个人借款流程出来多个银行户','SAP',6,NULL,17,'10.127.24.43','2018-04-23 03:15:42'),(2495,2,'2018-04-23',3,5,'戚得松','流程撤回申请人：QCB2018030079','OA强制收回',6,NULL,17,'10.127.24.43','2018-04-23 03:48:03'),(2496,1,'2018-04-23',1,7,'杨林峰','添加SS账号','SS-GBM04000、GBM05000',7,NULL,17,'10.128.114.146','2018-04-23 04:17:43'),(2497,1,'2018-04-23',4,3,'张立','添加供应商：北京国网富达科技发展有限责任公司','MDM、SAP',7,NULL,17,'10.128.114.146','2018-04-23 04:19:27'),(2498,1,'2018-04-23',4,3,'杜雪松','修改供应商北京京平通达物流有限公司税号','MDM',7,NULL,17,'10.128.114.146','2018-04-23 06:53:58'),(2499,1,'2018-04-23',1,7,'张宁','64单据日期超前','SS-GBM44800',7,NULL,17,'10.128.114.146','2018-04-23 08:04:13'),(2500,2,'2018-04-23',7,7,'方琴','农场找不到对应客户','SS做GBM18000',6,NULL,17,'10.127.24.43','2018-04-23 08:16:14'),(2501,2,'2018-04-23',4,3,'戚得松','添加客户：温州宗雅食品有限公司','MDM、SS、SAP',6,NULL,17,'10.127.24.43','2018-04-23 08:46:54'),(2502,2,'2018-04-23',4,3,'韩凯','添加客户：慈溪市古塘鼎鼎小吃吧','MDM、SS、SAP',6,NULL,17,'10.127.24.43','2018-04-23 08:59:02'),(2503,2,'2018-04-24',4,3,'陈川','添加员工及银行账号：陈川','SAP',6,NULL,17,'10.127.24.203','2018-04-24 01:24:28'),(2504,1,'2018-04-24',4,3,'于海洋','修改客户910555-洛阳正大食品有限公司通路，添加销售信息','SS',7,NULL,17,'10.128.115.46','2018-04-24 02:36:22'),(2505,1,'2018-04-24',4,2,'刘艳霞','客户开户：北京市朝阳凯尔宝宝婴幼园','MDM、SS',7,NULL,17,'10.128.115.46','2018-04-24 02:37:09'),(2506,1,'2018-04-24',5,7,'张政','供应商：A11142北京锋人能达科贸有限公司下采购单报错','SS，设置GBM20000',1,NULL,17,'10.128.112.254','2018-04-24 02:40:27'),(2507,1,'2018-04-24',3,5,'王伟男','客户开户签呈未填写高二级主管审批人','OA流程干预',7,NULL,17,'10.128.115.46','2018-04-24 04:23:13'),(2508,1,'2018-04-24',4,5,'姜伟','协助姜伟申请sap权限','OA申请',1,NULL,17,'10.128.112.254','2018-04-24 07:41:32'),(2509,1,'2018-04-24',3,7,'赵淑云','部门没有欢乐行部门，财务李晓东说要分部门','OA，组织框架管理',1,NULL,17,'10.128.112.254','2018-04-24 07:39:45'),(2510,2,'2018-04-24',3,5,'阮央吉','费用会计审批出错：订单是会计科目0724 6000005002的需求字段','资产维修需填写内部订单',6,NULL,17,'10.127.24.203','2018-04-24 07:55:49'),(2511,2,'2018-04-24',7,7,'方琴','药品重量为负,无法做退货','联系程序员删除负库存',6,NULL,17,'10.127.24.203','2018-04-24 08:54:21'),(2512,2,'2018-04-25',4,3,'何彬','添加客户：慈溪市浒山金雅烘焙坊','MDM、SS、SAP',6,NULL,17,'10.127.24.187','2018-04-25 01:14:51'),(2513,2,'2018-04-25',4,3,'李斌','添加客户：大连绿雪蛋品发展有限公司','MDM、SS、SAP',6,NULL,17,'10.127.24.187','2018-04-25 02:00:09'),(2514,1,'2018-04-25',2,7,'郭碧佳','bohs 账号增加STR28300权限','SS-GBM05000',7,NULL,17,'10.128.115.171','2018-04-25 02:18:15'),(2515,1,'2018-04-25',4,3,'朱琳','修改供应商10005530银行账号','SAP',7,NULL,17,'10.128.115.171','2018-04-25 02:19:26'),(2516,1,'2018-04-25',3,7,'胡海杰','PG07供应商开户税号错误问题','OA流程要求必须上传三证合一，开户时核对！',1,NULL,17,'10.128.112.254','2018-04-25 02:30:26'),(2517,2,'2018-04-25',1,7,'王园园','增加SS权限：DCI01000、DCI01100','SS',6,NULL,17,'10.127.24.187','2018-04-25 03:32:03'),(2518,2,'2018-04-25',1,5,'戴启斌','修改销售票据日期','SS',6,NULL,17,'10.127.24.187','2018-04-25 03:32:43'),(2519,2,'2018-04-25',4,3,'马益益','添加员工及银行账号：马益益','SAP',6,NULL,17,'10.127.24.187','2018-04-25 03:46:11'),(2520,2,'2018-04-25',4,7,'方琴','淘汰鸡销售未在SAP生成凭证','农场重发送到SAP',6,NULL,17,'10.127.24.187','2018-04-25 05:52:44'),(2521,2,'2018-04-25',7,7,'方琴','农场入库未生成凭证','SAP显示物料主数据不存在，SS和农场是旧编码，SAP是新编码，联系IA做对照',6,NULL,17,'10.127.24.187','2018-04-25 05:55:15'),(2522,1,'2018-04-25',7,7,'朱琳','农场找不到10043125供应商','见BBS农场模块的帖子',1,NULL,17,'10.128.115.248','2018-04-25 08:11:54'),(2523,1,'2018-04-25',7,7,'肖婧','需要开通010901权限','10.128.102.22开通',1,NULL,17,'10.128.115.248','2018-04-25 08:18:36'),(2524,1,'2018-04-25',4,2,'秦鹏飞','供应商开户：宁波润天化工有限公司','MDM、SAP',7,NULL,17,'10.128.113.69','2018-04-26 00:31:08'),(2525,1,'2018-04-25',4,3,'秦鹏飞','供应商开户：韦博赛斯（北京）科技有限公司','MDM、SAP',7,NULL,17,'10.128.113.69','2018-04-26 00:31:50'),(2526,1,'2018-04-25',4,3,'冯渊','修改供应商伟迪捷（上海）标识技术有限公司税号','MDM、SS',7,NULL,17,'10.128.113.69','2018-04-26 00:32:48'),(2527,1,'2018-04-26',4,7,'杜雪松','10029556山东鑫龙胜达sap解冻','联系sap李立磊',1,NULL,17,'10.128.115.248','2018-04-26 00:42:49'),(2528,1,'2018-04-26',1,7,'朱军','65文件日期超前','SS-GBM44800',7,NULL,17,'10.128.113.69','2018-04-26 01:42:01'),(2529,2,'2018-04-26',1,5,'王储君','取消50发货单：501804Q0862','SS取消',6,NULL,17,'10.127.24.180','2018-04-26 02:44:30'),(2530,2,'2018-04-26',3,5,'于超防','流程撤回申请人：FY02_1-20180402615','OA',6,NULL,17,'10.127.24.180','2018-04-26 02:46:02'),(2531,2,'2018-04-26',1,7,'王储君','修改销售员客户关联','SS',6,NULL,17,'10.127.24.180','2018-04-26 02:51:34'),(2532,2,'2018-04-26',4,3,'马益益','添加供应商及银行账号：傅柏年','MDM、SS、SAP',6,NULL,17,'10.127.24.180','2018-04-26 03:29:11'),(2533,1,'2018-04-26',3,5,'王艺','无法下载OA签呈中附件','使用360或谷歌浏览器',7,NULL,17,'10.128.113.69','2018-04-26 04:24:11'),(2534,1,'2018-04-26',4,3,'杜雪松','供应商“北京锋人能达科贸有限公司”修改银行账号','SAP-ZFI074',7,NULL,17,'10.128.113.69','2018-04-26 05:37:25'),(2535,1,'2018-04-26',3,7,'赵肖肖','PG26-蛋业设计稿签样申请添加品管节点','OA-流程节点管理（流程重新做了，原来的看着太乱）',1,NULL,17,'10.128.112.254','2018-04-26 05:59:16'),(2536,2,'2018-04-26',4,3,'徐凌峰','添加银行账号：慈溪云天五金机电超市有限公司','SAP',6,NULL,17,'10.127.24.180','2018-04-26 08:34:15'),(2537,1,'2018-04-26',4,2,'郭丹','添加客户：蜂巢行动项目','MDM、SS',7,NULL,17,'10.128.113.69','2018-04-26 09:23:10'),(2538,1,'2018-04-26',2,7,'杨林峰','SS账号添加权限（EGM10100、PUM02900、PUM03900、PUM04900）','SS',7,NULL,17,'10.128.113.69','2018-04-26 09:25:19'),(2539,2,'2018-04-27',4,3,'任开峰','添加客户：浙江省慈溪市荣誉酒店管理有限公司','MDM、SS、SAP',6,NULL,17,'10.127.24.119','2018-04-27 00:45:04'),(2540,1,'2018-04-27',1,5,'李虹宇','库存数量小于申请数量','将入库单手动发送到WM，去WMM58400做确认入库操作',7,NULL,17,'10.128.113.187','2018-04-27 02:59:18'),(2541,2,'2018-04-27',4,3,'卢晶晶','添加供应商及银行账号：宁波乐泽人力资源管理有限公司','MDM、SS、SAP',6,NULL,17,'10.127.24.119','2018-04-27 06:34:10'),(2542,1,'2018-04-27',6,7,'梁丽艳','做26号日结时提示Document Date is over Than Running Date','SS-GBM44800、GBM44I00',7,NULL,17,'10.128.113.187','2018-04-27 07:08:00'),(2543,1,'2018-04-27',4,7,'杜雪松','10029556供应上解冻，采购单未完成','联系sap',1,NULL,17,'10.128.112.254','2018-04-27 08:01:44'),(2544,1,'2018-04-27',5,7,'杜雪松','恢复SS供应商10029556','MDM、SS',1,NULL,17,'10.128.112.254','2018-04-27 08:02:29'),(2545,1,'2018-04-27',3,7,'韩峥辉','CX29-车辆派出申请单添加总裁办节点','OA，流程节点',1,NULL,17,'10.128.112.254','2018-04-27 08:09:55'),(2546,1,'2018-04-28',3,7,'赵肖肖','PG26-蛋业设计稿签样文件流程生产华城多人','OA流程节点设置',1,NULL,17,'10.128.112.254','2018-04-28 00:54:54'),(2547,2,'2018-04-28',4,3,'徐凌峰','添加供应商及银行账号：慈溪市银海计量仪器有限公司','MDM、SS、SAP',6,NULL,17,'10.127.24.134','2018-04-28 01:08:13'),(2548,2,'2018-04-28',3,7,'汪根海','添加OA签名','签章管理',6,NULL,17,'10.127.24.134','2018-04-28 01:46:17'),(2549,1,'2018-04-28',2,7,'杨林峰','SS账号添加权限（FMI06000）','SS-GBM44800',7,NULL,17,'10.128.114.83','2018-04-28 02:49:15'),(2550,2,'2018-04-28',3,7,'魏宗秀','添加OA账号：魏宗秀','OA',6,NULL,17,'10.127.24.134','2018-04-28 08:26:22'),(2551,1,'2018-04-28',4,2,'李爱芝','客户开户：北京丽辉达快餐有限责任公司','MDM、SS、SAP',7,NULL,17,'10.128.114.83','2018-04-28 08:41:37'),(2552,1,'2018-04-28',4,3,'张志强','添加供应商','MDM、SAP',8,NULL,17,'10.128.113.216','2018-04-28 08:45:58'),(2553,1,'2018-04-28',4,2,'李爱芝','客户开户','MDM、SS、SAP',8,NULL,17,'10.128.113.216','2018-04-28 08:50:41'),(2554,1,'2018-04-28',6,5,'梁丽艳','分级日结其他业务入库时报错，造成无法日结','暂停地磅入库，重新做日结',7,NULL,17,'10.128.114.83','2018-04-28 09:15:58'),(2555,1,'2018-04-28',6,5,'分级入库','分级地磅无法入库，入库票据号一直不变报错','因与分级做27号日结产生冲突，暂停地磅入库',7,NULL,17,'10.128.114.83','2018-04-28 09:17:11'),(2556,1,'2018-04-28',1,7,'梁英','50180404158WM系统无法确认备货','SS手动发送SP单据到WM',7,NULL,17,'10.128.114.83','2018-04-28 09:18:50'),(2557,1,'2018-04-29',6,5,'郭金蕊','日结手动输入数据错误','SS删对应单据',3,NULL,17,'10.128.114.216','2018-04-30 02:09:24'),(2558,2,'2018-04-30',4,3,'戚得松','添加客户：牛吃草北仑新大路店、宁波思味特食品有限公司','MDM、SS、SAP',6,NULL,18,'10.127.24.20','2018-04-30 05:02:23'),(2559,2,'2018-05-01',4,3,'戚得松','添加客户：浙江桂香村食品连锁有限公司','MDM、SS、SAP',6,NULL,18,'10.127.24.20','2018-05-01 01:55:23'),(2560,2,'2018-05-01',4,3,'任开峰','添加客户：慈溪市民本电子商务有限公司','MDM、SS、SAP',6,NULL,18,'10.127.24.20','2018-05-01 01:56:05'),(2561,1,'2018-04-30',1,5,'李建秋','移库报错','退出系统重新做',3,NULL,18,'10.128.115.15','2018-05-01 08:43:25'),(2562,1,'2018-05-01',1,7,'李建秋','深加工开订单提示没有税率16','销售模块系统管理增加税率',3,NULL,18,'10.128.115.15','2018-05-01 08:45:09'),(2563,1,'2018-05-01',6,5,'郭金蕊','日结4月22号领蛋数量不对','4月22号日结重新接收',3,NULL,18,'10.128.115.15','2018-05-01 08:46:25'),(2564,1,'2018-05-01',3,5,'陈光','报销流程不会填写','现厂培训',3,NULL,18,'10.128.115.15','2018-05-01 08:47:37'),(2565,1,'2018-05-02',1,7,'魏小颖','SX301001和910724修改客户分类','SS-GBM16000',7,NULL,18,'10.128.115.92','2018-05-02 02:27:14'),(2566,1,'2018-05-02',1,3,'魏小颖','SH402008修改客户分类','SS-GBM16000',7,NULL,18,'10.128.115.92','2018-05-02 02:38:00'),(2567,1,'2018-05-02',7,7,'李淑贤','600000000063740下载疫苗代码，并对应代码','见bbs',1,NULL,18,'10.128.112.254','2018-05-02 03:01:57'),(2568,2,'2018-05-02',4,3,'吴宝川','添加供应商：中国农垦经济发展中心','MDM、SS、SAP',6,NULL,18,'10.127.24.125','2018-05-02 03:31:29'),(2569,2,'2018-05-02',6,3,'薛利英','添加产品：50207030','MDM、SS、SAP',6,NULL,18,'10.127.24.125','2018-05-02 03:32:21'),(2570,2,'2018-05-02',4,7,'方琴','添加成本中心和物料系统对照','填写表格后发项目组',6,NULL,18,'10.127.24.125','2018-05-02 03:36:08'),(2571,2,'2018-05-02',4,7,'王哲宇','添加成本中心：行政食堂、淘汰鸡科','填写表格后发项目组',6,NULL,18,'10.127.24.125','2018-05-02 03:37:08'),(2572,1,'2018-05-02',2,5,'冯渊','终止采购单210519、210508、211317、211559、211634、211115','215463、211533、211539、211510、211532、211534',1,NULL,18,'10.128.112.254','2018-05-02 03:52:30'),(2573,1,'2018-05-02',8,7,'王瑜善','56100150Y产品取消取消状态','ss-产品',1,NULL,18,'10.128.112.254','2018-05-02 04:28:29'),(2574,1,'2018-05-02',1,5,'李建秋','SAP信审菜单看不到50180500167','此订单为现销，不用信审',7,NULL,18,'10.128.115.92','2018-05-02 05:14:18'),(2575,1,'2018-05-02',3,7,'韩峥辉','CX05-价格申请签呈表流程维护','OA-流程节点修改',1,NULL,18,'10.128.112.254','2018-05-02 07:48:52'),(2576,1,'2018-05-02',3,7,'马仁涛','CX20-权限申请表修改','OA-流程管理',1,NULL,18,'10.128.112.254','2018-05-02 08:19:49'),(2577,1,'2018-05-02',8,7,'王瑜善','为深加工新产品56100150Y设置托盘信息和入库仓位','WMM07000、WMM05000',7,NULL,18,'10.128.115.92','2018-05-02 08:40:06'),(2578,1,'2018-05-02',8,7,'梁丽艳','深加工新产品56100150Y不能入库，订单可以选到','重新下一个PO单，入库时选择开立的PO单',7,NULL,18,'10.128.115.92','2018-05-02 08:41:42'),(2579,1,'2018-05-02',1,3,'薄会双','将BJ10100201、BJ10100202、BJ10100203客户分类修改为619','SS-GBM16000',7,NULL,18,'10.128.115.92','2018-05-02 08:56:10'),(2580,1,'2018-05-02',1,3,'薄会双','将BJ10100204、BJ10100205、BJ10100206客户分类修改为619','SS-GBM16000',7,NULL,18,'10.128.115.92','2018-05-02 08:57:39'),(2581,1,'2018-05-02',1,3,'薄会双','将BJ10100207、BJ101013、BJ616022客户分类修改为619','SS-GBM16000',7,NULL,18,'10.128.115.92','2018-05-02 08:58:32'),(2582,1,'2018-05-02',1,3,'薄会双','将BJ10100477客户分类改为611，10008735改为617','SS-GBM16000',7,NULL,18,'10.128.115.92','2018-05-02 09:00:23'),(2583,2,'2018-05-03',4,3,'马益益','添加供应商及银行账号：宁波石油分公司、鑫顺汽车销售','MDM、SS、SAP',6,NULL,18,'10.127.24.149','2018-05-03 05:02:35'),(2584,2,'2018-05-03',4,3,'陈川','添加客户：宁波国成、连云港国成、国成公会','MDM、SS、SAP',6,NULL,18,'10.127.24.149','2018-05-03 05:04:16'),(2585,2,'2018-05-03',4,3,'任开峰','添加客户：宁波万子王生态农庄有限公司','MDM、SS、SAP',6,NULL,18,'10.127.24.149','2018-05-03 05:05:03'),(2586,2,'2018-05-03',4,3,'何彬','添加客户：何彬户','MDM、SS、SAP',6,NULL,18,'10.127.24.149','2018-05-03 05:05:29'),(2587,2,'2018-05-03',7,7,'方琴','农场药品疫苗库存成本报表数据空','从畜禽中心转移到自养场后又从自养场转回畜禽中心，系统无法处理，删除转移单',6,NULL,18,'10.127.24.149','2018-05-03 05:07:34'),(2588,2,'2018-05-03',4,3,'戚得松','添加客户：宁波鑫新万汇食品有限公司','MDM、SS、SAP',6,NULL,18,'10.127.24.149','2018-05-03 07:36:47'),(2589,2,'2018-05-03',1,1,'王园园','SAP主营业务收入和SS销售数据不一致','重发送SAP出错，备注字符有问题，发程序员处理',6,NULL,18,'10.127.24.149','2018-05-03 07:58:35'),(2590,1,'2018-05-03',3,7,'张莹','张莹从正大餐饮转到蛋业','联系总部OA转过来，然后修改上级领导和部门',1,NULL,18,'10.128.112.254','2018-05-03 08:13:04'),(2591,1,'2018-05-03',1,3,'魏小颖','BJ307007、BJ2133特通','SS-GBM16000',7,NULL,18,'10.128.115.224','2018-05-03 09:15:28'),(2592,1,'2018-05-03',3,5,'杨林峰','费用报销签呈在费用会计环节提交时报错','费用类别与成本中心不匹配',7,NULL,18,'10.128.115.224','2018-05-03 09:17:13'),(2593,1,'2018-05-04',2,7,'何雪琴','开通权限结转：CUBE导出CSV文件','SS-权限',1,NULL,18,'10.128.112.254','2018-05-04 01:05:06'),(2594,1,'2018-05-04',8,7,'王瑜善','56100014生产找不到这个产品','SS-GBM29000产品为取消状态，开启为正常',1,NULL,18,'10.128.112.254','2018-05-04 01:06:21'),(2595,1,'2018-05-04',6,1,'分级入库','地磅入库太卡，无法正常入库','提交IA解决',7,NULL,18,'10.128.113.73','2018-05-04 03:04:19'),(2596,1,'2018-05-04',6,7,'马仁涛','远程分级OPC黑屏','上分级车间重启OPC服务器',7,NULL,18,'10.128.113.73','2018-05-04 03:05:35'),(2597,1,'2018-05-04',2,5,'冯渊','终止215463采购单','SS-截单处理',1,NULL,18,'10.128.112.254','2018-05-04 04:14:14'),(2598,2,'2018-05-04',4,3,'姬会彬','添加供应商：北京卓龙动保商贸有限公司','MDM、SS、SAP',6,NULL,18,'10.127.24.151','2018-05-04 07:56:04'),(2599,1,'2018-05-04',3,5,'吕俊玲','PG23-2018051228、PG23-2018051224签呈中公司总裁选择错误','流程调度到申请人，重新选择后在将签呈流程调度到当前审核环节',7,NULL,18,'10.128.113.73','2018-05-04 09:22:40'),(2600,1,'2018-05-04',1,5,'梁英','50180500524天津恒隆店在SAP信审菜单找不到','该客户结算归结于上海馨笆海贸易有限公司，按上海馨笆海贸易有限公司在信审菜单查找',7,NULL,18,'10.128.113.73','2018-05-04 09:24:44'),(2601,1,'2018-05-04',4,3,'赵淑云','供应商开户：北京方达信诚广告有限公司','MDM、SAP',7,NULL,18,'10.128.113.73','2018-05-04 09:25:40'),(2602,1,'2018-05-05',6,7,'郭金蕊','62单据日期超前','SS-GBM44I00',7,NULL,18,'10.128.113.202','2018-05-05 02:48:34'),(2603,1,'2018-05-07',8,1,'李小静','深加工59100065A仓位PB库有箱数量无法分配','WM移库处理',1,NULL,19,'10.128.112.254','2018-05-07 00:30:25'),(2604,1,'2018-05-06',1,7,'李建秋','对应车牌号找不到SP1805000250、SP1805000252','SP1805000250、SP1805000252已对应车牌号，手动将SP发送到WM，做备货操作',7,NULL,18,'10.128.114.116','2018-05-07 00:38:08'),(2605,1,'2018-05-07',1,1,'陈晶伟','DCM12000确认发货报错','填写IT01，提交IA解决',7,NULL,19,'10.128.114.116','2018-05-07 02:37:25'),(2606,1,'2018-05-07',4,3,'张保英','SAP添加员工信息HR270213','填写好相关信息发送SAP，ZFI074添加银行账号信息',7,NULL,19,'10.128.114.116','2018-05-07 02:39:27'),(2607,1,'2018-05-07',4,7,'石欣旺','999935扩展到0128','SAP-ZMM016',1,NULL,19,'10.128.112.254','2018-05-07 03:04:16'),(2608,2,'2018-05-07',3,7,'魏宗秀','销售类签呈结束后抄送销管','流转设置',6,NULL,19,'10.127.24.58','2018-05-07 05:08:33'),(2609,2,'2018-05-07',1,7,'林倩','设定产品合同价出错：duplicate No','原4位顺序号用完，拷贝票据顺序号',6,NULL,19,'10.127.24.58','2018-05-07 05:13:08'),(2610,1,'2018-05-07',3,7,'李晓东','张童OA转到蛋业','联系总部OA，转过来，修改成本中心、岗位、上级主管',1,NULL,19,'10.128.112.254','2018-05-07 05:46:15'),(2611,1,'2018-05-07',4,3,'张立立','SAP添加员工信息HR266968','填写好相关信息发送SAP，ZFI074添加银行账号信息',7,NULL,19,'10.128.114.116','2018-05-07 09:14:57'),(2612,1,'2018-05-07',4,3,'张保英','SAP添加员工信息HR128241','填写好相关信息发送SAP，ZFI074添加银行账号信息',7,NULL,19,'10.128.114.116','2018-05-07 09:17:54'),(2613,1,'2018-05-07',1,5,'李建秋','电脑无法打印文件','打印时选错打印机，选择289型号打印机',7,NULL,19,'10.128.114.116','2018-05-07 09:19:49'),(2614,1,'2018-05-08',1,5,'李建秋','台式电脑无法打印','打印机驱动未验证，验证打印机驱动，将429 PCL设置为默认打印机',7,NULL,19,'10.128.115.16','2018-05-08 01:02:52'),(2615,1,'2018-05-08',1,5,'李建秋','图片无法打印（图片默认打开方式为爱奇艺）','将图片默认打开方式设置为Windows照片查看器',7,NULL,19,'10.128.115.16','2018-05-08 01:06:19'),(2616,1,'2018-05-08',3,7,'马云霞','PG26签呈流转有问题','OA流程节点设置',1,NULL,19,'10.128.112.254','2018-05-08 01:28:51'),(2617,1,'2018-05-08',3,5,'郭丹','PG18-2018050312金额写错退回','OA流程干预',1,NULL,19,'10.128.112.254','2018-05-08 01:29:23'),(2618,1,'2018-05-08',4,3,'朱琳','修改供应商10005370银行账号','SAP-ZFI074',7,NULL,19,'10.128.115.16','2018-05-08 03:12:19'),(2619,1,'2018-05-08',3,7,'韩峥辉','CX05-价格申请签呈表打印没有签章','设置这个流程打印模版',1,NULL,19,'10.128.112.254','2018-05-08 03:51:07'),(2620,1,'2018-05-08',3,7,'于海洋','手机版OA登陆不了，提示122错误','联系总部OA管理员得知，OA服务器故障，服务器整修后联系于海洋',7,NULL,19,'10.128.115.16','2018-05-08 05:11:24'),(2621,1,'2018-05-08',3,5,'马云霞','PG26正大谷物营养鲜鸡蛋15枚&18枚设计稿退回','OA流程干预',1,NULL,19,'10.128.112.254','2018-05-08 05:40:31'),(2622,2,'2018-05-08',4,3,'岑凯茜','供应商开户：黑龙江省龙天防雷科技有限公司上海分公司','MDM、SS、SAP',6,NULL,19,'10.127.24.182','2018-05-08 05:55:07'),(2623,2,'2018-05-08',4,3,'薛利英','供应商开户：慈溪市荣之鑫制冷设备有限公司','MDM、SS、SAP',6,NULL,19,'10.127.24.182','2018-05-08 05:56:10'),(2624,2,'2018-05-09',4,3,'徐凌峰','添加供应商及银行账号：阳谷奥德利化工有限公司','MDM、SS、SAP',6,NULL,19,'10.127.24.137','2018-05-09 05:21:23'),(2625,1,'2018-05-09',4,3,'李淑贤','供应商开户：青岛金泽瑞安全防护用品有限公司','MDM、SAP',7,NULL,19,'10.128.115.166','2018-05-09 06:04:20'),(2626,2,'2018-05-09',4,3,'林倩','添加客户：家乐福苏州福星店','MDM、SS、SAP',6,NULL,19,'10.127.24.137','2018-05-09 07:23:06'),(2627,1,'2018-05-09',3,7,'韩峥辉','CX12-商业客户价格申报单价格远不能填写价格','OA-流程节点管理',1,NULL,19,'10.128.112.254','2018-05-09 08:07:36'),(2628,1,'2018-05-09',4,2,'于海洋','客户信息：长葛市益民艾瑞琳食品有限公司','MDM、SS、SAP',7,NULL,19,'10.128.115.166','2018-05-09 09:08:51'),(2629,1,'2018-05-09',4,2,'李玉','客户开户：美日丰（天津）餐饮管理有限公司','MDM、SS、SAP',7,NULL,19,'10.128.115.166','2018-05-09 09:20:10'),(2630,1,'2018-05-09',4,3,'张志强','供应商开户：正大开心采乐园','MDM',7,NULL,19,'10.128.115.166','2018-05-09 09:28:35'),(2631,2,'2018-05-10',4,3,'刘勋','添加客户：瑞安市圈记农业开发有限公司','MDM、SS、SAP',6,NULL,19,'10.127.24.99','2018-05-10 01:08:10'),(2632,2,'2018-05-10',3,7,'姬会彬','添加OA账号：姬会彬','OA增加',6,NULL,19,'10.127.24.99','2018-05-10 03:13:59'),(2633,1,'2018-05-10',3,7,'张童','填写FY01报错无法提交','OA-人事-设置审批级别，然后重新申请签呈',1,NULL,19,'10.128.112.254','2018-05-10 05:24:22'),(2634,2,'2018-05-10',4,3,'卢晶晶','添加供应商及银行账号：北京网聘咨询有限公司宁波分公司','MDM、SS、SAP',6,NULL,19,'10.127.24.99','2018-05-10 07:19:27'),(2635,1,'2018-05-10',4,3,'李爱芝','修改客户BJ616001、BJ616002账期','SS-GBM18000',7,NULL,19,'10.128.113.46','2018-05-10 08:12:38'),(2636,1,'2018-05-10',4,2,'金雨营','客户开户：国安优易（北京）科技有限公司','MDM、SS',7,NULL,19,'10.128.113.46','2018-05-10 08:16:07'),(2637,1,'2018-05-10',4,2,'李虎','客户开户：天津惠商食品贸易有限责任公司','MDM、SS',7,NULL,19,'10.128.113.46','2018-05-10 08:21:02'),(2638,1,'2018-05-10',5,7,'朱磊','过二榜提示“净重错误”','手动过磅',7,NULL,19,'10.128.113.46','2018-05-10 08:22:51'),(2639,2,'2018-05-10',6,5,'薛利英','生产多入库,无法删除,提示已被使用','调增对应批次数量后取消生产入库,再取消调整,再做负库存匹配',6,NULL,19,'10.127.24.99','2018-05-10 08:57:55'),(2640,2,'2018-05-11',4,3,'徐凌峰','添加员工及银行账号：徐凌峰','SAP',6,NULL,19,'10.127.24.79','2018-05-11 01:16:41'),(2641,2,'2018-05-11',4,3,'岑凯茜','添加供应商及银行账号：上海阳晨智能科技有限公司','MDM、SS、SAP',6,NULL,19,'10.127.24.79','2018-05-11 01:17:29'),(2642,1,'2018-05-11',3,2,'李小静','客户开户：北京物廉美商贸有限公司','MDM、SS',7,NULL,19,'10.128.113.158','2018-05-11 03:20:08'),(2643,1,'2018-05-11',1,1,'张玉香','DCM12000确认发货报错','提交IA解决',7,NULL,19,'10.128.113.158','2018-05-11 03:20:47'),(2644,1,'2018-05-11',5,1,'蔡德华','饲料厂豆柏45%库存余额为负数','饲料厂FMM36000核销',1,NULL,19,'10.128.112.254','2018-05-11 04:09:24'),(2645,1,'2018-05-11',4,2,'吕俊玲','客户开户：北京永辉超市有限公司~明天第一城','MDM、SS',7,NULL,19,'10.128.113.158','2018-05-11 06:14:08'),(2646,1,'2018-05-11',3,5,'刘琴','撤销签呈PG09-北京正大蛋业有限公司印章使用报批单','OA-流程干预',1,NULL,19,'10.128.112.254','2018-05-11 06:26:40'),(2647,1,'2018-05-11',3,7,'马云霞','PG26-蛋业设计稿签样文件有个流程没有编号','退回到申请人，重新提交，然后在调到原来的节点',1,NULL,19,'10.128.112.254','2018-05-11 08:06:25'),(2648,2,'2018-05-11',4,3,'戚得松','添加客户：舟山市耕泰农业发展有限公司','MDM、SS、SAP',6,NULL,19,'10.127.24.79','2018-05-11 08:51:20'),(2649,1,'2018-05-14',1,7,'陈海波','开通SS权限DCM10000、DCM12000、DCI01000','SS权限管理',1,NULL,20,'10.128.112.254','2018-05-14 00:56:09'),(2650,1,'2018-05-14',4,3,'秦鹏飞','供应商开户：力纳克传动系统（深圳）有限公司','MDM、SAP',7,NULL,20,'10.128.114.156','2018-05-14 05:13:47'),(2651,1,'2018-05-14',2,5,'薄会双','SS添加权限ACI01200','SS-GBM05000',7,NULL,20,'10.128.114.156','2018-05-14 05:16:52'),(2652,2,'2018-05-14',3,7,'万杰','添加OA账号：万杰','OA增加',6,NULL,20,'10.127.24.181','2018-05-14 07:40:33'),(2653,2,'2018-05-15',4,3,'戚得松','添加客户：牛吃草宝山路店','MDM、SS、SAP',6,NULL,20,'10.127.24.154','2018-05-15 00:47:20'),(2654,2,'2018-05-15',4,7,'方佳利','发票校验无法搜到对应入库单','SS重发送失败,修改SAP供应商对应SS编码',6,NULL,20,'10.127.24.154','2018-05-15 02:54:10'),(2655,1,'2018-05-15',3,7,'阴攀','PG19-新品上市通知添加采购部节点神品','OA-流程节点',1,NULL,20,'10.128.112.254','2018-05-15 07:25:14'),(2656,1,'2018-05-15',1,1,'关昭','对应车牌号产品58300010申请数量大于库存数量','查询2月到现在没有占单情况，把PG库移库到PB',1,NULL,20,'10.128.112.254','2018-05-15 08:12:11'),(2657,1,'2018-05-16',4,3,'张立立','增加费用报销银行账号','SAP-ZFI074',7,NULL,20,'10.128.115.184','2018-05-16 01:52:07'),(2658,1,'2018-05-16',1,3,'邓君平','修改客户SD621001收货人信息','SS-GBM15000',7,NULL,20,'10.128.115.184','2018-05-16 01:54:34'),(2659,2,'2018-05-16',6,1,'薛利英','实际有库存，但日结时包材不够，无法日结','日结包材库存和库存余额不一致，联系程序员处理',6,NULL,20,'10.127.24.141','2018-05-16 04:25:54'),(2660,2,'2018-05-16',4,3,'马益益','添加员工及银行账号：王永永、白冰','SAP',6,NULL,20,'10.127.24.141','2018-05-16 04:26:52'),(2661,2,'2018-05-16',4,7,'于超防','添加银行账号：宁波国顺建设有限公司','SAP',6,NULL,20,'10.127.24.141','2018-05-16 05:37:43'),(2662,2,'2018-05-16',1,1,'王园园','SS销售重发SAP出错','SAP找不到对应日志，发IA处理',6,NULL,20,'10.127.24.141','2018-05-16 08:43:51'),(2663,2,'2018-05-16',4,3,'徐凌峰','添加供应商及银行账号：宁波市东海长城石化有限公司','MDM、SS、SAP',6,NULL,20,'10.127.24.141','2018-05-16 08:53:57'),(2664,1,'2018-05-16',3,5,'阴攀','PG19-201805-31退回到申请人','OA-流程干预',1,NULL,20,'10.128.112.254','2018-05-16 08:59:25'),(2665,1,'2018-05-17',3,7,'马仁涛','OA-添加蛋业自己的文档下载中心','OA个人门户维护',1,NULL,20,'10.128.112.254','2018-05-17 02:45:28'),(2666,2,'2018-05-17',4,3,'陈国辉','添加供应商及银行账号：慈溪市新角度白蚁防治有限公司','MDM、SS、SAP',6,NULL,20,'10.127.24.144','2018-05-17 04:08:41'),(2667,1,'2018-05-17',3,5,'杜雪松','修改签章','OA',1,NULL,20,'10.128.112.254','2018-05-17 07:52:10'),(2668,1,'2018-05-17',9,5,'黄贺群','删除62生产领料单','SS-EGU01000',7,NULL,20,'10.128.113.51','2018-05-17 08:27:07'),(2669,2,'2018-05-17',4,3,'宋红杰','添加客户：华润新鸿基房地产（杭州）有限公司柏悦酒店分公司','MDM、SS、SAP',6,NULL,20,'10.127.24.144','2018-05-17 08:33:10'),(2670,1,'2018-05-17',4,3,'董伟国','添加供应商：北京市避雷装置安全检测中心','MDM、SAP',7,NULL,20,'10.128.113.51','2018-05-17 08:38:58'),(2671,1,'2018-05-17',4,2,'于海洋','添加客户：四川正大蛋业有限公司','MDM、SS、SAP',7,NULL,20,'10.128.113.51','2018-05-17 08:39:35'),(2672,1,'2018-05-17',4,2,'邓君平','添加客户：好适口（天津）供应链管理有限公司','MDM、SS、SAP',7,NULL,20,'10.128.113.51','2018-05-17 08:40:01'),(2673,1,'2018-05-17',4,2,'张宁','添加客户：程静','MDM、SS、SAP',7,NULL,20,'10.128.113.51','2018-05-17 08:43:01'),(2674,1,'2018-05-15',8,5,'梁丽艳','12号无法做日结','结转原料蛋',7,NULL,20,'10.128.113.51','2018-05-17 08:43:55'),(2675,1,'2018-05-18',8,7,'黄贺群','液蛋厂PO单提示文件日期超前','SS-GBM44G00',7,NULL,20,'10.128.113.190','2018-05-18 02:37:13'),(2676,1,'2018-05-18',1,7,'关昭','58100023液蛋产品WM系统与SS系统库存不符','整理文档提交IA调整库存',7,NULL,20,'10.128.113.190','2018-05-18 02:40:19'),(2677,1,'2018-05-18',3,7,'刘伟','开户签呈执行价格没有YH和WM','OA-字段管理，添加选项',1,NULL,20,'10.128.112.254','2018-05-18 05:16:39'),(2678,1,'2018-05-18',3,7,'博会双','开户签呈执行价格没有CS、HT、JL、LH、PF、RY、SD、ST、TW、ZJ、HL、','OA-字段管理，添加选项',1,NULL,20,'10.128.112.254','2018-05-18 05:26:51'),(2679,1,'2018-05-18',1,7,'郭丹','河南阿拉丁和北京秦味府修改收货人和联系人','SS-GBM16000',1,NULL,20,'10.128.112.254','2018-05-18 08:35:27'),(2680,1,'2018-05-21',3,7,'杨倩','申请开通OA账号','OA人事添加',1,NULL,21,'10.128.112.254','2018-05-21 03:08:06'),(2681,1,'2018-05-21',7,7,'杨雪梅','要求E4、E5、E6禽种修改成HY_BROWN商品代海兰褐','提交给IA',1,NULL,21,'10.128.112.254','2018-05-21 03:12:37'),(2682,1,'2018-05-21',2,1,'魏小颖','凯儿宝宝幼儿园ss系统分开记账，设置的是结算于总公司','提交IA查询是什么原因！并修改',1,NULL,21,'10.128.112.254','2018-05-21 03:14:26'),(2683,1,'2018-05-21',4,7,'李益如','更改银行账号','SAP',3,NULL,21,'10.128.114.229','2018-05-21 03:48:43'),(2684,1,'2018-05-21',1,5,'田雅丽','无法登陆SS系统','地址输入错误',7,NULL,21,'10.128.113.190','2018-05-21 05:33:35'),(2685,1,'2018-05-21',3,5,'刘阳','手机版OA无法登陆','手机版OA地址：oa.cpgroup.cn:89',7,NULL,21,'10.128.113.190','2018-05-21 05:35:08'),(2686,1,'2018-05-21',3,7,'彭艳楠','PG24-2018040614签呈撤回到部门主管审批','流程强制收回',7,NULL,21,'10.128.113.190','2018-05-21 05:37:30'),(2687,1,'2018-05-21',6,1,'郭金蕊','分级无法做19号日结','整理文档提交IA',7,NULL,21,'10.128.113.190','2018-05-21 05:41:37'),(2688,1,'2018-05-21',8,1,'王瑜善','研发辅料000000000101795在WM系统搜寻不到','整理文档提交IA',7,NULL,21,'10.128.113.190','2018-05-21 05:42:52'),(2689,1,'2018-05-21',1,1,'关昭','DCM12000确认发货单报错','整理文档提交IA',7,NULL,21,'10.128.113.190','2018-05-21 05:47:07'),(2690,1,'2018-05-21',6,1,'郭金蕊','分级下20号62领料单提示包材库存不足','整理文档提交IA',7,NULL,21,'10.128.113.190','2018-05-21 05:47:59'),(2691,1,'2018-05-21',1,1,'张宁','53203019产品WM系统B402库存存在小数','整理文档提交IA调整库存',7,NULL,21,'10.128.113.190','2018-05-21 08:30:36'),(2692,1,'2018-05-22',3,7,'杨倩','填写报销流程，提示没有银行账号','查询sap是否添加了银行账号，如果添加查询oa里的员工编号和sapCV编码是否一样',1,NULL,21,'10.128.112.254','2018-05-22 00:44:57'),(2693,2,'2018-05-22',4,3,'岑凯茜','添加客户：浙江缪斯环境科技有限公司','MDM、SS、SAP',6,NULL,21,'10.127.24.147','2018-05-22 02:45:15'),(2694,2,'2018-05-22',4,3,'冯佳维','添加客户：蓝蛙餐饮管理（上海）有限公司','MDM、SS、SAP',6,NULL,21,'10.127.24.147','2018-05-22 02:46:39'),(2695,1,'2018-05-22',2,7,'杨林峰','SS添加权限PVI01000、PVI02000','SS-GBM05000',7,NULL,21,'10.128.115.88','2018-05-22 03:08:37'),(2696,1,'2018-05-22',8,1,'梁丽艳','深加工B0000001辅料SS系统和WM系统库存不符','整理文档提交IA调整库存',7,NULL,21,'10.128.115.88','2018-05-22 03:10:00'),(2697,2,'2018-05-22',4,3,'李杰','添加供应商及银行账号：宁波顺森国际货运代理有限公司','MDM、SS、SAP',6,NULL,21,'10.127.24.147','2018-05-22 03:55:34'),(2698,1,'2018-05-22',4,3,'冯渊','添加供应商：香河县京润纸制品厂、青县新华印刷厂','MDM、SAP',7,NULL,21,'10.128.115.88','2018-05-22 05:40:32'),(2699,1,'2018-05-22',3,3,'冯渊','添加供应商：三河市卓泰腾辉包装材料有限公司、天津鑫东琳科技有限公司','MDM、SS、SAP',7,NULL,21,'10.128.115.88','2018-05-22 05:41:09'),(2700,1,'2018-05-22',1,7,'李虹宇','50180503380对应车牌号提示51000240产品申请数量大于库存数量','手动将64调拨入库单发送到WM，WMM584000确认入库',7,NULL,21,'10.128.115.88','2018-05-22 06:20:21'),(2701,1,'2018-05-22',3,7,'刘翔鹤','添加张珺轩OA账号','OA人事',7,NULL,21,'10.128.115.88','2018-05-22 08:50:52'),(2702,1,'2018-05-22',2,7,'王瑜善','600000000147145在SS系统GBM29001下查询不到','此包材未填写事业线，造成29001下看不到，上GBM29000下通过Modify将事业线选择上',7,NULL,21,'10.128.115.88','2018-05-22 09:08:04'),(2703,1,'2018-05-23',2,7,'杨林峰','SS添加权限PUI05000','SS-GBM05000',7,NULL,21,'10.128.115.241','2018-05-23 01:59:38'),(2704,1,'2018-05-23',1,5,'刘阳','查一下5月11号BJ10100512退货单531805E00075','该退货单已作废',7,NULL,21,'10.128.115.241','2018-05-23 02:01:46'),(2705,1,'2018-05-23',8,1,'梁丽艳','深加工下62领料单000000000096679包材提示库存不足','整理文档提交IA调整库存',7,NULL,21,'10.128.115.241','2018-05-23 02:02:26'),(2706,1,'2018-05-23',2,7,'杨林峰','SS添加EGGM0710权限','SS-GBM05000',7,NULL,21,'10.128.115.241','2018-05-23 02:13:43'),(2707,1,'2018-05-23',8,5,'黄贺群','61单据日期超前','SS-GBM44800、GBM44I00',7,NULL,21,'10.128.115.241','2018-05-23 03:17:30'),(2708,1,'2018-05-23',8,7,'关昭','深加工确认原料蛋结转入库提示日期超前','SS-GBM44800、GBM44I00',7,NULL,21,'10.128.115.241','2018-05-23 03:19:13'),(2709,1,'2018-05-23',1,7,'关昭','调整51000240、58100023库存','整理文档提交IA调整库存',7,NULL,21,'10.128.115.241','2018-05-23 03:20:19'),(2710,2,'2018-05-23',4,3,'卢 晶晶','添加供应商及银行账号：浙江金穗律师事务所','MDM、SS、SAP',6,NULL,21,'10.127.24.81','2018-05-23 03:22:22'),(2711,1,'2018-05-23',4,3,'曹彭辉','SAP添加员工信息HR297435','SAP-ZFI074',7,NULL,21,'10.128.115.241','2018-05-23 04:50:11'),(2712,1,'2018-05-22',5,5,'张政','删除采购单4015120356','SS，取消审核后删除',1,NULL,21,'10.128.112.254','2018-05-23 07:12:22'),(2713,1,'2018-05-23',2,5,'冯渊','211115雄县京峰采购单作废','SS',1,NULL,21,'10.128.112.254','2018-05-23 08:15:31'),(2714,1,'2018-05-23',2,7,'梁丽艳','添加SS账号（王小跃）','SS-GBM4000，GBM5000',7,NULL,21,'10.128.115.241','2018-05-23 08:26:48'),(2715,1,'2018-05-23',4,3,'杜雪松','修改供应商默认银行账号（正大（中国）投资有限公司）','SAP-ZBP002',7,NULL,21,'10.128.115.241','2018-05-23 08:28:57'),(2716,1,'2018-05-23',4,2,'赵帅','客户开户：香河华香商贸有限公司、北京维景国际大酒店有限责任公司','MDM、SS',7,NULL,21,'10.128.115.241','2018-05-23 08:29:49'),(2717,1,'2018-05-23',4,2,'李泽祥','客户开户：永辉彩食鲜和生鲜DC','MDM、SS、SAP',7,NULL,21,'10.128.115.241','2018-05-23 08:30:40'),(2718,1,'2018-05-24',4,7,'冯渊','供应商银行信息错误','联系sap李立磊停掉错误的银行信息，添加新的正确的银行信息',1,NULL,21,'10.128.112.254','2018-05-24 02:50:58'),(2719,1,'2018-05-24',4,3,'冯渊','添加供应商：北京华信包装制品有限公司','MDM、SS、SAP',1,NULL,21,'10.128.112.254','2018-05-24 03:42:55'),(2720,1,'2018-05-24',2,7,'王瑜善','添加SS账号（zhaoxx）权限EGM10901','SS-GBM05000',7,NULL,21,'10.128.113.144','2018-05-24 04:57:57'),(2721,1,'2018-05-24',1,3,'彭艳楠','HB301001-河北天绿食食品有限公司账期由50天改为60天','SS-GBM18000',7,NULL,21,'10.128.113.144','2018-05-24 04:59:23'),(2722,1,'2018-05-24',3,7,'马红峪','在慈溪支援需要开通慈溪相关OA流程','OA-流程节点设置添加马红峪',1,NULL,21,'10.128.112.254','2018-05-24 07:43:40'),(2723,1,'2018-05-25',7,7,'朱琳','新800000702000197免疫传喉活苗无法入库','参照关于公司新增药品疫苗的正确流程',1,NULL,21,'10.128.112.254','2018-05-25 00:53:00'),(2724,1,'2018-05-25',5,1,'肖婧','青年鸡仓位14日和15日有负数','提交IA后，IA回复只要总的仓位不是负数就不影响盘点',1,NULL,21,'10.128.112.254','2018-05-25 00:55:09'),(2725,1,'2018-05-25',9,7,'黄贺群','61单据日期超前','SS-GBM44800',7,NULL,21,'10.128.114.20','2018-05-25 01:55:53'),(2726,1,'2018-05-25',9,5,'黄贺群','24号产成品日结中未显示611805L000387入库的产品','入库选错PO单，选择了25号的PO单',7,NULL,21,'10.128.114.20','2018-05-25 02:24:45'),(2727,1,'2018-05-25',9,7,'黄贺群','添加EGM04111权限','SS-GBM05000',7,NULL,21,'10.128.114.20','2018-05-25 02:25:57'),(2728,1,'2018-05-25',9,5,'黄贺群','删除611805L000387入库单','SS-EGM04111',7,NULL,21,'10.128.114.20','2018-05-25 02:37:19'),(2729,2,'2018-05-25',4,3,'马红裕','添加客户：上海黍煌贸易有限公司','MDM、SS、SAP',6,NULL,21,'10.127.24.33','2018-05-25 03:05:55'),(2730,2,'2018-05-25',4,7,'方琴','添加AS3成本中心与职能线对应','ZAS3_C2',6,NULL,21,'10.127.24.33','2018-05-25 03:09:22'),(2731,2,'2018-05-25',4,3,'宋加欢','添加员工及银行账号：宋加欢','发IA添加员工后在SAP增加银行账号',6,NULL,21,'10.127.24.33','2018-05-25 03:10:36'),(2732,2,'2018-05-25',1,7,'王园园','更改客户信用类别：10023119、10022982','GBM18000',6,NULL,21,'10.127.24.33','2018-05-25 05:21:25'),(2733,1,'2018-05-25',2,5,'冯渊','苏州市华事达印刷包装有限公司E844开头的华事达单子作废','ss-采购单拦截处理',1,NULL,21,'10.128.112.254','2018-05-25 07:13:55'),(2734,1,'2018-05-27',6,5,'郭金瑞','分级入库搜索不到产品信息','对比之前PO单，发现PO单没有选择产品，重新下PO单',2,NULL,21,'10.128.114.217','2018-05-27 01:41:53'),(2735,2,'2018-05-28',4,3,'吴宝川','添加供应商及银行账号：通标标准技术服务有限公司宁波分公司','MDM、SS、SAP',6,NULL,22,'10.127.24.94','2018-05-28 00:53:38'),(2736,1,'2018-05-28',4,2,'李小静','10072012-正大电子商务（浙江）有限公司~泡泡店','MDM、SS、SAP',7,NULL,22,'10.128.115.49','2018-05-28 03:23:00'),(2737,1,'2018-05-28',2,5,'冯渊','包材无法入库','税号不同，产品编码没对应，GBM20000没设置，论坛有方法',1,NULL,22,'10.128.112.254','2018-05-28 03:34:55'),(2738,1,'2018-05-28',2,7,'王瑜善','开通ITG16000权限，处理物料进货单相关问题','ss-权限管理',1,NULL,22,'10.128.112.254','2018-05-28 03:55:52'),(2739,1,'2018-05-28',4,7,'秦鹏飞','10006623北京市邦味调味品有限公司添加银行信息','sap，银行主数据维护',1,NULL,22,'10.128.112.254','2018-05-28 04:13:20'),(2740,1,'2018-05-28',6,1,'包材库','分级16号下的621805E00063单中的包材在库存变动明细表中找不到','删621805E00063单中的包材在库存变动明细表中找不除62单重新下单子',7,NULL,22,'10.128.115.49','2018-05-28 04:25:54'),(2741,1,'2018-05-28',6,1,'包材库','分级16号下的PO单已经删除，但000000000002360包材在库存变动明细表中还显示出库记录','整理文档提交IA',7,NULL,22,'10.128.115.49','2018-05-28 04:27:38'),(2742,1,'2018-05-28',1,7,'王英俊','53204019产品库存调整','整理文档提交IA调整库存',7,NULL,22,'10.128.115.49','2018-05-28 04:28:23'),(2743,1,'2018-05-28',1,7,'天津梁英','10042996客户添加始发仓位A202','SS-DCM06000',7,NULL,22,'10.128.115.49','2018-05-28 04:30:05'),(2744,1,'2018-05-28',3,5,'阴攀','签呈PG19-201805-30退回','OA-流程干预',1,NULL,22,'10.128.112.254','2018-05-28 08:12:12'),(2745,1,'2018-05-28',2,5,'李淑贤','000239，210680 供应商采购单全部截止','SS-总账',1,NULL,22,'10.128.112.254','2018-05-28 08:27:00'),(2746,1,'2018-05-28',4,3,'李淑贤','添加供应商：安沃森（北京）生物科技有限公司','MDM、SAP',7,NULL,22,'10.128.115.49','2018-05-28 08:52:22'),(2747,1,'2018-05-28',1,7,'李宏宇','910754添加深加工产品','SS-GBM17000、GBM18000、DCM06000',7,NULL,22,'10.128.115.49','2018-05-28 08:53:56'),(2748,1,'2018-05-28',1,7,'李建秋','64单据日期超前','SS-GBM44800、GBM44I00',7,NULL,22,'10.128.115.49','2018-05-28 08:54:34'),(2749,1,'2018-05-29',4,2,'张立立','添加客户：北京贵都永和餐饮服务有限公司','MDM、SS、SAP',7,NULL,22,'10.128.115.191','2018-05-29 02:33:57'),(2750,1,'2018-05-29',1,7,'刘伟','10072012结账时没有归结于总店910754','检查GBM16000没有问题，联系IA解决',7,NULL,22,'10.128.115.191','2018-05-29 02:36:02'),(2751,1,'2018-05-29',4,7,'杜雪松','修改10002995供应商默认银行账号','SAP-ZBP002',7,NULL,22,'10.128.115.191','2018-05-29 02:51:58'),(2752,1,'2018-05-29',3,5,'张保英','FY05_1A-20180500590签呈蛋业“王芳”看不到','审批人选择错误，选择了慈溪“王芳”，联系总部OA流程调度',7,NULL,22,'10.128.115.191','2018-05-29 07:02:04'),(2753,1,'2018-05-29',1,5,'天津梁英','确认发货找不到50180504545','手动将SP发送到WM，做备货',7,NULL,22,'10.128.115.191','2018-05-29 07:12:58'),(2754,2,'2018-05-29',3,7,'茹丹','添加OA账号：茹丹、何霞','OA',6,NULL,22,'10.127.24.68','2018-05-29 07:42:35'),(2755,2,'2018-05-29',4,3,'薛利英','添加员工：顾丽敏','发IA添加员工后在SAP增加银行账号',6,NULL,22,'10.127.24.68','2018-05-29 07:43:55'),(2756,1,'2018-05-29',6,7,'宋宇航','分级下POI单找不到50206013、50207028产品','上MDM GBM29000修改产品系列，修改后联系IA审核',7,NULL,22,'10.128.115.191','2018-05-29 07:46:59'),(2757,2,'2018-05-29',4,3,'于超防','添加供应商及银行账号：汪斌、周宗魁','MDM、SS、SAP',6,NULL,22,'10.127.24.68','2018-05-29 08:04:01'),(2758,1,'2018-05-29',2,5,'冯渊','包材无法入库','供应商10071746未设置GBM2000',7,NULL,22,'10.128.113.70','2018-05-30 00:49:50'),(2759,2,'2018-05-30',4,3,'刘小二','添加供应商及银行账号：宁波市阿六食品有限公司','MDM、SS、SAP',6,NULL,22,'10.127.24.161','2018-05-30 02:16:36'),(2760,1,'2018-05-30',3,5,'周帅','PG12-2018050673和PG12-2018050672退回到申请人','oa-流程干预',1,NULL,22,'10.128.112.254','2018-05-30 08:35:39'),(2761,1,'2018-05-30',5,7,'李鹏飞','从中央服务器下载最新采购标准','CTS01007、CTS01008',7,NULL,22,'10.128.113.70','2018-05-30 09:57:57'),(2762,1,'2018-05-30',1,1,'李建秋','订单分配界面库存与查询库存数量不一致','整理文档提交IA',7,NULL,22,'10.128.113.70','2018-05-30 09:58:54'),(2763,1,'2018-05-30',1,5,'李小静','选蛋产品50207029、50201084、50201083、502208022四个产品入库在PA仓','设置入库仓位，手动将61单据发送到WM系统',7,NULL,22,'10.128.113.70','2018-05-30 10:00:39'),(2764,1,'2018-05-30',6,7,'王瑜善','选蛋产品50207029、50201084、50201083、502208022四个产品PO单中选不','MDM-GBM29000修改产品系列，联系IA审核',7,NULL,22,'10.128.113.70','2018-05-30 10:02:54'),(2765,1,'2018-05-31',3,5,'周帅','FY01_1-20171200751签呈退回到报账人填写实际金额','OA-流程干预',1,NULL,22,'10.128.112.254','2018-05-31 03:47:58'),(2766,1,'2018-05-31',1,7,'关昭','64单据日期超前','SS-GBM44800、GBM44I00',8,NULL,22,'10.128.115.66','2018-05-31 04:10:52'),(2767,1,'2018-05-31',4,3,'张晓磊','添加供应商：北京洳盛电器设备安装有限公司','MDM、SAP-ZFI074',7,NULL,22,'10.128.113.227','2018-05-31 04:28:21'),(2768,1,'2018-05-31',1,5,'田雅丽','删除RS1805E00161退货单，应为调减金额','SS-SRU01000恢复打印，然后去SRM01000删除',7,NULL,22,'10.128.113.227','2018-05-31 05:39:55'),(2769,1,'2018-06-01',4,7,'廉络','910691云南正大蛋业扩展成客户和供应商','sap扩展',1,NULL,22,'10.128.112.254','2018-06-01 03:09:51'),(2770,1,'2018-06-01',2,7,'杨林峰','添加STM15000权限','SS-GBM05000',7,NULL,22,'10.128.114.121','2018-06-01 03:20:59'),(2771,1,'2018-06-01',1,3,'李泽祥','修改BJ101011收货地址','SS-GBM15000',7,NULL,22,'10.128.114.121','2018-06-01 03:22:35'),(2772,1,'2018-06-01',4,2,'李小静','添加现销户：河北友聚食品销售有限公司','MDM、SS、SAP',7,NULL,22,'10.128.114.121','2018-06-01 03:23:21'),(2773,1,'2018-06-01',4,2,'于海洋','添加赊销客户：南京旺旺食品有限公司','MDM、SS、SAP',7,NULL,22,'10.128.114.121','2018-06-01 03:23:46'),(2774,1,'2018-06-01',4,3,'张晓磊','供应商开户：轻工业环境保护研究所','MDM、SAP-ZFI074',7,NULL,22,'10.128.114.121','2018-06-01 03:24:21'),(2775,1,'2018-06-01',4,3,'赵佳丽','供应商添加：北京维正专利代理有限公司','MDM、SS、SAP',1,NULL,22,'10.128.112.254','2018-06-01 08:10:56'),(2776,1,'2018-06-02',6,5,'王瑜善','53503016不能自动带 出大箱','SS重新设大箱自动领用画勾',3,NULL,22,'10.128.115.162','2018-06-04 00:48:38'),(2777,1,'2018-06-02',6,2,'闫亭亭','开SS权限','SS权限效用',3,NULL,22,'10.128.115.162','2018-06-04 00:49:53'),(2778,1,'2018-06-03',1,7,'杜爱宇','液蛋调拨提示无路线','SS添加衔接客户与运输路线',3,NULL,22,'10.128.115.162','2018-06-04 00:56:09'),(2779,1,'2018-06-04',3,7,'曹彭辉','PG09-2018051324 签呈撤回','流程强制收回',7,NULL,23,'10.128.115.141','2018-06-04 02:24:59'),(2780,1,'2018-06-04',1,7,'朱军','50180600304对应车牌号提示申请数量大于库存数量','WM-WMM58400',7,NULL,23,'10.128.115.141','2018-06-04 04:13:45'),(2781,1,'2018-06-04',1,7,'朱军','51003090产品PG仓位库存调整','整理文档提交IA调整库存',7,NULL,23,'10.128.115.141','2018-06-04 07:53:40'),(2782,1,'2018-06-04',1,7,'天津梁英','TJ201085增加B402始发仓位','SS-DCM06000',7,NULL,23,'10.128.115.141','2018-06-04 08:25:02'),(2783,1,'2018-06-05',5,7,'张政','将饲料厂原料18808包装改成50kg/包','SS-GBM29000',7,NULL,23,'10.128.113.21','2018-06-05 02:51:49'),(2784,1,'2018-06-05',6,7,'郭金蕊','分级入库选不到50211014产品','GBM29000修改产品系列后联系IA审核',7,NULL,23,'10.128.113.182','2018-06-06 00:56:55'),(2785,1,'2018-06-05',1,7,'杜爱宇','BJ302074开立订单点击确认报错','SS-GBM25100',7,NULL,23,'10.128.113.182','2018-06-06 00:58:42'),(2786,1,'2018-06-05',3,5,'李小静','OA查看我的请求提示连接已重置','换谷歌浏览器重新登陆',7,NULL,23,'10.128.113.182','2018-06-06 00:59:59'),(2787,1,'2018-06-05',4,2,'刘艳霞','客户开户：北京金都假日饭店有限公司','MDM、SS、SAP',7,NULL,23,'10.128.113.182','2018-06-06 01:01:10'),(2788,1,'2018-06-05',4,2,'彭艳楠','客户开户：上海迈雅食品有限公司','MDM、SS、SAP',7,NULL,23,'10.128.113.182','2018-06-06 01:01:36'),(2789,1,'2018-06-05',4,3,'彭艳楠','供应商开户：魏芳','MDM、SAP',7,NULL,23,'10.128.113.182','2018-06-06 01:02:13'),(2790,1,'2018-06-05',4,3,'冯渊','修改供应商“吉祥光包装制品（北京）有限公司”税号','联系IA停用老税号，GBM15010、GBM15020',7,NULL,23,'10.128.113.182','2018-06-06 01:03:30'),(2791,1,'2018-06-05',1,1,'李建秋','订单分配界面库存与查询库存数量不一致','创建一条测试订单，重新填写问题说明提交IA',7,NULL,23,'10.128.113.182','2018-06-06 01:05:03'),(2792,1,'2018-06-05',2,7,'曹静茹','为WUXIUYUE添加SS账号','SS-GBM04000、GBM05000',7,NULL,23,'10.128.113.182','2018-06-06 01:06:37'),(2793,1,'2018-06-06',3,3,'梁丽艳','添加员工账号：HR289889','填写好相关信息发送SAP，ZFI074添加银行账号信息',7,NULL,23,'10.128.113.182','2018-06-06 01:58:04'),(2794,1,'2018-06-06',1,7,'天津梁英','64单据B402 单据日期超前','SS-GBM44800、GBM44I00',7,NULL,23,'10.128.113.182','2018-06-06 01:58:58'),(2795,1,'2018-06-06',2,7,'王瑜善','变更50206014、50207031产品系列','GBM29000修改产品系列后联系IA审核',7,NULL,23,'10.128.113.182','2018-06-06 02:35:34'),(2796,1,'2018-06-06',4,3,'朱琳','供应商开户：滦南县广源纸质品有限公司','MDM、SS、SAP',1,NULL,23,'10.128.112.254','2018-06-06 03:34:28'),(2797,1,'2018-06-06',4,3,'何凤鹏','添加供应商：北京绿谷好运来果品产销专业合作社','MDM、SAP-ZFI074',7,NULL,23,'10.128.113.182','2018-06-06 03:49:20'),(2798,1,'2018-06-06',4,3,'邓君平','10006323呷哺扩展成供应商','SAP',1,NULL,23,'10.128.112.254','2018-06-06 04:05:31'),(2799,1,'2018-06-06',2,7,'杨林峰','YANGLF添加CUBEM020、CUBEG020权限','SS-GBM05000',7,NULL,23,'10.128.113.182','2018-06-06 05:17:37'),(2800,1,'2018-06-06',4,2,'李宏宇','客户开户：万意嘉超市~自提户','MDM、SS、SAP',7,NULL,23,'10.128.113.182','2018-06-06 07:11:41'),(2801,1,'2018-06-06',3,7,'阴攀','上传个人签章','OA',1,NULL,23,'10.128.112.254','2018-06-06 08:00:00'),(2802,1,'2018-06-06',4,2,'何平','添加客户：优包佰味','MDM、SS、SAP',7,NULL,23,'10.128.113.182','2018-06-06 09:01:26'),(2803,1,'2018-06-07',3,5,'周帅','PG12-2018060709退回到申请人','OA-流程干预',1,NULL,23,'10.128.112.254','2018-06-07 00:40:57'),(2804,1,'2018-06-07',3,7,'梁丽艳','添加OA账号：芮艳丽','OA人事管理',7,NULL,23,'10.128.114.53','2018-06-07 00:54:48'),(2805,1,'2018-06-07',1,7,'天津梁英','调整B402  64单据票据顺序号','SS-GBM44800、GBM44I00',7,NULL,23,'10.128.114.53','2018-06-07 02:35:35'),(2806,1,'2018-06-07',4,2,'金雨莹','客户开户：北京华康绿源食品有限公司','MDM、SS、SAP',7,NULL,23,'10.128.114.53','2018-06-07 05:21:47'),(2807,1,'2018-06-07',4,3,'何凤鹏','添加供应商：天津惠商供应链科技有限公司','MDM、SAP-ZFI074',7,NULL,23,'10.128.114.53','2018-06-07 05:50:54'),(2808,1,'2018-06-07',3,7,'马仁涛','新同事申请OA帐号，处理节点是会签','联系总部OA管理员修改成非会签',1,NULL,23,'10.128.112.254','2018-06-07 06:05:22'),(2809,1,'2018-06-07',3,7,'胡海杰','系统帐号注销申请单，OA管理员节点为会签','联系总部OA管理员修改成非会签',1,NULL,23,'10.128.112.254','2018-06-07 06:06:14'),(2810,1,'2018-06-07',1,7,'邓君平','10029930设置扣点%8.6','SS-GBM17000',7,NULL,23,'10.128.114.53','2018-06-07 08:11:47'),(2811,1,'2018-06-08',4,3,'张保英','添加员工账号：HR264139','填写好相关信息发送SAP，ZFI074添加银行账号信息',7,NULL,23,'10.128.114.212','2018-06-08 00:43:11'),(2812,1,'2018-06-08',4,3,'郑帅','SAP添加银行账号','SAP-ZFI074',7,NULL,23,'10.128.114.212','2018-06-08 00:43:41'),(2813,1,'2018-06-08',3,5,'董伟国','FY02_1-20180601659、PG10-2018060780退回到申请人','流程强制收回',7,NULL,23,'10.128.114.212','2018-06-08 01:00:34'),(2814,1,'2018-06-08',3,7,'董伟国','PG10-2018060776退回到申请人修改合同金额','强制收回',7,NULL,23,'10.128.114.212','2018-06-08 01:01:27'),(2815,1,'2018-06-08',3,7,'彭艳楠','FY06签呈报错','应付会计没有设置，添加应付会计解决',1,NULL,23,'10.128.112.254','2018-06-08 04:13:26'),(2816,1,'2018-06-08',4,3,'秦鹏飞','修改供应商“北京嘉逸兴城五金经销部”税号','MDM、SS',7,NULL,23,'10.128.114.212','2018-06-08 04:54:07'),(2817,1,'2018-06-08',3,7,'曹鹏辉','新员工张程OA开户','OA-人事',1,NULL,23,'10.128.112.254','2018-06-08 05:21:24'),(2818,1,'2018-06-08',4,2,'李泽祥','客户开户：北京永辉超市有限公司~大仓店','MDM、SS、SAP',7,NULL,23,'10.128.114.212','2018-06-08 07:47:59'),(2819,1,'2018-06-08',2,7,'王瑜善','修改50203009产品系列','MDM-GBM29000修改产品系列，联系IA审核',7,NULL,23,'10.128.114.212','2018-06-08 07:48:36'),(2820,1,'2018-06-09',6,1,'宋宇航','分级6月8日日结53401015W产品数量与入库数量不符','删除61入库单重新入库',7,NULL,23,'10.128.115.75','2018-06-09 04:31:03'),(2821,1,'2018-06-09',4,3,'王刚','SAP添加员工信息HR280040','填写好相关信息发送SAP，ZFI074添加银行账号信息',7,NULL,23,'10.128.115.75','2018-06-09 04:31:42'),(2822,1,'2018-06-09',1,7,'杜爱宇','55133033入库450箱，订单库存显示414','手动将61单发送WM系统，WMM58400确认入库',7,NULL,23,'10.128.115.75','2018-06-09 06:53:55'),(2823,1,'2018-06-11',9,7,'黄贺群','PO单日期超前','SS-GBM44G00',7,NULL,24,'10.128.115.200','2018-06-11 01:52:49'),(2824,1,'2018-06-11',4,3,'秦鹏飞','添加供应商：郑州中泰安科粉体科技有限公司','MDM、SAP-ZFI074',7,NULL,24,'10.128.115.200','2018-06-11 06:19:38'),(2825,1,'2018-06-11',2,5,'李淑贤','供应商是冯渊的采购单拦截处理','ss-采购单截单',1,NULL,24,'10.128.112.254','2018-06-11 08:01:02'),(2826,1,'2018-06-11',3,5,'周帅','PG09-2018061353附件上传错我','OA退回',1,NULL,24,'10.128.112.254','2018-06-11 08:02:42'),(2827,1,'2018-06-11',3,7,'何平','慈溪FY01签呈按部门不同人处理','联系总部OA管理员调整',1,NULL,24,'10.128.112.254','2018-06-11 08:03:53'),(2828,1,'2018-06-11',2,1,'冯渊','采购单无法入库','包材编码没有正常下载，联系IA田丽帮忙处理',1,NULL,24,'10.128.112.254','2018-06-11 08:04:43'),(2829,1,'2018-06-11',5,1,'蔡德华','无法下载1月到5月原料使用，系统默认只能下载最近3个月','联系IA王玉，无法处理。程序设定了。',1,NULL,24,'10.128.112.254','2018-06-11 08:06:01'),(2830,1,'2018-06-11',3,5,'天津梁英','查询离职人员柴兴明的员工编号','OA人事管理',7,NULL,24,'10.128.115.200','2018-06-11 08:10:15'),(2831,1,'2018-06-11',3,7,'阴攀','打印的时候没有领导签名','OA-开启打印流转意见',1,NULL,24,'10.128.112.254','2018-06-11 08:43:19'),(2832,1,'2018-06-12',3,7,'张程','OA上传签章','OA人事编辑',3,NULL,24,'10.128.113.157','2018-06-12 01:12:02'),(2833,1,'2018-06-12',3,7,'王素荣','将241605OA账号处理成离职','OA后台应用中心->应用中心->人事管理',7,NULL,24,'10.128.113.103','2018-06-12 02:15:39'),(2834,1,'2018-06-12',3,5,'赵伟','PG33-2018060185撤回到会签人赵伟','流程干预',7,NULL,24,'10.128.113.103','2018-06-12 03:05:50'),(2835,1,'2018-06-12',3,5,'韩峥辉','陈国辉&于超房被人力提报给总部，做离职处理了。','联系总部恢复OA和CPC，并调整到慈溪',1,NULL,24,'10.128.112.254','2018-06-12 03:45:34'),(2836,1,'2018-06-12',3,3,'张保英','添加员工账号：HR251100','填写好相关信息发送SAP，ZFI074添加银行账号信息',7,NULL,24,'10.128.113.103','2018-06-12 08:17:48'),(2837,1,'2018-06-13',4,3,'赵志辉','添加员工账号：HR106003','填写好相关信息发送SAP，ZFI074添加银行账号信息',7,NULL,24,'10.128.113.249','2018-06-13 01:49:18'),(2838,1,'2018-06-13',4,3,'刘艳霞','添加供应商：通标标准技术服务（上海）有限公司','MDM，SAP',7,NULL,24,'10.128.113.249','2018-06-13 03:40:57'),(2839,1,'2018-06-13',1,3,'彭艳楠','HB101008增加液蛋事业线','SS-GBM17000、GBM18000、DCM06000',7,NULL,24,'10.128.113.249','2018-06-13 04:05:39'),(2840,1,'2018-06-13',2,7,'包材库','000000000038634包材入库提示错误','SS-GBM29000修改计量单位，联系IA修改41单据单位',7,NULL,24,'10.128.113.249','2018-06-13 07:15:01'),(2841,1,'2018-06-13',4,2,'李虹宇','客户开户：中信银行股份有限公司总行营业部~签呈','MDM、SS',7,NULL,24,'10.128.113.249','2018-06-13 07:15:41'),(2842,1,'2018-06-13',1,3,'李泽祥','修改10071832收货地址','MDM-MDM04000、GBM15000',7,NULL,24,'10.128.113.249','2018-06-13 07:22:19'),(2843,1,'2018-06-13',3,7,'王国华','PG18支出报账复核单人力资源需要修改成多人力资源','OA-流程路径设置修改',1,NULL,24,'10.128.112.254','2018-06-13 08:27:51'),(2844,1,'2018-06-13',3,5,'博会双','FY06_预付款申请流程报错，','日期填写错误，提示账期未打开，联系总部退回！',1,NULL,24,'10.128.112.254','2018-06-13 09:01:19'),(2845,1,'2018-06-14',4,2,'邓君平','添加客户：中国平安人寿保险股份有限公司','MDM、SS',7,NULL,24,'10.128.114.135','2018-06-14 01:31:44'),(2846,1,'2018-06-14',1,1,'朱军','51003090对应车牌号提示申请数量大于库存数量','WM系统中PG仓位占用库存，联系IA解决',7,NULL,24,'10.128.114.135','2018-06-14 01:33:45'),(2847,1,'2018-06-14',3,5,'陈雪佳','签呈PG10-2018060794附件上传错误需要重新上传','OA-流程干预',1,NULL,24,'10.128.112.254','2018-06-14 01:46:34'),(2848,1,'2018-06-14',1,3,'魏俊莲','天津頂园原公司系统账期设置为45天调整为90天','SS-GBM17000',1,NULL,24,'10.128.112.254','2018-06-14 01:47:50'),(2849,1,'2018-06-14',1,3,'李小静','修改HB616002收货地址','SS-GBM15000',7,NULL,24,'10.128.114.135','2018-06-14 02:22:27'),(2850,1,'2018-06-14',4,3,'张晓磊','添加供应商：北京中宇天成机械制造有限公司','查看SAP和SS系统中已经存在该供应商',7,NULL,24,'10.128.114.135','2018-06-14 02:27:40'),(2851,1,'2018-06-14',1,3,'孙睿','将919992由现销改为赊销，走一个订单在改成现销','SS-GBM18000',7,NULL,24,'10.128.114.135','2018-06-14 02:54:12'),(2852,1,'2018-06-14',3,7,'天津梁英','添加OA账号','OA人事管理',7,NULL,24,'10.128.114.135','2018-06-14 04:28:26'),(2853,1,'2018-06-14',9,5,'黄贺群','删除重打包申请单','SS-STM14012、STM15001',7,NULL,24,'10.128.114.135','2018-06-14 06:07:06'),(2854,1,'2018-06-14',4,2,'邓君平','添加客户：正大电子商务（浙江）有限公司~平安','MDM、SS',7,NULL,24,'10.128.114.135','2018-06-14 08:52:56'),(2855,1,'2018-06-15',3,5,'梁英','FY01_1-20180502092实际金额小于预算金额，走了增补路线，报错','总部OA管理员-流程干预',1,NULL,24,'10.128.112.254','2018-06-15 00:32:05'),(2856,1,'2018-06-15',4,2,'金雨莹','客户开户：北京上德商贸有限责任公司','MDM、SS、SAP',7,NULL,24,'10.128.115.12','2018-06-15 00:56:01'),(2857,1,'2018-06-15',2,7,'王瑜善','修改选蛋新产品产品系列','MDM-GBM29000修改产品系列，联系IA审核',7,NULL,24,'10.128.115.12','2018-06-15 00:56:54'),(2858,1,'2018-06-15',1,7,'天津梁英','64单据日期超前','SS-GBM44800、GBM44I00',7,NULL,24,'10.128.115.12','2018-06-15 03:33:11'),(2859,1,'2018-06-15',1,5,'曹英俊','50180602043订单对应车牌号50207031产品提示库存为0','50207031设置入库仓位，手动将入库单发送到WM，确认入库',7,NULL,24,'10.128.115.12','2018-06-15 07:49:54'),(2860,1,'2018-06-16',1,1,'陈晶伟','对应车牌号报错','将报错产品移到PB',3,NULL,24,'10.128.113.9','2018-06-18 07:21:46'),(2861,1,'2018-06-18',6,1,'张琳','登不进SS系统','SS密码重置',3,NULL,25,'10.128.113.84','2018-06-19 00:31:38'),(2862,1,'2018-06-18',1,7,'杜爱宇','北京调提示无路线','添加线路信息',3,NULL,25,'10.128.113.84','2018-06-19 00:32:56'),(2863,1,'2018-06-19',6,5,'陈新文','SS登不上去','重新输入新密码',3,NULL,25,'10.128.113.84','2018-06-19 00:34:07'),(2864,1,'2018-06-19',2,5,'刘阳','无法登陆SS系统','修改密码（SS系统三个月修改一次密码）',7,NULL,25,'10.128.113.93','2018-06-19 01:29:31'),(2865,1,'2018-06-19',6,5,'郭金蕊','000000000124586无法领用，提示库存为0','无采购单，库房无法在系统中做包材入库',7,NULL,25,'10.128.113.93','2018-06-19 02:47:16'),(2866,1,'2018-06-19',6,1,'郭金蕊','000000000038634包材无法领用，提示库存为0','整理文档提交IA',7,NULL,25,'10.128.113.93','2018-06-19 02:51:51'),(2867,1,'2018-06-19',3,5,'张莹','忘记OA账号','OA人事里查询',1,NULL,25,'10.128.112.254','2018-06-19 03:29:49'),(2868,1,'2018-06-19',7,7,'朱琳','采购单E41305280040采购新品疫苗','需要维护ss和farm',1,NULL,25,'10.128.112.254','2018-06-19 04:15:00'),(2869,1,'2018-06-19',7,7,'胡海杰','采购单报错','910463供应商设置GBM20000',1,NULL,25,'10.128.112.254','2018-06-19 04:12:20'),(2870,1,'2018-06-19',7,7,'胡海杰','采购单疫苗000000000145701和MDM、SS、SAP000000000063741报错','需要维护ss和farm',1,NULL,25,'10.128.112.254','2018-06-19 04:13:31'),(2871,1,'2018-06-19',3,5,'王瑜善','签呈退回到报账人','签呈强制退回',7,NULL,25,'10.128.113.93','2018-06-19 05:59:57'),(2872,1,'2018-06-19',2,7,'彭艳楠','SS账号添加STM44000、DCM21000权限','SS-GBM05000',7,NULL,25,'10.128.113.93','2018-06-19 06:06:19'),(2873,1,'2018-06-19',1,7,'彭艳楠','64单据日期超前','SS-GBM44800、GBM44I00',7,NULL,25,'10.128.113.93','2018-06-19 06:59:21'),(2874,1,'2018-06-19',3,5,'梁英','FY01_1-20171200751报错，提示找不到节点','用了非谷歌浏览器造成，给强制过了。',1,NULL,25,'10.128.115.243','2018-06-19 07:23:10'),(2875,1,'2018-06-20',4,3,'张保英','添加员工账号：HR241703','填写好相关信息发送SAP，ZFI074添加银行账号信息',7,NULL,25,'10.128.113.252','2018-06-20 02:26:18'),(2876,1,'2018-06-20',1,5,'刘阳','删除RS1806E00100退货单','SRU01000恢复后删除',7,NULL,25,'10.128.113.252','2018-06-20 02:28:03'),(2877,1,'2018-06-20',3,1,'周帅','FY01_1-20171200750报销实际金额没有自动累加','退回到填写实际报销金额，重新保存提交',1,NULL,25,'10.128.112.254','2018-06-20 04:01:31'),(2878,1,'2018-06-20',4,2,'李小静','添加客户：济南正泰恒商贸有限公司','MDM、SS、SAP',7,NULL,25,'10.128.113.252','2018-06-20 04:22:15'),(2879,1,'2018-06-20',1,5,'彭艳楠','10072458增加液蛋始发仓位C102','SS-DCM0600',7,NULL,25,'10.128.113.252','2018-06-20 05:36:25'),(2880,1,'2018-06-20',3,1,'博会双','FY01_1-20180502092等三个流程退回到费用会计','ss-流程干预',1,NULL,25,'10.128.112.254','2018-06-20 07:26:58'),(2881,1,'2018-06-20',1,3,'彭艳楠','修改BJ616014客户收货地址','SS-GBM15000',7,NULL,25,'10.128.113.252','2018-06-20 08:12:06'),(2882,1,'2018-06-20',1,7,'彭艳楠','64单据日期超前','SS-GBM44800、GBM44I00',7,NULL,25,'10.128.113.252','2018-06-20 08:48:31'),(2883,1,'2018-06-21',9,5,'黄贺群','删除62生产领料单（领料日期选错）','SS-STM14011',7,NULL,25,'10.128.114.125','2018-06-21 01:45:37'),(2884,1,'2018-06-21',9,7,'黄贺全','62单据日期超前','SS-GBM44800、GBM44I00',7,NULL,25,'10.128.114.125','2018-06-21 01:46:09'),(2885,1,'2018-06-21',1,5,'彭艳楠','打印找不到开立的销售退货单','退货申请单仓库选错了',7,NULL,25,'10.128.114.125','2018-06-21 01:47:50'),(2886,1,'2018-06-21',7,1,'朱琳','800070105000031维护这个疫苗','ss  farm维护',1,NULL,25,'10.128.112.254','2018-06-21 07:50:55'),(2887,1,'2018-06-22',7,7,'朱琳','800070308000028维护新疫苗或者药品','SS&FARM',1,NULL,25,'10.128.112.254','2018-06-22 00:29:45'),(2888,1,'2018-06-22',7,7,'朱琳','800000702000070等6种药品疫苗维护','SS&FARM',1,NULL,25,'10.128.112.254','2018-06-22 03:54:19'),(2889,1,'2018-06-22',3,7,'胡海杰','PG07供应商开户流程添加是否关联FARM选项','OA-流程路径',1,NULL,25,'10.128.112.254','2018-06-22 03:55:20'),(2890,1,'2018-06-22',4,3,'赵琴琴','添加供应商：北京华都诗华生物制品有限公司','MDM、SS、SAP',7,NULL,25,'10.128.115.18','2018-06-22 04:45:36'),(2891,1,'2018-06-22',4,3,'朱琳','添加供应商：青岛爱宠行商贸有限公司','MDM、SS、SAP',7,NULL,25,'10.128.115.18','2018-06-22 04:46:14'),(2892,1,'2018-06-22',4,3,'朱琳','添加供应商：重庆优宝生物技术股份有限公司','MDM、SS、SAP',7,NULL,25,'10.128.115.18','2018-06-22 04:46:40'),(2893,1,'2018-06-22',5,5,'张政','4015120363采购单运费设置成免费了，需要取消','取消30%品检，FMM03100关闭采购单',1,NULL,25,'10.128.112.254','2018-06-22 07:33:21'),(2894,1,'2018-06-22',3,7,'张保英','OA中搜寻不到孙小蕊','该员工OA中状态为离职',7,NULL,25,'10.128.115.18','2018-06-22 08:27:38'),(2895,1,'2018-06-22',4,3,'徐笑','添加员工账号：HR302504','OA中走s4_01，ZFI074添加银行账号信息',7,NULL,25,'10.128.115.18','2018-06-22 08:29:36'),(2896,1,'2018-06-22',4,3,'秦鹏飞','添加供应商：施耐德万高（天津）电气设备有限公司','MDM、SS、SAP',7,NULL,25,'10.128.115.18','2018-06-22 09:07:27'),(2897,1,'2018-06-25',3,7,'张保英','离职人员要做生育险报销，孙小蕊OA返聘','OA人事状态变更',1,NULL,26,'10.128.112.254','2018-06-25 00:47:21'),(2898,1,'2018-06-25',1,2,'赵淑云','给总部满静总开个账期客户，账期30天，额度35955','MDM、SS、SAP',1,NULL,26,'10.128.112.254','2018-06-25 01:16:59'),(2899,1,'2018-06-25',3,7,'郭丹','修改上级主管（刁庆龙变更白洁）','OA-人事管理',1,NULL,26,'10.128.112.254','2018-06-25 01:20:17'),(2900,1,'2018-06-25',9,7,'黄贺群','61单据日期超前','SS-GBM44800、GBM44I00',7,NULL,26,'10.128.113.149','2018-06-25 01:35:41'),(2901,1,'2018-06-25',3,5,'陈雪佳','PG24-2018060718内容变动需要退回','oa-流程干预',1,NULL,26,'10.128.112.254','2018-06-25 02:03:31'),(2902,1,'2018-06-25',4,3,'秦鹏飞','添加客户：上海凡宜科技电子有限公司','SAP-ZMM016、ZBP002',7,NULL,26,'10.128.113.149','2018-06-25 02:29:23'),(2903,1,'2018-06-25',3,5,'王瑜善','FY01_1-20180601478实际金额有误','退货到报账人填写金额环节',7,NULL,26,'10.128.113.149','2018-06-25 04:10:41'),(2904,1,'2018-06-25',1,2,'彭艳楠','修改HN407002收货人信息','SS-GBM15000',7,NULL,26,'10.128.113.149','2018-06-25 04:14:51'),(2905,1,'2018-06-25',1,7,'彭艳楠','10073097添加C102始发仓位','SS-DCM06000',7,NULL,26,'10.128.113.149','2018-06-25 04:15:40'),(2906,1,'2018-06-25',4,3,'董伟国','添加供应商：中国检验认证集团北京有限公司','MDM、SS、SAP',7,NULL,26,'10.128.113.149','2018-06-25 04:16:30'),(2907,1,'2018-06-25',1,3,'彭艳楠','10008731将液蛋事业线业务员改为于海洋','SS-GBM23100',7,NULL,26,'10.128.113.149','2018-06-25 07:34:16'),(2908,1,'2018-06-25',4,3,'窦夜亮','添加员工账号：HR282038','OA中走s4_01，ZFI074添加银行账号信息',7,NULL,26,'10.128.113.149','2018-06-25 08:15:18'),(2909,1,'2018-06-26',1,5,'刘伟','修改行销员报错','见论坛销售模块',1,NULL,26,'10.128.112.254','2018-06-26 00:59:54'),(2910,1,'2018-06-26',9,7,'黄贺群','61单据日期超前','SS-GBM44800、GBM44I00',7,NULL,26,'10.128.114.44','2018-06-26 01:10:38'),(2911,1,'2018-06-26',7,1,'朱琳','702000115蛋鸡场没有这个药品的采购单','维护702000115这个产品，在ss和farm里',1,NULL,26,'10.128.112.254','2018-06-26 01:54:48'),(2912,1,'2018-06-26',7,1,'胡海杰','10021228供应商没有设置GBM20000','SS-GBM20000',1,NULL,26,'10.128.112.254','2018-06-26 01:55:31'),(2913,1,'2018-06-26',7,7,'王国华','10004602、211202没有设置GBM20000','SS-GBM20000',7,NULL,26,'10.128.114.44','2018-06-26 02:19:28'),(2914,1,'2018-06-26',3,5,'陈伟芳','OA搜索功能用不了，搜不到处理过的签呈','模块选择错误，模块选择了“微搜”，应该选择“流程”',7,NULL,26,'10.128.114.44','2018-06-26 02:45:23'),(2915,1,'2018-06-26',3,7,'彭艳楠','添加OA账号：许崇','OA人事管理',7,NULL,26,'10.128.114.44','2018-06-26 03:36:06'),(2916,1,'2018-06-26',4,3,'石欣旺','添加供应商：北京隆和瑞家餐饮管理有限责任公司','MDM、SS、SAP',7,NULL,26,'10.128.114.44','2018-06-26 05:44:08'),(2917,1,'2018-06-26',8,5,'梁丽艳','000000000096657包材25号领用已确认出库，但无法做耗用','已做耗用',7,NULL,26,'10.128.114.44','2018-06-26 08:43:08'),(2918,1,'2018-06-26',2,1,'陈海波','WM系统找不到411302L002863收货报告','提交IA解决',7,NULL,26,'10.128.114.44','2018-06-26 08:44:45'),(2919,1,'2018-06-26',2,1,'包材库','WM系统确认入库找不到411806G0187和411806G0192收货报告','提交IA解决',7,NULL,26,'10.128.114.44','2018-06-26 08:45:37'),(2920,1,'2018-06-26',6,1,'包材库','EGM10900非生产领用选不到38634包材','提交IA解决',7,NULL,26,'10.128.114.182','2018-06-27 01:32:10'),(2921,1,'2018-06-27',4,2,'魏俊莲','添加客户：蜀海（北京）食品有限公司-天津特通','MDM、SS、SAP',7,NULL,26,'10.128.114.182','2018-06-27 01:32:55'),(2922,1,'2018-06-27',4,2,'李小静','添加客户：北京大地汇佳商贸有限责任公司','MDM、SS、SAP',7,NULL,26,'10.128.114.182','2018-06-27 03:59:47'),(2923,1,'2018-06-27',4,3,'庞柳','SAP添加员工信息','OA中走s4_01，ZFI074添加银行账号信息',7,NULL,26,'10.128.114.182','2018-06-27 04:00:33'),(2924,1,'2018-06-27',4,2,'李小静','添加客户：中国康复研究中心','MDM、SS、SAP',7,NULL,26,'10.128.114.182','2018-06-27 04:01:02'),(2925,1,'2018-06-27',4,2,'李小静','添加客户：北京绿品优选食品配送服务有限公司','MDM、SS、SAP',7,NULL,26,'10.128.114.182','2018-06-27 04:01:25'),(2926,1,'2018-06-27',4,3,'张晓磊','添加供应商：北京苏格斯技术服务有限公司','MDM、SS、SAP',7,NULL,26,'10.128.114.182','2018-06-27 04:01:54'),(2927,1,'2018-06-27',4,3,'赵佳丽','修改供应商10041088银行账号','SAP-ZMM016、ZBP002',7,NULL,26,'10.128.114.182','2018-06-27 04:54:40'),(2928,1,'2018-06-27',7,1,'朱琳','采购单号4131805280039农场查不到','SS-FARM',1,NULL,26,'10.128.112.254','2018-06-27 07:53:16'),(2929,1,'2018-06-27',7,1,'朱琳','采购单号4131806220026农场看不到','ss-farm',1,NULL,26,'10.128.112.254','2018-06-27 07:53:41'),(2930,1,'2018-06-27',4,2,'彭艳楠','添加客户：上海椰椰食品有限公司','MDM、SS、SAP',7,NULL,26,'10.128.114.182','2018-06-27 08:20:13'),(2931,1,'2018-06-27',4,2,'彭艳楠','添加客户：上海顶冠贸易有限公司','MDM、SS、SAP',7,NULL,26,'10.128.114.182','2018-06-27 08:20:42'),(2932,1,'2018-06-27',4,3,'赵帅','修改BJ505017客户名称和税号','MDM、SS、SAP',7,NULL,26,'10.128.114.182','2018-06-27 08:21:46'),(2933,1,'2018-06-27',2,7,'王瑜善','SS系统搜不到产品','MDM-MDM05010',7,NULL,26,'10.128.114.182','2018-06-27 08:23:38'),(2934,1,'2018-06-27',3,7,'王素荣','OA注销账号，罗祖林 正大饲料湛江','联系总部OA管理员注销',1,NULL,26,'10.128.112.254','2018-06-27 08:26:51'),(2935,1,'2018-06-27',5,7,'杜雪松','下载A11140供应商','SS总账，还有GBM20000',1,NULL,26,'10.128.112.254','2018-06-27 08:37:28'),(2936,1,'2018-06-27',2,7,'王瑜善','修改新产品产品系列（14个）','MDM-GBM29000修改产品系列，联系IA审核',7,NULL,26,'10.128.114.182','2018-06-27 08:42:37'),(2937,1,'2018-06-28',6,7,'王瑜善','50201077产品无法入库，入库选不到这个产品','MDM-GBM29000修改产品系列，联系IA审核，审核后重新下ＰＯ单，用新的ＰＯ单入库',7,NULL,26,'10.128.115.51','2018-06-28 01:29:45'),(2938,1,'2018-06-28',1,2,'李虹宇','910140添加２０４５０销售事业线','SS-GBM17000、GBM18000、DCM06000',7,NULL,26,'10.128.115.51','2018-06-28 01:31:22'),(2939,1,'2018-06-28',2,7,'王瑜善','修改产品系列（4个）','MDM-GBM29000修改产品系列，联系IA审核',7,NULL,26,'10.128.115.51','2018-06-28 02:13:16'),(2940,1,'2018-06-28',4,3,'陈光','添加供应商：北京天浦正达电子科技有限公司','MDM、SS、SAP',7,NULL,26,'10.128.115.51','2018-06-28 02:13:49'),(2941,1,'2018-06-28',1,3,'彭艳楠','000888添加A302始发仓位','SS-DCM06000',7,NULL,26,'10.128.115.51','2018-06-28 02:21:38'),(2942,1,'2018-06-28',4,3,'冯渊','添加供应商：洛阳银丰塑料彩印有限公司','MDM、SS、SAP',7,NULL,26,'10.128.115.51','2018-06-28 04:08:30'),(2943,1,'2018-06-28',1,3,'彭艳楠','10073452添加C102始发仓位','SS-DCM06000',7,NULL,26,'10.128.115.51','2018-06-28 04:17:36'),(2944,1,'2018-06-28',1,3,'彭艳楠','10023015添加C102始发仓位','SS-DCM06000',7,NULL,26,'10.128.115.51','2018-06-28 07:29:29'),(2945,1,'2018-06-28',4,3,'冯渊','添加供应商：河北裕邦食品有限公司','MDM、SS、SAP',7,NULL,26,'10.128.115.51','2018-06-28 07:29:55'),(2946,1,'2018-06-28',3,3,'杜雪松','添加供应商：北京聚拓贸易有限责任公司','MDM、SS、SAP',7,NULL,26,'10.128.115.51','2018-06-28 07:30:30'),(2947,1,'2018-06-28',4,3,'杜雪松','北京中垦绿粮油有限公司	添加付款银行账号','SAP-ZMM016、ZBP002',7,NULL,26,'10.128.115.51','2018-06-28 07:31:40'),(2948,1,'2018-06-28',4,3,'冯渊','10073502添加付款银行账户','SAP-ZFI074',7,NULL,26,'10.128.115.51','2018-06-28 07:38:17'),(2949,1,'2018-06-29',3,7,'马仁涛','崔进争OA从慈溪调到蛋业','联系总部处理',1,NULL,26,'10.128.112.254','2018-06-29 00:29:43'),(2950,1,'2018-06-29',1,7,'天津梁英','65文件日期超前','SS-GBM44800、GBM44I00',7,NULL,26,'10.128.115.236','2018-06-29 00:33:04'),(2951,1,'2018-06-29',3,5,'张世玉','签呈PG26-2018060050和PG26-2018060051签呈作废','OA，干预退回到申请人',1,NULL,26,'10.128.112.254','2018-06-29 00:54:08'),(2952,1,'2018-06-29',1,3,'马红峪','BJ201433修改业务员','SS-GBM23100',7,NULL,26,'10.128.115.236','2018-06-29 01:05:02'),(2953,1,'2018-06-29',4,3,'杜雪松','将\"北京聚拓贸易有限责任公司\"发送到中央服务器','MDM-GBM15030',7,NULL,26,'10.128.115.236','2018-06-29 01:33:36'),(2954,1,'2018-06-29',3,7,'马仁涛','PG06会计档案借阅审批表添加是否外带选项','OA流程',1,NULL,26,'10.128.112.254','2018-06-29 05:17:12'),(2955,1,'2018-06-29',3,5,'张晓磊','FY02_1-20180605934部门选错了，需要退回。','OA-流程干预',1,NULL,26,'10.128.112.254','2018-06-29 07:27:28'),(2956,1,'2018-06-30',1,3,'杜爱宇','910459客户增加20430事业线','GBM17000和18000，DCM06000',2,NULL,26,'10.128.113.86','2018-06-30 06:44:34'),(2957,1,'2018-07-01',6,5,'张琳','无法登陆SS，提示密码不正确','重置SS登陆密码',2,NULL,26,'10.128.113.147','2018-07-01 01:44:25'),(2958,1,'2018-07-01',8,5,'梁丽艳','修改原料蛋转移提示日期超前','修改 64和65 71 72票据号日期',2,NULL,26,'10.128.113.147','2018-07-01 07:08:30'),(2959,1,'2018-07-01',1,7,'曹英俊','调拨确认提示日期超前','SS修改票据64日期',2,NULL,26,'10.128.113.147','2018-07-01 07:46:42'),(2960,1,'2018-07-01',8,7,'王瑜善','研发不在工位，操作保密料入库','SS系统保密料入库',2,NULL,26,'10.128.113.147','2018-07-01 07:49:31'),(2961,1,'2018-06-29',2,1,'杨林峰','41入库单无法发送到SAP','MDM-ITGB0100将600000000147154发送到SAP',7,NULL,26,'10.128.113.228','2018-07-02 04:11:07'),(2962,1,'2018-06-29',4,2,'刘艳霞','客户开户：陕西正大畜禽有限公司','MDM、SS、SAP',7,NULL,26,'10.128.113.228','2018-07-02 04:12:04'),(2963,1,'2018-06-29',4,2,'李泽祥','客户开户：北京物美商业集团股份有限公司~农发行店','MDM、SS、SAP',7,NULL,26,'10.128.113.228','2018-07-02 04:12:58'),(2964,1,'2018-07-02',1,7,'薄会双','51180603724在每日销售分析数据搜寻不到','SS-GBM16000修改CV group',7,NULL,27,'10.128.113.228','2018-07-02 04:14:59'),(2965,1,'2018-07-02',2,1,'刘伟','51180700164SAP中没有记账','提交IA解决',7,NULL,27,'10.128.113.228','2018-07-02 04:15:51'),(2966,1,'2018-07-02',2,7,'冯渊','包材采购单报错','MDM下载17个包材编码，',1,NULL,27,'10.128.112.254','2018-07-02 07:46:06'),(2967,1,'2018-07-02',3,7,'张莹','涨停提交财务流程报错','修改成本中心和审批级别，要重新下流程',1,NULL,27,'10.128.112.254','2018-07-02 07:46:54'),(2968,1,'2018-07-02',4,3,'杜雪松','将“大连申融贸易有限公司”新税号发送到总部','MDM-GBM15010、GBM15020',7,NULL,27,'10.128.113.228','2018-07-02 08:35:44'),(2969,1,'2018-07-02',1,5,'杜爱宇','删除RS1807E00007退货单','SS-SRU01000恢复打印，然后去SRM01000删除',7,NULL,27,'10.128.113.228','2018-07-02 08:36:23'),(2970,1,'2018-07-02',4,3,'张莹','添加员工账号：HR264636','OA中走s4_01，ZFI074添加银行账号信息',7,NULL,27,'10.128.113.228','2018-07-02 08:37:13'),(2971,1,'2018-07-02',5,7,'张政','10002532山东鑫龙胜达提示供应商信息不再','实际上ss系统，去MDM重新发送到ss',1,NULL,27,'10.128.112.254','2018-07-02 08:42:54'),(2972,1,'2018-07-02',5,7,'张政','18808磷酸氢钙包装50修改成1000','SS，GBM29000修改',1,NULL,27,'10.128.112.254','2018-07-02 08:44:08'),(2973,1,'2018-07-03',4,3,'张保英','SAP添加代缴员工账号（6个）','填写好信息后OA走S4_01流程',7,NULL,27,'10.128.114.120','2018-07-03 01:23:19'),(2974,1,'2018-07-03',3,5,'刘艳霞','签呈PG23-2018051280填写错误需要退回','OA流程干预',1,NULL,27,'10.128.112.254','2018-07-03 02:49:22'),(2975,1,'2018-07-03',3,5,'石欣旺','FY03_1-20180700031填写错误，需要退回','OA-流程干预',1,NULL,27,'10.128.112.254','2018-07-03 02:49:49'),(2976,1,'2018-07-03',3,5,'张政','FY06-20180700016填写错误需要退回','联系总部OA管理员退回',1,NULL,27,'10.128.112.254','2018-07-03 03:40:05'),(2977,1,'2018-07-03',2,5,'田雅丽','SS忘记密码','重置密码',7,NULL,27,'10.128.114.120','2018-07-03 04:07:56'),(2978,1,'2018-07-03',2,7,'冯渊','包材采购单报错600000000117556','MDM下载1个包材编码',1,NULL,27,'10.128.112.254','2018-07-03 05:10:55'),(2979,1,'2018-07-03',4,2,'马红峪','添加客户：正大电子商务（浙江）有限公司~盒马鲜生','MDM、SS、SAP',7,NULL,27,'10.128.115.2','2018-07-04 01:03:10'),(2980,1,'2018-07-03',2,7,'赵肖肖','设定装箱标准搜不到600000000151099包材','SS-GBM29000设置事业类别',7,NULL,27,'10.128.115.2','2018-07-04 01:06:58'),(2981,1,'2018-07-04',4,2,'彭艳楠','添加客户：上海木港食品有限公司','MDM、SS、SAP',7,NULL,27,'10.128.115.2','2018-07-04 01:07:50'),(2982,1,'2018-07-04',1,5,'彭艳楠','GD401003将20440事业线业务员修改为于海洋','SS-GBM23100',7,NULL,27,'10.128.115.2','2018-07-04 01:19:28'),(2983,1,'2018-07-04',1,3,'彭艳楠','10073795添加C102始发仓位','SS-DCM06000',7,NULL,27,'10.128.115.2','2018-07-04 03:48:12'),(2984,1,'2018-07-04',1,3,'管凤先','BJ201433修改业务员','SS-GBM23100',7,NULL,27,'10.128.115.2','2018-07-04 04:07:28'),(2985,1,'2018-07-04',1,3,'马红峪','10073832添加收货地址','MDM-GBM15000、MDM04000',7,NULL,27,'10.128.115.2','2018-07-04 04:26:42'),(2986,1,'2018-07-04',2,7,'包材库','600000000046211、600000000065893没有入库','设置入库仓位，手动将41单据发送到WM系统',7,NULL,27,'10.128.115.2','2018-07-04 04:29:23'),(2987,1,'2018-07-04',4,2,'马红峪','添加客户：正大电子商务（浙江）有限公司~京东食堂','MDM、SS、SAP',7,NULL,27,'10.128.115.2','2018-07-04 05:01:05'),(2988,1,'2018-07-04',4,2,'李小静','添加客户：北京百万庄园西式餐饮有限公司','MDM、SS、SAP',7,NULL,27,'10.128.115.2','2018-07-05 00:46:48'),(2989,1,'2018-07-04',4,2,'魏陈','添加客户：物美商业集团股份有限公司鲁谷店','MDM、SS、SAP',7,NULL,27,'10.128.115.2','2018-07-05 00:47:44'),(2990,1,'2018-07-04',2,7,'谢彬','添加SS账号','SS-GBM04000',7,NULL,27,'10.128.115.2','2018-07-05 00:48:46'),(2991,1,'2018-07-05',2,7,'杨林峰','SS账号添加GBM29000权限','SS-GBM05000',7,NULL,27,'10.128.115.2','2018-07-05 00:51:34'),(2992,1,'2018-07-05',3,5,'张晓磊','PG24-2018070767退回到申请人','OA-流程干预',1,NULL,27,'10.128.112.254','2018-07-05 01:47:06'),(2993,1,'2018-07-05',1,3,'刘艳霞','修改10042060客户简称','MDM-GBM15000、MDM04000',7,NULL,27,'10.128.115.2','2018-07-05 04:20:23'),(2994,1,'2018-07-05',1,7,'金雨莹','修改送货地址BJ614009','GBM15000修改',1,NULL,27,'10.128.112.254','2018-07-05 07:35:38'),(2995,1,'2018-07-05',6,5,'郭金蕊','4号日结56091包材库存与实际领用不符','补录3号该包材领用单',7,NULL,27,'10.128.115.2','2018-07-05 07:36:14'),(2996,1,'2018-07-05',5,7,'杜雪松','下载集团供应商A21350','SS-总账，下载后并设置GBM20000',1,NULL,27,'10.128.112.254','2018-07-05 07:37:18'),(2997,1,'2018-07-06',4,3,'张晓磊','添加供应商：北京鑫怡霖商贸有限公司','MDM、SS、SAP',7,NULL,27,'10.128.113.51','2018-07-06 02:19:28'),(2998,1,'2018-07-06',4,3,'张晓磊','添加供应商：北京吉辰益宏建筑工程有限公司','MDM、SS、SAP',7,NULL,27,'10.128.113.51','2018-07-06 03:06:14'),(2999,1,'2018-07-06',2,7,'谢斌','SS远程访问vpn权限','设置域账户和权限',2,NULL,27,'10.128.113.61','2018-07-06 05:47:58'),(3000,1,'2018-07-06',4,3,'张世玉','添加员工账号：HR302506','填写好信息后OA走S4_01流程',7,NULL,27,'10.128.113.51','2018-07-06 06:02:32'),(3001,1,'2018-07-06',1,7,'赵淑云','10073219账期修改成现消','SS-GBM18000',1,NULL,27,'10.128.112.254','2018-07-06 08:15:13'),(3002,1,'2018-07-06',1,5,'朱军','51203241Q对应车牌号提示库存为0','修改入库仓位，将已入库产品移到PB仓位',7,NULL,27,'10.128.113.51','2018-07-06 08:53:03'),(3003,1,'2018-07-06',1,7,'李虹宇','64单据日期超前','SS-GBM44800、GBM44I00',7,NULL,27,'10.128.113.51','2018-07-06 08:53:39'),(3004,1,'2018-07-06',3,5,'李益如','报销费用类别需要合同号不会填','选别的费用类别',3,NULL,27,'192.128.100.135','2018-07-06 10:39:31'),(3005,1,'2018-07-09',3,7,'崔进争','行程类费用提交后不需要部门主管签字','审批级别修改为一般员工',2,NULL,28,'10.128.114.90','2018-07-09 01:46:02'),(3006,1,'2018-07-09',6,1,'芮久明','新采购包材无法入库','联系程序员更新程序，包材统一编码更新导致的问题',2,NULL,28,'10.128.114.90','2018-07-09 05:37:06'),(3007,1,'2018-07-09',3,5,'金雨莹','FY06-20180700067退回到申请人','联系OA管理员',1,NULL,28,'10.128.112.254','2018-07-09 07:42:34'),(3008,1,'2018-07-09',3,7,'金雨莹','修改上级主管为郑帅（原王芳）','OA人事',1,NULL,28,'10.128.112.254','2018-07-09 07:43:27'),(3009,1,'2018-07-09',7,7,'张鹏','10073502客户在农场找不到','GBM15000-20000全部重新保存',1,NULL,28,'10.128.112.254','2018-07-09 08:43:40'),(3010,1,'2018-07-09',1,7,'张宁','BJ613002改额度','SS、SAP',3,NULL,28,'10.128.114.56','2018-07-09 11:31:45'),(3011,1,'2018-07-09',6,7,'王瑜善','包材代码与名称不一致','提交IA',3,NULL,28,'10.128.114.56','2018-07-09 11:33:31'),(3012,1,'2018-07-09',3,2,'代芳','开户HR304523','OA,SAP',3,NULL,28,'10.128.114.56','2018-07-09 11:34:28'),(3013,1,'2018-07-09',6,5,'王瑜善','设定完的产品无法修改日期','SS删除最新日期',3,NULL,28,'10.128.114.56','2018-07-09 11:36:24'),(3014,1,'2018-07-10',1,7,'朱军','删除退货单RS1804E00015、RS1806E00118','SS-SRU01000恢复打印，然后去SRM01000删除',7,NULL,28,'10.128.113.51','2018-07-10 02:46:05'),(3015,1,'2018-07-10',1,3,'张立立','修改客户名称','联系IA修改，GBM15000',7,NULL,28,'10.128.113.51','2018-07-10 02:48:44'),(3016,1,'2018-07-06',6,5,'郭金蕊','600000000146515实际无损耗，但PP仓位有库存','62领包材数量人为输入错误，做退库处理',7,NULL,27,'10.128.113.51','2018-07-10 02:59:49'),(3017,1,'2018-07-06',6,5,'郭金蕊','000000000106486实际无损耗，但PP仓位有库存','61领包材领错包材，做退库处理',7,NULL,27,'10.128.113.51','2018-07-10 03:09:53'),(3018,1,'2018-07-10',3,7,'任健','费用报销无法获取供应商银行账号','360兼容模式换成急速模式或改用谷歌浏览器',7,NULL,28,'10.128.113.51','2018-07-10 04:26:00'),(3019,1,'2018-07-10',4,2,'刘艳霞','添加客户：北京绿盒子餐饮有限公司','MDM、SS、SAP',7,NULL,28,'10.128.113.51','2018-07-10 08:14:08'),(3020,1,'2018-07-11',3,7,'王瑜善','PG36-不合格项目控制及处理报告修改节点信息，添加采购部，财务部，删除会签','OA-流程节点设置',1,NULL,28,'10.128.112.254','2018-07-11 01:41:03'),(3021,1,'2018-07-11',3,5,'阴攀','PG19-201805-31内容错误需要退回','oa-l流程干预',1,NULL,28,'10.128.112.254','2018-07-11 02:36:59'),(3022,1,'2018-07-11',4,2,'孙艺航','添加客户：福州鑫闽泰贸易有限公司','MDM、SS、SAP',7,NULL,28,'10.128.113.51','2018-07-11 03:05:30'),(3023,1,'2018-07-11',4,3,'曹彭辉','添加供应商：崔璇','MDM、SS、SAP',7,NULL,28,'10.128.113.51','2018-07-11 03:06:14'),(3024,1,'2018-07-11',6,1,'宋宇航','9号包材领用数量与库存变动明细表不符','整理文档提交IA',7,NULL,28,'10.128.113.51','2018-07-11 03:06:55'),(3025,1,'2018-07-11',6,1,'宋宇航','9号日结包装物日记中包材期初数量存在小数','整理文档提交IA',7,NULL,28,'10.128.113.51','2018-07-11 03:08:18'),(3026,1,'2018-07-11',3,5,'张政','FY06-20180700098内容错误需要退回','联系OA管理员退回',1,NULL,28,'10.128.112.254','2018-07-11 05:06:42'),(3027,1,'2018-07-11',2,7,'冯渊','41个供应商采购单需要拦截','见bbs',1,NULL,28,'10.128.112.254','2018-07-11 05:09:35'),(3028,1,'2018-07-11',2,7,'冯渊','13个供应商采购单需要拦截','见bbs',1,NULL,28,'10.128.112.254','2018-07-12 00:23:45'),(3029,1,'2018-07-12',4,7,'冯渊','供应商吉祥光包装制品修改sap旧系统编码','联系李立磊解决，以后用OA提交解决',1,NULL,28,'10.128.112.254','2018-07-12 04:15:54'),(3030,1,'2018-07-12',3,1,'曹鹏辉','FY01_1-20180602190王总处理报错','提交人没有谷歌浏览器，导致走错分支，退回到申请人填写实际金额',1,NULL,28,'10.128.112.254','2018-07-12 02:13:01'),(3031,1,'2018-07-12',3,5,'赵肖肖','FY02_1-20180700924成本中心填错','流程干预退回到申请人修改',7,NULL,28,'10.128.115.224','2018-07-12 04:18:10'),(3032,1,'2018-07-12',4,2,'李秀艳','添加客户：秦皇岛市利联超市有限公司','MDM、SS、SAP',7,NULL,28,'10.128.115.224','2018-07-12 04:19:03'),(3033,1,'2018-07-12',5,7,'张政','修改18808规格','SS-GBM29000',7,NULL,28,'10.128.115.224','2018-07-12 04:19:45'),(3034,1,'2018-07-12',5,5,'张政','删除采购单4015120374（没扣包装重）','SS-FMM10000、PUM01900',7,NULL,28,'10.128.115.224','2018-07-12 04:21:11'),(3035,1,'2018-07-12',4,3,'张晓磊','添加供应商：北京昴前胜旭建筑工程有限公司','MDM、SS、SAP',7,NULL,28,'10.128.115.224','2018-07-12 04:21:54'),(3036,1,'2018-07-12',4,3,'刘翔鹤','添加供应商：中国肉类协会','MDM、SS、SAP',7,NULL,28,'10.128.115.224','2018-07-12 04:22:19'),(3037,1,'2018-07-12',4,2,'李小静','添加客户：北京众仁百川商贸有限公司','MDM、SS、SAP',7,NULL,28,'10.128.115.224','2018-07-12 04:22:46'),(3038,1,'2018-07-12',4,2,'李小静','添加客户：北京市昌平区国天蛋品经营部','MDM、SS、SAP',7,NULL,28,'10.128.115.224','2018-07-12 04:23:07'),(3039,1,'2018-07-12',4,2,'李小静','添加客户：北京迎凤禽蛋销售有限公司','MDM、SS、SAP',7,NULL,28,'10.128.115.224','2018-07-12 04:23:30'),(3040,1,'2018-07-12',5,7,'李鹏飞','更新原料标准','SS-CTS01007、CTS01008',7,NULL,28,'10.128.115.224','2018-07-12 04:24:33'),(3041,1,'2018-07-11',4,2,'彭艳楠','添加客户：正大食品（宿迁）有限公司','MDM、SS、SAP',7,NULL,28,'10.128.115.224','2018-07-12 04:25:43'),(3042,1,'2018-07-12',1,3,'刘艳霞','修改客户BJ617004账期和信用额度','SS-GBM18000',7,NULL,28,'10.128.115.224','2018-07-12 04:27:10'),(3043,1,'2018-07-11',4,3,'张莉','添加银行账号','SAP-ZFI074',7,NULL,28,'10.128.115.224','2018-07-12 04:28:28'),(3044,1,'2018-07-12',1,3,'刘艳霞','10006196修改收货地址','SS-GBM15000',7,NULL,28,'10.128.115.224','2018-07-12 05:13:47'),(3045,1,'2018-07-12',4,3,'刘艳霞','修改客户10007375税号','MDM-GBM15010、GBM15020；SS-GBM15000',7,NULL,28,'10.128.115.224','2018-07-12 05:14:47'),(3046,1,'2018-07-12',4,3,'刘艳霞','修改客户10006196税号','MDM-GBM15010、GBM15020；SS-GBM15000',7,NULL,28,'10.128.115.224','2018-07-12 05:15:45'),(3047,1,'2018-07-12',5,7,'杜雪松','原料超收需要过二磅','SS饲料模块权限超收审批',3,NULL,28,'10.128.115.216','2018-07-12 09:11:38'),(3048,1,'2018-07-13',1,7,'张宁','65文件日期超前','SS-GBM44800、GBM44I00',7,NULL,28,'10.128.115.224','2018-07-13 08:07:18'),(3049,1,'2018-07-13',4,2,'于海洋','添加客户：北京天福号生态科技有限公司','MDM、SS、SAP',7,NULL,28,'10.128.115.224','2018-07-13 08:08:01'),(3050,1,'2018-07-13',4,2,'李小静','添加客户：北京童壹至优科技有限公司','MDM、SS、SAP',7,NULL,28,'10.128.115.224','2018-07-13 08:08:31'),(3051,1,'2018-07-13',4,2,'李泽祥','添加客户：南通永辉超市有限公司','MDM、SS、SAP',7,NULL,28,'10.128.115.224','2018-07-13 08:10:01'),(3052,1,'2018-07-13',1,3,'李小静','10073435客户添加账期和额度','SS-GBM18000',7,NULL,28,'10.128.115.224','2018-07-13 08:11:10'),(3053,1,'2018-07-13',2,7,'赵肖肖','分级下PO单选不到新添加的产品（50219001、50219002）','MDM-GBM29000修改产品系列，联系IA审核',7,NULL,28,'10.128.115.224','2018-07-13 08:22:13'),(3054,1,'2018-07-13',1,7,'彭艳楠','SRM02000确认产品销售退货入库审核时提示No ini','联系IA添加C102的INI',7,NULL,28,'10.128.115.224','2018-07-13 09:00:30'),(3055,1,'2018-07-14',1,1,'李建秋','6000000L产品SS系统库存为负数','整理文档提交IA',7,NULL,28,'10.128.115.224','2018-07-14 07:08:35'),(3056,1,'2018-07-14',1,1,'彭艳楠','退货后WM系统库存未增加','整理文档提交IA',7,NULL,28,'10.128.115.224','2018-07-14 07:09:26'),(3057,1,'2018-07-13',4,2,'李泽祥','添加客户：南通永辉超市有限公司~江苏','MDM、SS、SAP',7,NULL,28,'10.128.115.224','2018-07-14 07:10:43'),(3058,1,'2018-07-13',4,2,'李泽祥','添加客户：南通永辉超市有限公司~浙江','MDM、SS、SAP',7,NULL,28,'10.128.115.224','2018-07-14 07:11:35'),(3059,1,'2018-07-13',4,2,'李泽祥','添加客户：南通永辉超市有限公司~上海','MDM、SS、SAP',7,NULL,28,'10.128.115.224','2018-07-14 07:12:02'),(3060,1,'2018-07-13',1,1,'刘永银','12号订单确认发货报错','整理文档提交IA',7,NULL,28,'10.128.115.224','2018-07-14 07:13:00'),(3061,1,'2018-07-13',6,1,'郭金蕊','11号包装物日结期初数量小数','整理A203仓库有小数的包材分给IA',7,NULL,28,'10.128.115.224','2018-07-14 07:17:59'),(3062,1,'2018-07-14',2,7,'包材库','41入库报错','WMM07000修改包材单位',7,NULL,28,'10.128.114.32','2018-07-15 02:18:14'),(3063,1,'2018-07-14',2,5,'包材','包材无法移库','选错包材编码，应选6开头的包材编码',7,NULL,28,'10.128.114.32','2018-07-15 02:19:22'),(3064,1,'2018-07-15',6,7,'郭金蕊','60816、59551包材无法选择6开头','MDM-GBM29000将状态取消改为正常，联系IA审核',7,NULL,28,'10.128.114.32','2018-07-15 02:20:39'),(3065,1,'2018-07-15',8,5,'孔庆敏','删除62生产领料单','SS-STM14015',7,NULL,28,'10.128.114.32','2018-07-15 08:25:21'),(3066,1,'2018-07-15',6,7,'郭金蕊','600000000060818、600000000076067下62领料单选不到','MDM-GBM29000将状态取消改为正常，联系IA审核',7,NULL,28,'10.128.114.32','2018-07-15 08:26:13'),(3067,1,'2018-07-15',2,1,'包材库','600000000146684包材14库存为284，但62领料单居然能下664且已确认出库','整理文档提交IA',7,NULL,28,'10.128.114.32','2018-07-15 08:27:51'),(3068,1,'2018-07-15',6,5,'郭金蕊','11号包装点击【搜寻】按钮时误点了保存按钮，造成现在无法完成日结操作','整理文档提交IA',7,NULL,28,'10.128.114.32','2018-07-15 08:29:15'),(3069,1,'2018-07-16',4,3,'王帅','添加收款银行账号','SAP-ZFI074',7,NULL,29,'10.128.114.145','2018-07-16 01:31:19'),(3070,2,'2018-07-16',7,7,'王海洋','蛋鸡自养场添加05-002，06-002批栋','FRAM生效即可，韩峥辉已经添加过',1,NULL,29,'10.128.112.254','2018-07-23 01:41:38'),(3071,2,'2018-07-16',2,7,'吴宝川','开通SS权限可以添加新产品','SS-权限',1,NULL,29,'10.128.112.254','2018-07-23 01:41:38'),(3072,2,'2018-07-16',2,7,'胡海杰','更新短名称，包材重新下载','MDM',1,NULL,29,'10.128.112.254','2018-07-23 01:41:38'),(3073,2,'2018-07-16',2,7,'刘小二','下载新包材，并设置新品新包材','MDM、SS',1,NULL,29,'10.128.112.254','2018-07-23 01:41:38'),(3074,2,'2018-07-16',1,1,'林倩','每日数据分析查不到10041978','查询这个客户的结算归属于，用总户查询',1,NULL,29,'10.128.112.254','2018-07-23 01:41:38'),(3075,1,'2018-07-16',2,7,'陈海波','周一查询SS系统包材名称过长的问题','重新MDM重新下载包材',1,NULL,29,'10.128.112.254','2018-07-16 05:27:45'),(3076,1,'2018-07-16',3,5,'马云霞','SC06-2018380大区有意见要求退回','OA-流程干预',1,NULL,29,'10.128.112.254','2018-07-16 06:25:21'),(3077,1,'2018-07-16',4,3,'张晓磊','添加供应商：北京富兴茂德建筑工程有限公司','MDM、SS、SAP',7,NULL,29,'10.128.114.145','2018-07-16 07:06:01'),(3078,1,'2018-07-16',8,5,'梁丽艳','96679实际损耗与WM系统PP仓位数量不符','7月10号多领1480，取消多领的62单',7,NULL,29,'10.128.114.145','2018-07-16 07:16:55'),(3079,1,'2018-07-16',4,3,'张晓磊','添加供应商：北京儒尚商贸有限公司','MDM、SS、SAP',7,NULL,29,'10.128.114.145','2018-07-16 08:03:50'),(3080,1,'2018-07-16',1,1,'朱军','对应车牌号提示库存数量小于申请数量','整理文档提交IA，IA反馈该SP号已取消，重新安排路线',7,NULL,29,'10.128.114.145','2018-07-16 08:05:02'),(3081,1,'2018-07-16',8,1,'梁丽艳','深加工包材日结期初数量存在小数','整理D103仓库WM系统库存为小数的包材发给IA，联系程序员调整库存',7,NULL,29,'10.128.114.145','2018-07-16 08:06:35'),(3082,2,'2018-07-16',1,1,'魏宗秀','501807Q0706物流已经安排完路线可是还是显示等待排号','SS删除销售单，重新下单',1,NULL,29,'10.128.112.254','2018-07-23 01:41:38'),(3083,1,'2018-07-17',3,7,'廉络','添加OA账号：张鹏','OA人事管理',7,NULL,29,'10.128.114.145','2018-07-17 01:28:06'),(3084,2,'2018-07-17',6,1,'顾丽敏','日结日期超前','SS，修改GBM44800',1,NULL,29,'10.128.112.254','2018-07-23 01:41:38'),(3085,1,'2018-07-17',3,7,'李陈林','添加OA账号：张莉','OA人事管理',7,NULL,29,'10.128.114.145','2018-07-17 05:24:17'),(3086,2,'2018-07-17',4,3,'王海洋','添加供应商：慈溪市掌起立明叉车配件经营部','MDM、SS、SAP',1,NULL,29,'10.128.112.254','2018-07-23 01:41:38'),(3087,2,'2018-07-17',4,3,'徐凌峰','更新供应商：余姚天发化工商店银行信息','MDM、SS、SAP',1,NULL,29,'10.128.112.254','2018-07-23 01:41:38'),(3088,1,'2018-07-17',9,1,'陈海波','WMM58300包材确认出库出现小数','整理文档提交IA',7,NULL,29,'10.128.114.145','2018-07-17 05:46:39'),(3089,2,'2018-07-17',6,7,'顾丽敏','日结时带不出来600000000099348包材','产品60022D12、50201062装箱标准老编码修改成新编码',1,NULL,29,'10.128.112.254','2018-07-23 01:41:38'),(3090,1,'2018-07-17',2,1,'王瑜善','600000000101795深加工核心辅料PUM02900确认入库提示需设置装箱标准','设置入库仓位，联系IA',7,NULL,29,'10.128.114.145','2018-07-17 08:53:12'),(3091,1,'2018-07-17',3,7,'郭丹','添加OA账号：张蓉','OA人事管理',7,NULL,29,'10.128.114.145','2018-07-17 09:13:18'),(3092,1,'2018-07-18',1,1,'朱军','50180702524无法对应车牌号','查询该单据已经到确认发货环节，但在确认环节找不到该单据，删除该单据重新开',7,NULL,29,'10.128.115.177','2018-07-18 03:48:55'),(3093,1,'2018-07-18',9,7,'黄贺群','无法删除PO1807L0032','SS-EGU01000恢复打印',7,NULL,29,'10.128.115.177','2018-07-18 05:13:17'),(3094,2,'2018-07-18',6,1,'顾丽敏','17号日结提示日期超前','SS-GBM44800修改65单日期到17日',1,NULL,29,'10.128.112.254','2018-07-23 01:41:38'),(3095,2,'2018-07-19',4,2,'何彬','客户开户：余姚市古塘酒店有限公司10097517','MDM、SS、SAP',1,NULL,29,'10.128.112.254','2018-07-23 01:41:38'),(3096,2,'2018-07-19',2,7,'曲正凤','SS开通权限：GBM29000,GBM66000,EGGM0710','SS',1,NULL,29,'10.128.112.254','2018-07-23 01:41:38'),(3097,2,'2018-07-19',3,7,'王储君','慈溪行程核准流程申请人有北京营销事业同事','除了慈溪四个部门，又添加北京营销事业部部门',1,NULL,29,'10.128.112.254','2018-07-23 01:41:38'),(3098,1,'2018-07-18',6,7,'杨林峰','64单据日期超前','SS-GBM44800、GBM44I00',7,NULL,29,'10.128.113.85','2018-07-19 05:06:11'),(3099,1,'2018-07-19',4,5,'李陈林','SAP上张莉员工账号CV编号错误','联系李立磊修改',7,NULL,29,'10.128.113.85','2018-07-19 05:07:40'),(3100,1,'2018-07-19',4,2,'李小静','添加客户：北京昭明一栗快餐有限公司','MDM、SS、SAP',7,NULL,29,'10.128.113.85','2018-07-19 05:08:25'),(3101,1,'2018-07-19',4,2,'孙艺航','添加客户：上海革顺食品有限公司','MDM、SS、SAP',7,NULL,29,'10.128.113.85','2018-07-19 05:08:55'),(3102,1,'2018-07-19',1,1,'朱军','54404060产品WM系统与SS系统库存不一致','整理文档提交IA调整库存',7,NULL,29,'10.128.113.85','2018-07-19 05:09:33'),(3103,1,'2018-07-18',1,7,'李虹宇','64单据日期超前','SS-GBM44800、GBM44I00',7,NULL,29,'10.128.113.85','2018-07-19 05:10:56'),(3104,1,'2018-07-18',8,7,'梁丽艳','PO单日期超前','SS-GBM44G00',7,NULL,29,'10.128.113.85','2018-07-19 05:12:01'),(3105,1,'2018-07-18',9,7,'黄贺群','PO单日期超前','SS-GBM44G00',7,NULL,29,'10.128.113.85','2018-07-19 05:12:36'),(3106,1,'2018-07-19',1,1,'朱军','对应车牌号提示50201077库存数量小于申请数量','整理文档提交IA',7,NULL,29,'10.128.113.85','2018-07-19 05:13:32'),(3107,1,'2018-07-19',4,3,'李陈林','添加员工账号：HR304532','OA中走s4_01，ZFI074添加银行账号信息',7,NULL,29,'10.128.113.85','2018-07-19 05:16:12'),(3108,2,'2018-07-19',2,7,'曲正凤','SS开通ITM01200权限','SS',1,NULL,29,'10.128.112.254','2018-07-23 01:41:38'),(3109,2,'2018-07-19',2,7,'曲正凤','添加权限EGGM0600','SS',1,NULL,29,'10.128.112.254','2018-07-23 01:41:38'),(3110,1,'2018-07-20',3,7,'贾立朋','创建PG37-包材到货计划通知流程','OA',1,NULL,29,'10.128.112.254','2018-07-19 08:25:03'),(3111,2,'2018-07-20',4,2,'冯佳维','客户开户：10097565上海臻皓蔬果有限公司','MDM、SS、SAP',1,NULL,29,'10.128.112.254','2018-07-23 01:41:38'),(3112,1,'2018-07-20',2,5,'冯渊','SS密码忘记','SS重置密码',1,NULL,29,'10.128.112.254','2018-07-19 08:50:41'),(3113,2,'2018-07-20',2,7,'曲正凤','添加权限STI10000库存余额','ss',1,NULL,29,'10.128.112.254','2018-07-23 01:41:38'),(3114,2,'2018-07-20',1,1,'林倩','10041978在每日结算查不到','100041978的结算于10024007修改成DD100283',1,NULL,29,'10.128.112.254','2018-07-23 01:41:38'),(3115,2,'2018-07-20',9,1,'薛利英','液蛋原料蛋从分级成品库到液蛋原料库转移时，按保存按钮出现提示','程序问题，联系田丽解决',1,NULL,29,'10.128.112.254','2018-07-23 01:41:38'),(3116,2,'2018-07-20',9,7,'薛利英','STM15000没有办法修改仓库','SS-恢复原状-设定信息文件',1,NULL,29,'10.128.112.254','2018-07-23 01:41:38'),(3117,1,'2018-07-21',1,7,'杨燕','添加运输路线','SS',3,NULL,29,'10.128.113.240','2018-07-21 07:51:55'),(3118,2,'2018-07-21',1,1,'李杰','确认发货单时报数据库错误','SS重新登录',3,NULL,29,'10.128.113.240','2018-07-23 01:44:08'),(3119,2,'2018-07-23',3,1,'王储君','CX34-20180713007 签呈退回，需要王总签字','退回到申请人',1,NULL,30,'10.128.112.254','2018-07-23 01:41:38'),(3120,2,'2018-07-23',4,7,'茹丹','更新银行信息中国农业银行股份有限公司慈溪市支行','sap-银行主数据维护',1,NULL,30,'10.128.112.254','2018-07-23 01:53:32'),(3121,1,'2018-07-23',7,7,'朱琳','600000000146388新疫苗','从MDM下载并发送FARM',1,NULL,30,'10.128.112.254','2018-07-23 02:00:48'),(3122,2,'2018-07-23',7,7,'茹丹','030901结账锁定提示采购或者调拨未结转到ss系统','到010901结转采购/调拨信息到SMART SOFT ,全部给结转了',1,NULL,30,'10.128.112.254','2018-07-23 03:41:47'),(3123,2,'2018-07-23',4,3,'徐凌峰','供应商添加：宁波宏精化工有限公司','MDM、SS、SAP',1,NULL,30,'10.128.112.254','2018-07-23 05:01:52'),(3124,1,'2018-07-23',4,2,'张振楠','客户开户：锦州市腾飞蛋禽农副产品专业合作社','MDM、SS、SAP',1,NULL,30,'10.128.112.254','2018-07-23 05:24:20'),(3125,1,'2018-07-23',3,7,'杨雪梅','OA开户：闫亭亭','OA-人事',1,NULL,30,'10.128.112.254','2018-07-23 06:49:47'),(3126,2,'2018-07-23',4,2,'王储君','客户开户：上海革顺食品有限公司','MDM、SS、SAP',1,NULL,30,'10.128.112.254','2018-07-23 08:15:10'),(3127,1,'2018-07-23',3,5,'杨倩','FY02_1-20180702875审批人选错','OA-流程干预',1,NULL,30,'10.128.112.254','2018-07-23 08:28:50'),(3128,1,'2018-07-24',1,1,'张宁','发货单在WM确认备货看不到','SS手动发送WM',3,NULL,30,'10.128.115.175','2018-07-24 00:54:03'),(3129,1,'2018-07-24',3,7,'杨林峰','无法在批准的界面上传附件','让申请人在发起处上传附件',3,NULL,30,'10.128.115.175','2018-07-24 01:00:35'),(3130,1,'2018-07-24',3,7,'王玉明','OA矩阵费用会计和应付会计添加张鹏','OA-矩阵管理',1,NULL,30,'10.128.112.254','2018-07-24 01:20:47'),(3131,2,'2018-07-24',3,5,'王储君','QC-2018070272签呈退回，没有选择品管','OA-流程干预',1,NULL,30,'10.128.112.254','2018-07-24 02:09:06'),(3132,2,'2018-07-24',2,1,'曲正凤','SS装箱标准无法选择产品编码','联系田丽解决',1,NULL,30,'10.128.112.254','2018-07-24 04:18:05'),(3133,1,'2018-07-24',3,7,'郭丹','上传张蓉签名，修改郭丹上级为张蓉','OA-人事',1,NULL,30,'10.128.112.254','2018-07-24 07:56:59'),(3134,1,'2018-07-25',4,3,'张程','添加付款银行账号','SAP-ZFI074',7,NULL,30,'10.128.113.48','2018-07-25 02:23:45'),(3135,1,'2018-07-23',2,5,'杨林峰','记录采购订单报错','选错事业线',7,NULL,30,'10.128.113.48','2018-07-25 02:25:08'),(3136,1,'2018-07-23',2,7,'杨林峰','SS添加权限FMP20100','SS-GBM05000',7,NULL,30,'10.128.113.48','2018-07-25 02:26:25'),(3137,1,'2018-07-23',1,7,'朱军','64单据日期超前','SS-GBM44800、GBM44I00',7,NULL,30,'10.128.113.48','2018-07-25 02:31:01'),(3138,1,'2018-07-23',1,5,'李虹宇','对应车牌号报错','已对应车牌号',7,NULL,30,'10.128.113.48','2018-07-25 02:32:09'),(3139,1,'2018-07-25',2,7,'王瑜善','修改产品系列（14个）','MDM-GBM29000修改产品系列，联系IA审核',7,NULL,30,'10.128.113.48','2018-07-25 02:44:07'),(3140,1,'2018-07-23',8,7,'梁丽艳','62单据日期超前','SS-GBM44800、GBM44I00',7,NULL,30,'10.128.113.48','2018-07-25 02:45:06'),(3141,1,'2018-07-25',5,7,'杜雪松','从中央服务器下载供应商','SS-CTG11000',7,NULL,30,'10.128.113.48','2018-07-25 03:26:49'),(3142,1,'2018-07-25',4,3,'杜雪松','添加供应商：大连申融贸易有限公司','SAP-ZBP002、ZFI074',7,NULL,30,'10.128.113.48','2018-07-25 03:32:34'),(3143,1,'2018-07-25',4,2,'周帅','添加客户：杭州怡斯宝特面包工业有限公司','MDM、SS、SAP',7,NULL,30,'10.128.113.48','2018-07-25 04:06:27'),(3144,1,'2018-07-25',1,3,'刘艳霞','修改BJ617004收货人信息','SS-GBM15000',7,NULL,30,'10.128.113.48','2018-07-25 08:19:52'),(3145,1,'2018-07-25',3,5,'李小静','IT05签呈提交报错','改用谷歌浏览器，将CPC申请勾选上',7,NULL,30,'10.128.113.48','2018-07-25 08:22:35'),(3146,1,'2018-07-25',2,7,'杨林峰','增加SS账号权限：GBM36100、SHSM0410','SS-GBM05000',7,NULL,30,'10.128.113.48','2018-07-25 09:00:11'),(3147,1,'2018-07-25',6,1,'刘永银','WM确认数量与领用数量 不一致','整理问题明细交IA',3,NULL,30,'10.128.113.38','2018-07-25 11:28:53'),(3148,1,'2018-07-24',4,3,'杜雪松','岫岩满族自治县偏岭镇群兴石粉经销处供应商发送到总部','MDM',1,NULL,30,'10.128.112.254','2018-07-26 00:38:45'),(3149,1,'2018-07-24',4,3,'秦鹏飞','添加供应商：盖益阀门（上海）有限公司','MDM、SS、SAP',1,NULL,30,'10.128.112.254','2018-07-26 00:39:30'),(3150,1,'2018-07-24',4,3,'秦鹏飞','供应商添加：石家庄众泰不锈钢设备制造厂','MDM、SS、SAP',1,NULL,30,'10.128.112.254','2018-07-26 00:40:00'),(3151,2,'2018-07-24',4,2,'何彬','客户开户：宁波千厨汇食品有限公司','MDM、SS、SAP',1,NULL,30,'10.128.112.254','2018-07-26 00:40:57'),(3152,2,'2018-07-24',4,2,'何彬','客户开户：慈溪市天渡大酒店有限公司','MDM、SS、SAP',1,NULL,30,'10.128.112.254','2018-07-26 00:41:44'),(3153,2,'2018-07-24',4,2,'何彬','客户开户：宁波易百码商业管理有限公司','MDM、SS、SAP',1,NULL,30,'10.128.112.254','2018-07-26 00:42:37'),(3154,2,'2018-07-24',4,2,'任开峰','客户开户：周立人','MDM、SS、SAP',1,NULL,30,'10.128.112.254','2018-07-26 00:43:32'),(3155,1,'2018-07-26',3,7,'郭丹','修改张蓉签名文件','OA',1,NULL,30,'10.128.112.254','2018-07-26 00:44:59'),(3156,1,'2018-07-26',1,7,'彭艳楠','增加液蛋销售事业线','SS-GBM17000、GBM18000、DCM06000',7,NULL,30,'10.128.113.48','2018-07-26 00:49:35'),(3157,1,'2018-07-26',4,3,'秦鹏飞','修改10005430供应商税号','联系IA停用老税号，GBM15010、GBM15020',7,NULL,30,'10.128.113.48','2018-07-26 01:09:09'),(3158,1,'2018-07-26',4,3,'秦鹏飞','添加供应商：杭州欧圣链传动有限公司','MDM、SS、SAP',7,NULL,30,'10.128.113.48','2018-07-26 01:09:35'),(3159,1,'2018-07-26',9,5,'张学会','下错单据，删除非生产出库单','SS-STM14001',7,NULL,30,'10.128.113.48','2018-07-26 01:30:01'),(3160,1,'2018-07-26',2,7,'马红峪','添加SS账号：管凤先','SS-GBM04000，GBM05000',7,NULL,30,'10.128.113.48','2018-07-26 01:31:04'),(3161,1,'2018-07-26',8,1,'梁丽艳','99948辅料WM系统库存PP01为负数','库存总数正确，进行移仓、核销',7,NULL,30,'10.128.113.48','2018-07-26 02:35:33'),(3162,1,'2018-07-26',3,7,'刘翔鹤','新建流程：PG38-出差行程明细表','OA-流程',1,NULL,30,'10.128.112.254','2018-07-26 04:11:51'),(3163,1,'2018-07-26',3,7,'刘翔鹤','新建流程；PG39-出差总结表','OA-流程',1,NULL,30,'10.128.112.254','2018-07-26 04:12:30'),(3164,1,'2018-07-26',4,3,'李爱芝','添加供应商：北京市食品安全监控和风险评估中心（北京市食品检验所）','MDM、SS、SAP',7,NULL,30,'10.128.113.48','2018-07-26 05:57:14'),(3165,1,'2018-07-26',1,1,'杨艳','打印退货单中产品名称与退货单中不符','整理文档提交IA',7,NULL,30,'10.128.113.48','2018-07-26 05:58:22'),(3166,1,'2018-07-26',4,3,'陈光','10005308修改税号，添加银行账号信息','联系IA停用老税号，GBM15010、GBM15020，SAP-ZFI074',7,NULL,30,'10.128.113.48','2018-07-26 08:12:09'),(3167,1,'2018-07-26',1,3,'杨燕','10074461、10074463、10074464、10074465添加B6始发仓位','SS-DCM06000',7,NULL,30,'10.128.113.48','2018-07-26 08:13:37'),(3168,1,'2018-07-26',4,2,'李小静','添加客户：北京华夏九州农业产品销售有限公司','MDM、SS、SAP',7,NULL,30,'10.128.113.48','2018-07-26 08:35:06'),(3169,1,'2018-07-27',6,7,'郭金蕊','搜不到600000000101925包材','MDM下载发送到SS',7,NULL,30,'10.128.113.48','2018-07-27 02:06:08'),(3170,1,'2018-07-27',4,2,'李小静','客户开户：北京零贰生活餐饮有限公司','MDM、SS、SAP',1,NULL,30,'10.128.112.254','2018-07-27 02:49:19'),(3171,2,'2018-07-27',2,7,'马红峪','WEIZONGXIU和LINQIAN开权限EGM10900','SS',1,NULL,30,'10.128.112.254','2018-07-27 03:52:10'),(3172,2,'2018-07-27',3,7,'马红峪','慈溪的签呈全部赋予马红峪可以查看使用','OA',1,NULL,30,'10.128.112.254','2018-07-27 04:10:00'),(3173,2,'2018-07-27',4,3,'吴宝川','变更银行信息：上海华测品标检测技术有限公司','SAP',1,NULL,30,'10.128.112.254','2018-07-27 05:22:05'),(3174,1,'2018-07-27',4,2,'李小静','客户开户：海淀区军队离退休干部百望服务管理中心','MDM、SS、SAP',1,NULL,30,'10.128.112.254','2018-07-27 07:23:01'),(3175,1,'2018-07-27',7,7,'朱琳','下载新药品疫苗600000000063735','MDM、SS',1,NULL,30,'10.128.112.254','2018-07-27 07:28:38'),(3176,1,'2018-07-27',7,7,'朱琳','下载新药品：600000000022935','MDM、SS',1,NULL,30,'10.128.112.254','2018-07-27 07:42:55'),(3177,1,'2018-07-27',7,7,'朱琳','下载新药品：800000702000211','MDM、SS',1,NULL,30,'10.128.112.254','2018-07-27 07:43:18'),(3178,1,'2018-07-27',7,7,'朱琳','下载新药品800070101000052','MDM、SS',1,NULL,30,'10.128.112.254','2018-07-27 07:43:42'),(3179,1,'2018-07-27',7,7,'朱琳','下载新药品：600000000053801','MDM、SS',1,NULL,30,'10.128.112.254','2018-07-27 07:44:08'),(3180,1,'2018-07-27',7,7,'朱琳','下载新药品：600000000102519','MDM、SS',1,NULL,30,'10.128.112.254','2018-07-27 07:44:34'),(3181,1,'2018-07-27',2,7,'何雪琴','权限开通：DCI01000、GBM36100、SHSM0410','SS',1,NULL,30,'10.128.112.254','2018-07-27 08:23:54'),(3182,2,'2018-07-27',3,5,'王储君','签呈CX23-2018070294，需要品管会签','OA-流程干预',1,NULL,30,'10.128.112.254','2018-07-27 08:41:49'),(3183,1,'2018-07-27',4,3,'郭丹','添加供应商：北京尚行伟业管理咨询有限公司','MDM、SS、SAP',1,NULL,30,'10.128.112.254','2018-07-27 08:49:57'),(3184,1,'2018-07-28',1,7,'陈晶伟','对应车排号提示库存不足','从WA01仓位移库到PB仓位，然后重新设定产品仓位',2,NULL,30,'10.128.114.186','2018-07-28 03:32:06'),(3185,1,'2018-07-28',9,7,'黄佩臣','补入62单修改票据时间','GBM44I00',2,NULL,30,'10.128.114.186','2018-07-28 03:33:33'),(3186,1,'2018-07-28',6,1,'芮久明','新入库包材需要移库核销箱数量','WMM6000移库操作和64000正负核销',2,NULL,30,'10.128.114.186','2018-07-28 09:07:39'),(3187,1,'2018-07-29',3,7,'张程','修改上级主管','OA修改',2,NULL,30,'10.128.115.2','2018-07-29 02:25:54'),(3188,1,'2018-07-29',6,1,'宋宇航','分级包材日结提示数量不足','程序问题导致遗留问题，WM正常仓位移库PP仓位',2,NULL,30,'10.128.115.2','2018-07-29 08:29:04'),(3189,1,'2018-07-29',6,1,'芮久明','分级液蛋深加工包材移库','程序问题导致遗留问题，新入库包材WM移库核销箱数量',2,NULL,30,'10.128.115.2','2018-07-29 08:30:07'),(3190,2,'2018-07-29',1,7,'方琴','液蛋结账开通系统权限','SS权限设定',2,NULL,30,'10.128.115.2','2018-07-29 08:31:07'),(3191,1,'2018-07-29',6,5,'宋宇航','52505016耗用0开头编码','SS修改产品设定为6开头编码',2,NULL,30,'10.128.115.2','2018-07-29 08:32:11'),(3192,1,'2018-07-29',6,5,'宋宇航','50216021产品没有带出包材耗用','修改产品设定',2,NULL,30,'10.128.115.2','2018-07-29 10:10:28'),(3193,2,'2018-07-30',4,2,'刘勋','客户开户：宁波义康贸易有限公司','MDM、SS、SAP',1,NULL,31,'10.128.112.254','2018-07-30 00:34:37'),(3194,1,'2018-07-30',3,1,'闫宜','FY02_1供应商不显示银行账户信息','用谷歌浏览器',1,NULL,31,'10.128.112.254','2018-07-30 00:49:47'),(3195,2,'2018-07-30',4,2,'马红峪','（特批无合同无签呈）客户开户：阜智农（上海）农业科技有限公司','MDM、SS、SAP',1,NULL,31,'10.128.112.254','2018-07-30 01:55:14'),(3196,2,'2018-07-30',7,7,'茹丹','采购单结转到ss系统','畜禽中心的010901',1,NULL,31,'10.128.112.254','2018-07-30 02:21:39'),(3197,1,'2018-07-30',3,7,'张保英','孙小蕊设置成离职，完成报销','OA',1,NULL,31,'10.128.112.254','2018-07-30 03:41:37'),(3198,1,'2018-07-30',1,5,'杨林峰','B702仓库64单据超前','SS-GBM44800',7,NULL,31,'10.128.115.104','2018-07-30 04:13:51'),(3199,1,'2018-07-30',1,5,'张超','对应车牌号提示50201077库存数量小于申请数量','WMM07000修改产品出入库方式',7,NULL,31,'10.128.115.104','2018-07-30 04:15:24'),(3200,1,'2018-07-30',8,7,'梁丽艳','删除62生产领料单','SS-EGU01000恢复打印',7,NULL,31,'10.128.115.104','2018-07-30 04:16:34'),(3201,1,'2018-07-30',9,1,'赵权玺','新包材入库','SS开通PUM02900权限，WMM6000移库操作和64000正负核销',7,NULL,31,'10.128.115.104','2018-07-30 04:18:41'),(3202,1,'2018-07-30',9,7,'黄贺群','补入62单修改票据时间','SS-GBM44I00',7,NULL,31,'10.128.115.104','2018-07-30 04:19:34'),(3203,1,'2018-07-30',3,7,'石欣旺','恢复张安OA','OA-人事',1,NULL,31,'10.128.112.254','2018-07-30 05:29:35'),(3204,1,'2018-07-30',8,1,'梁丽艳','深加工PP仓位数量不正确','程序问题导致遗留问题，WM正常仓位移库PP仓位',7,NULL,31,'10.128.115.104','2018-07-30 05:59:05'),(3205,1,'2018-07-30',4,3,'秦鹏飞','添加供应商：青岛日联华波科技有限公司','MDM、SS、SAP',7,NULL,31,'10.128.115.104','2018-07-30 05:59:49'),(3206,2,'2018-07-30',1,5,'罗晨光','现销改赊销','SS',3,NULL,31,'10.128.115.89','2018-07-30 06:54:38'),(3207,1,'2018-07-30',4,3,'秦鹏飞','添加供应商：英泰集团有限公司','MDM、SS、SAP',7,NULL,31,'10.128.115.104','2018-07-30 07:26:21'),(3208,1,'2018-07-30',2,7,'冯渊','无法生成采购单（10074377）','SS-GBM2000',7,NULL,31,'10.128.115.104','2018-07-30 07:27:50'),(3209,1,'2018-07-30',2,5,'王涛','忘记SS一层登录账号密码','查看一层账号并重置密码',7,NULL,31,'10.128.115.104','2018-07-30 07:41:13'),(3210,1,'2018-07-30',1,7,'张宁','64单据日期超前','SS-GBM44800、GBM44I00',7,NULL,31,'10.128.115.104','2018-07-30 07:47:56'),(3211,2,'2018-07-30',2,7,'马红峪','取消王储君SLM01930；DCM09000；SHSI1510；SHSI0510权限','SS-权限',1,NULL,31,'10.128.112.254','2018-07-30 07:49:42'),(3212,1,'2018-07-30',6,1,'芮久明','新包材入库','SS开通PUM02900权限，WMM6000移库操作和64000正负核销',7,NULL,31,'10.128.115.104','2018-07-30 08:12:25'),(3213,2,'2018-07-30',1,7,'马红峪','设置液蛋产品销售价报错','联系田丽解决',1,NULL,31,'10.128.112.254','2018-07-30 08:14:30'),(3214,1,'2018-07-30',9,1,'陈海波','新包材入库','SS开通PUM02900权限，WMM6000移库操作和64000正负核销',7,NULL,31,'10.128.115.104','2018-07-30 08:28:41'),(3215,1,'2018-07-30',6,5,'宋宇航','51000240产品入库重量有误','MDM-GBM29000设置产品重量，联系IA审核',7,NULL,31,'10.128.115.104','2018-07-30 08:30:46'),(3216,2,'2018-07-30',4,2,'王斌','客户开户：宁波市农业局食堂','MDM、SS、SAP',1,NULL,31,'10.128.112.254','2018-07-30 08:42:20'),(3217,2,'2018-07-30',1,1,'马红峪','61单日期超前','SS-GBM44800',1,NULL,31,'10.128.112.254','2018-07-30 08:49:41'),(3218,2,'2018-07-31',7,7,'潘军亮','下载新药品疫苗600000000031588，MDM发送了，SS还是没有','联系IA秦培处理,',1,NULL,31,'10.128.112.254','2018-07-31 00:57:12'),(3219,1,'2018-07-31',4,3,'王素荣','添加员工账号：HR251856','填写好信息后OA走S4_01流程，ZFI047添加银行信息',7,NULL,31,'10.128.115.233','2018-07-31 01:35:15'),(3220,1,'2018-07-31',3,5,'张晓磊','PG24-2018070810退回，价格弄错了','OA',1,NULL,31,'10.128.112.254','2018-07-31 01:57:16'),(3221,1,'2018-07-31',2,5,'冯渊','删除采购单E4761807300332','SS',1,NULL,31,'10.128.112.254','2018-07-31 02:42:27'),(3222,1,'2018-07-31',3,7,'李晓晓','添加IA账号：费晶晶','OA人事管理',7,NULL,31,'10.128.115.233','2018-07-31 06:10:03'),(3223,1,'2018-07-31',9,1,'陈海波','液蛋厂新包材入库','SS开通PUM02900权限，WMM6000移库操作和64000正负核销',7,NULL,31,'10.128.115.233','2018-07-31 06:10:49'),(3224,1,'2018-07-31',1,1,'陈晶伟','对应车牌号提示50216009、50216023为0','删除61入库单重新入库',7,NULL,31,'10.128.115.233','2018-07-31 06:14:19'),(3225,1,'2018-07-31',9,5,'黄贺群','删除62生产领料单（领料日期选错）','SS-STM14011',7,NULL,31,'10.128.115.233','2018-07-31 07:17:33'),(3226,1,'2018-07-31',8,7,'梁丽艳','62单据日期超前','SS-GBM44800、GBM44I00',7,NULL,31,'10.128.115.233','2018-07-31 07:19:14'),(3227,1,'2018-08-01',7,7,'朱琳','添加新药品：800000702000002、600000000052322','MDM、SS',1,NULL,31,'10.128.112.254','2018-08-01 00:48:28'),(3228,2,'2018-08-01',1,7,'马红峪','客户添加液蛋事业线：DD820059、DD820075、10008233','SS',1,NULL,31,'10.128.112.254','2018-08-01 00:49:20'),(3229,2,'2018-08-01',1,1,'马红峪','开立销售订单选择液蛋产品提示没有此产品','联系田丽解决',1,NULL,31,'10.128.112.254','2018-08-01 01:25:42'),(3230,1,'2018-08-01',4,3,'秦鹏飞','添加供应商：北京昆山电气科技有限公司','MDM、SS、SAP',7,NULL,31,'10.128.115.233','2018-08-01 01:46:26'),(3231,1,'2018-08-01',4,3,'苗雅迪','添加供应商：华检永泰检验有限公司','MDM、SS、SAP',7,NULL,31,'10.128.115.233','2018-08-01 01:47:09'),(3232,1,'2018-08-01',1,3,'田雅丽','修改永旺客户（9个）扣点（PG10-2018070878）','SS-GBM17000',7,NULL,31,'10.128.115.233','2018-08-01 01:48:41'),(3233,2,'2018-08-01',4,7,'徐凌峰','扩展供应商：宁波润天化工有限公司','MDM、SS、SAP',1,NULL,31,'10.128.112.254','2018-08-01 02:28:38'),(3234,1,'2018-08-01',4,7,'刘翔鹤','南通正大畜禽有限公司扩展成供应商','SAP',1,NULL,31,'10.128.112.254','2018-08-01 03:13:21'),(3235,2,'2018-08-01',1,7,'马红峪','宁波市农业局食堂现消改成赊销，王总微信同意','SS',1,NULL,31,'10.128.112.254','2018-08-01 03:16:11'),(3236,2,'2018-08-01',2,7,'马红峪','新员工潘静、徐佳维开通SS权限，订单员','SS',1,NULL,31,'10.128.112.254','2018-08-01 03:15:29'),(3237,1,'2018-08-01',3,5,'杨雪梅','PG23-2018071508签呈退回，附件要调整','OA-流程干预',1,NULL,31,'10.128.112.254','2018-08-01 03:56:41'),(3238,1,'2018-08-01',1,3,'薄会双','修改BJ307004客户通路（615改为617）','SS-GBM16000',7,NULL,31,'10.128.115.233','2018-08-01 04:27:22'),(3239,1,'2018-08-01',4,3,'李晓晓','添加供应商：中国农业大学','MDM、SS、SAP',7,NULL,31,'10.128.115.233','2018-08-01 04:28:31'),(3240,1,'2018-08-01',4,2,'李虹宇','添加客户：嘉乐诺（北京）食品配送有限公司~自提户','MDM、SS、SAP',7,NULL,31,'10.128.115.233','2018-08-01 04:29:07'),(3241,1,'2018-08-01',4,2,'李虹宇','添加客户：北京日日生鲜农业有限公司~自提户','MDM、SS、SAP',7,NULL,31,'10.128.115.233','2018-08-01 04:29:30'),(3242,2,'2018-08-01',1,7,'马红峪','开立液蛋产品销售单，点击确定报错','设定液蛋产品销售顺序号',1,NULL,31,'10.128.112.254','2018-08-01 08:38:41'),(3243,2,'2018-08-01',6,5,'顾丽敏','新产品50201090过磅时候箱数不显示','修改装箱标准改成1 箱',1,NULL,31,'10.128.112.254','2018-08-01 08:43:45'),(3244,1,'2018-08-02',3,5,'张晓磊','PG08-2018080332退回，紧急采购需要添加新东西','OA-流程干预',1,NULL,31,'10.128.112.254','2018-08-02 03:01:36'),(3245,1,'2018-08-02',4,2,'刘艳霞','添加客户：山东九天绿商贸有限公司','MDM、SS、SAP',7,NULL,31,'10.128.114.40','2018-08-02 03:02:44'),(3246,1,'2018-08-02',4,3,'张志强','添加供应商：北京金恒通厨房设备有限公司','MDM、SS、SAP',7,NULL,31,'10.128.114.40','2018-08-02 03:11:57'),(3247,1,'2018-08-02',5,7,'李鹏飞','30%品检时把玉米转为2S时提示设置INI have not set','联系IA咨询',7,NULL,31,'10.128.114.40','2018-08-02 03:21:05'),(3248,2,'2018-08-02',1,7,'马红峪','液蛋不能开单报错','SS-设置顺序号后，还需要设置链接对应',1,NULL,31,'10.128.112.254','2018-08-02 04:01:02'),(3249,1,'2018-08-02',4,3,'杜雪松','将10112686供应商扩展到0128，添加付款银行账号','SAP',7,NULL,31,'10.128.114.40','2018-08-02 05:25:11'),(3250,1,'2018-08-02',1,5,'刘晓二','根据退货单找退货人','SS',3,NULL,31,'10.128.114.33','2018-08-02 07:48:34'),(3251,1,'2018-08-02',3,5,'杨雪梅','PG23-2018071532退回，需要调整内容','OA-流程干预',1,NULL,31,'10.128.112.254','2018-08-02 08:36:05'),(3252,1,'2018-08-02',3,5,'曹彭辉','签呈误点完成，需强制收回','签呈强制退回',7,NULL,31,'10.128.114.40','2018-08-02 09:06:53'),(3253,1,'2018-08-02',6,5,'宋宇航','50216005产品入库重量不对','外包箱重量单位设置错误，单位重量只能是公斤，修改单位重量，联系IA审核',7,NULL,31,'10.128.114.40','2018-08-02 09:08:48'),(3254,1,'2018-08-03',1,3,'于海洋','修改10041068客户信用额度','OA中走s4_01，SS-GBM18000',7,NULL,31,'10.128.114.170','2018-08-03 00:53:17'),(3255,1,'2018-08-03',7,1,'赵琴琴','蛋鸡场200103确认进鸡计划报错','发送给田间IA秦培，秦培在联系程序员',1,NULL,31,'10.128.112.254','2018-08-03 03:49:57'),(3256,2,'2018-08-03',4,7,'任开峰','客户开户：慈溪市古塘钊素食品店','MDM、SS、SAP',1,NULL,31,'10.128.112.254','2018-08-03 04:55:30'),(3257,1,'2018-08-03',4,3,'张保英','添加员工账号：HR109433','OA中走s4_01',7,NULL,31,'10.128.114.170','2018-08-03 05:47:47'),(3258,1,'2018-08-03',1,3,'刘伟','将永辉门店下扣点扣除','SS-GBM17000',7,NULL,31,'10.128.114.170','2018-08-03 05:49:02'),(3259,1,'2018-08-03',1,1,'刘晓二','54404060产品WM系统与SS系统库存不一致','查找库存不一致的日期并按IA要求整理问题说明',7,NULL,31,'10.128.114.170','2018-08-03 05:50:55'),(3260,1,'2018-08-03',3,7,'郭丹','张蓉添加成本中心北京KA','OA-人事',1,NULL,31,'10.128.112.254','2018-08-03 07:07:40'),(3261,1,'2018-08-03',1,5,'王国华','50216010产品WM系统库存为负数','因暂停WA01仓位导致，恢复WA01仓位，移仓后暂停WA01仓位',7,NULL,31,'10.128.114.170','2018-08-03 07:24:54'),(3262,2,'2018-08-05',7,7,'方琴','采购数据未结转到SS,无法结账','农场SAP模块结转',3,NULL,31,'10.128.115.86','2018-08-05 09:05:10'),(3263,2,'2018-08-05',1,1,'马红峪','开立订单，财务审核在SAP看不到','SS设定分组',3,NULL,31,'10.128.115.86','2018-08-05 09:06:29'),(3264,2,'2018-08-06',7,3,'姬会彬','药品疫苗采购好后，农场系统没有','MDM、SS、SAP',10,NULL,32,'10.127.24.145','2018-08-06 02:03:35'),(3265,1,'2018-08-06',4,5,'朱琳','变更10005404供应商税号','联系IA停用老税号，GBM15010、GBM15020',7,NULL,32,'10.128.115.172','2018-08-06 04:14:53'),(3266,1,'2018-08-06',4,7,'朱琳','变更10007050供应商税号','联系IA停用老税号，GBM15010、GBM15020',7,NULL,32,'10.128.115.172','2018-08-06 04:15:30'),(3267,2,'2018-08-06',4,3,'马红峪','客户开户：沃尔玛（中国）投资有限公司（没有签呈，王总特批）','MDM、SS、SAP',1,NULL,32,'10.128.112.254','2018-08-06 04:15:49'),(3268,1,'2018-08-06',6,5,'郭金蕊','600000000056091包材8月3号PP仓位为负数','查询库存变动明细表，8月3号库房多退15个',7,NULL,32,'10.128.115.172','2018-08-06 07:16:09'),(3269,1,'2018-08-06',1,3,'马红峪','修改10097523客户名称','MDM、SS',7,NULL,32,'10.128.115.172','2018-08-06 07:23:21'),(3270,2,'2018-08-06',3,7,'潘军亮','CX29车辆使用流程去掉总裁办审批','OA-流程路径',1,NULL,32,'10.128.112.254','2018-08-06 07:39:07'),(3271,1,'2018-08-06',1,5,'陈晶伟','恢复SP1808000284、SP1808000285，重新安排路线','不能恢复，SLU03000删除对应的50单重新下',7,NULL,32,'10.128.115.172','2018-08-06 07:41:59'),(3272,2,'2018-08-06',4,2,'韩凯','客户开户：上海椰椰食品有限公司','MDM、SS、SAP',1,NULL,32,'10.128.112.254','2018-08-06 08:23:33'),(3273,1,'2018-08-03',4,3,'郭丹','添加员工账号：HR305008','填写好信息后OA走S4_01流程，ZFI047添加银行信息',7,NULL,31,'10.128.115.172','2018-08-06 08:41:45'),(3274,2,'2018-08-07',1,3,'王园园','现消改赊销上海顶冠贸易有限公司','SS修改完成，sap没有签呈不给修改',1,NULL,32,'10.128.112.254','2018-08-07 00:41:08'),(3275,1,'2018-08-07',8,7,'梁丽艳','621808D00007恢复打印','SS-EGU01000恢复打印',7,NULL,32,'10.128.113.87','2018-08-07 04:29:49'),(3276,1,'2018-08-07',1,7,'薄会双','修改BJ10100421客户通路（6107-611）','SS-GBM16000',7,NULL,32,'10.128.113.87','2018-08-07 04:30:39'),(3277,1,'2018-08-07',1,1,'张宁','无法确认发货','SS恢复单据重新安排路线',7,NULL,32,'10.128.113.87','2018-08-07 06:12:51'),(3278,1,'2018-08-07',1,1,'张宁','51000240、52400012、55133030产品SS与WM库存不一致','整理问题说明发送IA',7,NULL,32,'10.128.113.87','2018-08-07 06:15:09'),(3279,1,'2018-08-07',3,7,'石欣旺','273244、270250人员OA账号注销','OA人事管理',7,NULL,32,'10.128.113.87','2018-08-07 07:48:42'),(3280,1,'2018-08-07',9,7,'陈海波','600000000083001包材单位为“张”，应为“个”','查看物料系统、SS系统、SAP单位都为“张”，没有影响，不更改',7,NULL,32,'10.128.113.87','2018-08-07 07:50:17'),(3281,1,'2018-08-08',2,7,'何雪琴','开通权限STI23000','SS',1,NULL,32,'10.128.112.254','2018-08-08 00:34:02'),(3282,1,'2018-08-08',9,7,'黄贺群','61单据日期超前','SS-GBM44800',7,NULL,32,'10.128.113.87','2018-08-08 01:34:48'),(3283,1,'2018-08-08',4,2,'彭艳楠','添加客户：正大食品（湛江）有限公司','MDM、SS、SAP',7,NULL,32,'10.128.113.87','2018-08-08 03:32:34'),(3284,1,'2018-08-08',2,7,'冯渊','采购单E4761808010005终止采购','SS-总账拦截订单',1,NULL,32,'10.128.112.254','2018-08-08 05:06:52'),(3285,1,'2018-08-08',6,5,'芮久明','其他业务EGM10900无法搜寻到600000000038634包材','编码中带空格造成无法搜寻到',7,NULL,32,'10.128.113.87','2018-08-08 05:12:27'),(3286,1,'2018-08-08',1,5,'田雅丽','删除RS1808L00008退货单','SS-SRU01000恢复打印，然后去SRM01000删除',7,NULL,32,'10.128.113.87','2018-08-08 05:24:35'),(3287,1,'2018-08-08',1,1,'张宁','对应车牌号提示54404060库存不足（查询WM为0，SS为27）','整理文档提交IA调整库存',7,NULL,32,'10.128.113.87','2018-08-08 05:27:10'),(3288,1,'2018-08-09',3,7,'赵星楠','添加OA账号','OA人事管理',7,NULL,32,'10.128.114.97','2018-08-09 00:45:25'),(3289,1,'2018-08-09',9,7,'黄贺群','61单据日期超前','SS-GBM44800',7,NULL,32,'10.128.114.97','2018-08-09 00:46:09'),(3290,1,'2018-08-09',2,7,'朱琳','北京三敏瑞宝商贸有限公司采购单无法入库','经查SS和sap系统为老税号，物料为新税号，需要变更ss和sap税号',1,NULL,32,'10.128.112.254','2018-08-09 00:57:06'),(3291,1,'2018-08-09',2,7,'朱琳','北京博赛达食品有限责任公司采购入库单无法入库','经查SS和sap系统为老税号，物料为新税号，需要变更ss和sap税号',1,NULL,32,'10.128.112.254','2018-08-09 00:57:35'),(3292,1,'2018-08-09',5,7,'李鹏飞','无法使用FMI17000权限','联系饲料厂IA，得知该权限被收回，若需要此权限联系苏丹',7,NULL,32,'10.128.114.97','2018-08-09 01:27:29'),(3293,1,'2018-08-09',2,1,'冯渊','新编码包材导出后，名称有乱码','整理文档提交给了IA田丽！',1,NULL,32,'10.128.112.254','2018-08-09 01:30:57'),(3294,1,'2018-08-09',2,7,'张鹏','添加SS账号','SS-GBM04000、GBM05000',7,NULL,32,'10.128.114.97','2018-08-09 01:41:39'),(3295,1,'2018-08-09',1,7,'彭艳楠','65文件日期超前（A303）','SS-GBM44I00',7,NULL,32,'10.128.114.97','2018-08-09 07:15:06'),(3296,1,'2018-08-09',1,7,'王国华','A302调拨65单据号用的16年12月票据号','SS-GBM44I00新添加18年8月65票据号',7,NULL,32,'10.128.114.97','2018-08-09 07:42:26'),(3297,1,'2018-08-09',1,1,'高敬欣','对应车牌号提示54404060库存不足（查询WM当前库存为0，SS为17','提交IA调整库存',7,NULL,32,'10.128.114.97','2018-08-09 08:04:00'),(3298,1,'2018-08-10',4,3,'秦鹏飞','添加供应商：陕西赛普瑞电气有限公司','MDM、SS、SAP',7,NULL,32,'10.128.114.187','2018-08-10 01:04:14'),(3299,1,'2018-08-10',4,3,'秦鹏飞','添加供应商：南京蓝污水处理设备有限公司','MDM、SS、SAP',7,NULL,32,'10.128.114.187','2018-08-10 01:04:40'),(3300,1,'2018-08-10',4,3,'秦鹏飞','更改10004595付款银行信息','联系李立磊停用原银行账号，添加新账号',7,NULL,32,'10.128.114.187','2018-08-10 02:01:23'),(3301,1,'2018-08-10',3,7,'经美','添加OA账号：经美-295476','OA人事管理',7,NULL,32,'10.128.114.187','2018-08-10 02:02:12'),(3302,2,'2018-08-03',4,2,'徐凌枫','供应商开户','MDM、SS、SAP',10,NULL,31,'10.127.24.74','2018-08-10 05:22:39'),(3303,2,'2018-08-03',4,3,'徐凌枫','供应商开户','MDM、SS、SAP',10,NULL,31,'10.127.24.74','2018-08-10 05:22:36'),(3304,2,'2018-08-03',7,3,'顾丽敏','新增下载产品','MDM、SS、SAP',10,NULL,31,'10.127.24.74','2018-08-10 02:25:32'),(3305,2,'2018-08-06',9,1,'王园园','信审问题','上报SAP组调整信用额度',10,NULL,32,'10.127.24.74','2018-08-10 02:47:07'),(3306,1,'2018-08-10',4,3,'刘翔鹤','修改10074333税号','联系IA停用老税号，GBM15010、GBM15020',7,NULL,32,'10.128.114.187','2018-08-10 03:36:59'),(3307,1,'2018-08-10',6,1,'宋宇航','2356、2375包材（0开头）PP仓位与实际损耗不符','联系IA调整WM库存',7,NULL,32,'10.128.114.187','2018-08-10 03:37:51'),(3308,1,'2018-08-10',4,2,'魏俊莲','添加客户：天津金纳得商贸有限公司','MDM、SS、SAP',7,NULL,32,'10.128.114.187','2018-08-10 03:38:40'),(3309,1,'2018-08-10',1,3,'刘阳','修改10006249客户名称，去掉“股份”二字','联系IA修改，GBM15000',7,NULL,32,'10.128.114.187','2018-08-10 07:43:53'),(3310,1,'2018-08-10',1,7,'杨燕','BJ215555开液蛋事业线','SS',3,NULL,32,'10.128.114.213','2018-08-10 08:35:56'),(3311,1,'2018-08-11',8,5,'孔庆敏','产品入错仓位，重新入库','修改入库票据时间',2,NULL,32,'10.128.114.214','2018-08-11 02:05:11'),(3312,2,'2018-08-13',4,2,'马益益','供应商开户','MDM、SS、SAP',10,NULL,33,'10.127.24.204','2018-08-13 02:26:45'),(3313,1,'2018-08-13',4,2,'李小静','添加客户：北京经正日成商贸有限公司','MDM、SS、SAP',7,NULL,33,'10.128.115.212','2018-08-13 04:22:19'),(3314,1,'2018-08-13',1,5,'张宁','设置价格“天津华润万家生活超市有限公司”有两个编码','SS-GBM15000将10003052暂停',7,NULL,33,'10.128.115.212','2018-08-13 06:55:11'),(3315,1,'2018-08-13',1,7,'李虹宇','删除50180801733、1735、1736单','SS-SLU03000',7,NULL,33,'10.128.115.212','2018-08-13 07:27:20'),(3316,1,'2018-08-13',9,7,'黄贺群','62单据日期超前','SS-GBM44I00',7,NULL,33,'10.128.115.212','2018-08-13 07:27:48'),(3317,1,'2018-08-13',1,5,'高敬欣','对应车牌号提示51000240库存不足','查询WM系统库存，需将RT仓位库存移到正常仓位',7,NULL,33,'10.128.115.212','2018-08-13 08:06:13'),(3318,1,'2018-08-13',1,7,'高敬欣','删除50180801847单据，确认备货找不到','将该50单恢复到安排路线',7,NULL,33,'10.128.115.212','2018-08-13 08:07:06'),(3319,1,'2018-08-14',4,3,'秦鹏飞','添加供应商：天津市金安达机电设备商贸有限公司','MDM、SS、SAP',7,NULL,33,'10.128.113.95','2018-08-14 05:29:34'),(3320,1,'2018-08-14',4,3,'秦鹏飞','添加供应商：南京蓝恒环保设备有限公司','MDM、SS、SAP',7,NULL,33,'10.128.113.95','2018-08-14 05:30:06'),(3321,1,'2018-08-14',3,7,'曹彭辉','添加OA账号：杨立红','OA人事管理',7,NULL,33,'10.128.113.95','2018-08-14 05:31:07'),(3322,1,'2018-08-14',6,1,'郭金蕊','分级13号日结中53501030产品与入库数量不符','删除61入库单重新入库',7,NULL,33,'10.128.113.95','2018-08-14 05:32:31'),(3323,1,'2018-08-14',1,3,'刘沧泉','修改980166客户信息额度','OA走S4_01流程，SS-GBM18000',7,NULL,33,'10.128.113.95','2018-08-14 05:34:36'),(3324,1,'2018-08-14',1,3,'王伟男','修改10006249客户信息额度','OA走S4_01流程，SS-GBM18000',7,NULL,33,'10.128.113.95','2018-08-14 05:35:59'),(3325,1,'2018-08-14',1,3,'王伟男','修改10006306信用额度','OA走S4_01流程，SS-GBM18000',7,NULL,33,'10.128.113.95','2018-08-14 05:36:54'),(3326,1,'2018-08-14',1,3,'刘艳霞','修改10006213信用额度','OA走S4_01流程，SS-GBM18000',7,NULL,33,'10.128.113.95','2018-08-14 05:37:42'),(3327,1,'2018-08-14',1,3,'黄玉婷','修改10006450客户额度和客户名称','OA走S4_01流程，SS-GBM18000，联系IA修改客户名称',7,NULL,33,'10.128.113.95','2018-08-14 05:41:05'),(3328,1,'2018-08-14',3,7,'张保英','恢复离职人员“陈振刚”OA账号','返聘，添加系统登陆账号',7,NULL,33,'10.128.113.95','2018-08-14 05:45:17'),(3329,1,'2018-08-14',7,5,'朱琳','蛋鸡场无法找到入库单','联系苏亚欣，重新发送采购单到ＳＳ系统',7,NULL,33,'10.128.113.95','2018-08-14 05:46:23'),(3330,1,'2018-08-14',4,2,'彭艳楠','添加客户：宁波海曙达昌行经贸有限公司','MDM、SS、SAP',7,NULL,33,'10.128.113.95','2018-08-14 07:17:52'),(3331,1,'2018-08-14',4,3,'秦鹏飞','更改10005496付款银行信息','SAP-ZBP002、ZFI074',7,NULL,33,'10.128.113.95','2018-08-14 07:18:44'),(3332,1,'2018-08-14',1,3,'于海洋','修改10006178信用额度','OA走S4_01流程，SS-GBM18000',7,NULL,33,'10.128.113.95','2018-08-14 07:21:22'),(3333,1,'2018-08-14',1,3,'刘艳霞','修改10006186信用额度','OA走S4_01流程，SS-GBM18000',7,NULL,33,'10.128.113.95','2018-08-14 07:22:32'),(3334,1,'2018-08-14',1,3,'于海洋','修改10008731信用额度','OA走S4_01流程，SS-GBM18000',7,NULL,33,'10.128.113.95','2018-08-14 07:23:50'),(3335,1,'2018-08-14',3,5,'庞柳','OA报销签呈中无法获取银行账号信息','庞柳OA账号中未添加编号',7,NULL,33,'10.128.113.95','2018-08-14 07:26:50'),(3336,1,'2018-08-14',3,7,'石欣旺','无法申请北京正大蛋业流程','联系田海婷将其账号从吉林正大调整到北京正大',7,NULL,33,'10.128.113.95','2018-08-14 07:31:05'),(3337,1,'2018-08-14',5,1,'石樂誌','FMM07000打印收货报告系统卡','整理问题说明OA提交IT01',7,NULL,33,'10.128.113.95','2018-08-14 08:00:44'),(3338,1,'2018-08-14',8,5,'孔庆敏','删除10号的入库单，入错产品','该入库单不能删除被销售占用，14号生产的少入库',7,NULL,33,'10.128.113.95','2018-08-14 08:58:35'),(3339,2,'2018-08-14',4,2,'徐凌峰','供应商开户','MDM、SS、SAP',10,NULL,33,'10.127.24.143','2018-08-15 02:24:47'),(3340,2,'2018-08-15',3,7,'胡海杰','SC06-2018440退回到申请人','流程调度',7,NULL,33,'10.128.113.232','2018-08-15 02:40:10'),(3341,1,'2018-08-15',8,5,'陈海波','没有库存辅料还能领用','无库存单子不会出现在WMM58300，这种情况，下单子人应及时取消',7,NULL,33,'10.128.113.232','2018-08-15 02:42:01'),(3342,1,'2018-08-15',1,1,'张宁','删除50180802235、50180802231（订单分配为0）','SS-SLU03000',7,NULL,33,'10.128.113.232','2018-08-15 02:49:34'),(3343,1,'2018-08-15',2,7,'张琳','ZLL账号添加FMM34200权限','SS-GBM05000',7,NULL,33,'10.128.113.232','2018-08-15 06:36:38'),(3344,1,'2018-08-15',8,7,'梁丽艳','单据恢复打印','SS-EGU01000恢复打印',7,NULL,33,'10.128.113.232','2018-08-15 06:38:02'),(3345,1,'2018-08-15',8,7,'梁丽艳','65单据日期超前','SS-GBM44800、GBM44I00',7,NULL,33,'10.128.113.232','2018-08-15 06:38:29'),(3346,1,'2018-08-15',2,7,'何雪琴','多源供应商维护','联系王玉，从中央服务器重新下载',7,NULL,33,'10.128.113.232','2018-08-15 06:40:29'),(3347,1,'2018-08-15',4,3,'张晓磊','添加供应商：重庆康明斯发动机有限公司','MDM、SS、SAP',7,NULL,33,'10.128.113.232','2018-08-15 06:41:11'),(3348,1,'2018-08-15',4,3,'张保英','添加员工账号：HR249460','OA中走s4_01，ZFI074添加银行账号信息',7,NULL,33,'10.128.113.232','2018-08-15 06:41:58'),(3349,2,'2018-08-15',3,7,'徐佳为','给徐佳为，潘静新增oa账号','建OA账号',10,NULL,33,'10.127.24.143','2018-08-15 08:31:31'),(3350,2,'2018-08-15',3,7,'应缘','FY02流程改下上级主管','oA流程改下上级主管',10,NULL,33,'10.127.24.143','2018-08-15 08:49:29'),(3351,1,'2018-08-15',1,1,'刘晓二','删除６４单据','SS删单据',3,NULL,33,'192.128.100.230','2018-08-15 13:21:27'),(3352,1,'2018-08-15',1,1,'李小静','开立订单，取不到生产库存','手动发送数据到ＷＭ',3,NULL,33,'192.128.100.230','2018-08-15 13:22:50'),(3353,1,'2018-08-16',3,7,'张保英','离职员工陈振刚添加上级主管，用于报销','OA-人事',1,NULL,33,'10.128.112.254','2018-08-16 01:15:07'),(3354,1,'2018-08-16',3,5,'张保英','FY05_1A-20180800745退回','OA-流程干预',1,NULL,33,'10.128.112.254','2018-08-16 01:35:23'),(3355,1,'2018-08-16',2,7,'朱琳','800070101000733新药品维护','MDM、SS',1,NULL,33,'10.128.112.254','2018-08-16 05:47:47'),(3356,1,'2018-08-16',7,5,'廉络','采购单入库后无法发送到sap','取消入库采购单，物采从新下采购单',1,NULL,33,'10.128.112.254','2018-08-16 05:50:04'),(3357,1,'2018-08-16',2,7,'朱冰冰','ＳＳ登入后没有输入密码菜单','点开始调出菜单',3,NULL,33,'10.128.114.119','2018-08-16 06:18:08'),(3358,1,'2018-08-16',9,1,'黄贺群','PO1808L0035&621808L00019单据取消','SS',1,NULL,33,'10.128.112.254','2018-08-16 08:07:12'),(3359,1,'2018-08-16',1,7,'张立立','10006296眉州东坡餐饮管理（北京）有限公司更改为：20万','SS、SAP',1,NULL,33,'10.128.112.254','2018-08-16 09:00:07'),(3360,1,'2018-08-16',1,7,'黄玉婷','SH302006上海家有好面餐饮管理有限公司 申请额度变更为35万元','SS、SAP',1,NULL,33,'10.128.112.254','2018-08-16 09:01:12'),(3361,1,'2018-08-17',3,7,'王瑜荣','解聘“邢军”（该离职人员因财务报销返聘）','OA人事管理',7,NULL,33,'10.128.114.125','2018-08-17 05:35:12'),(3362,1,'2018-08-17',3,7,'王素荣','注销OA账号：陈彦烈、赵春红','OA人事管理',7,NULL,33,'10.128.114.125','2018-08-17 05:36:23'),(3363,1,'2018-08-17',4,3,'朱琳','添加供应商:上海埃斯埃医械塑料制品有限公司','MDM、SS、SAP',7,NULL,33,'10.128.114.125','2018-08-17 05:36:59'),(3364,1,'2018-08-17',4,3,'张保英','添加员工账号：HR251156','OA中走s4_01，ZFI074添加银行账号信息',7,NULL,33,'10.128.114.125','2018-08-17 05:37:52'),(3365,1,'2018-08-17',1,7,'薄会双','修改客户门店下通路','SS-GBM16000',7,NULL,33,'10.128.114.125','2018-08-17 06:59:38'),(3366,1,'2018-08-17',4,7,'赵佳丽','修改10005293供应商名称和付款银行信息','联系IA修改供应商名称，s4_01停用原付款银行账号，ZFI047添加付款银行信息',7,NULL,33,'10.128.114.125','2018-08-17 08:20:31'),(3367,1,'2018-08-20',1,5,'刘晓二','删除50180800556单据','SS-SLU03000',7,NULL,34,'10.128.113.25','2018-08-20 01:44:05'),(3368,1,'2018-08-20',1,1,'高敬欣','对应车牌号提示53203012为0','WM系统移仓操作，从TJAA移到TJPB仓位',7,NULL,34,'10.128.113.25','2018-08-20 03:54:40'),(3369,1,'2018-08-20',5,7,'李鹏飞','12160酒精糟无成分代码和筒仓位置','12160设置GBM95000,R和B都设置，具体方法参考BBS',1,NULL,34,'10.128.112.254','2018-08-20 05:07:09'),(3370,1,'2018-08-20',1,7,'高敬欣','无法打印SS系统文件','安装打印机驱动，退出SS系统重新登陆',7,NULL,34,'10.128.113.25','2018-08-20 08:16:45'),(3371,1,'2018-08-20',5,1,'石樂誌','FMM07000打印收货报告系统卡','测试将打印收货设置成已打印后系统还是卡，等程序员解决',7,NULL,34,'10.128.113.25','2018-08-20 08:58:52'),(3372,1,'2018-08-21',9,7,'黄贺群','入库单需要改日期','ＳＳ　44800改日期',3,NULL,34,'10.128.113.151','2018-08-21 03:10:32'),(3373,1,'2018-08-21',9,7,'黄贺群','61单据日期超前','SS-GBM44800',7,NULL,34,'10.128.113.137','2018-08-21 03:48:48'),(3374,1,'2018-08-21',1,1,'陈龙辉','50180803293单据53504019产品订单分配数量和重量为空','查看发货单并与发货平台确认，该产品未发货',7,NULL,34,'10.128.113.137','2018-08-21 03:50:04'),(3375,1,'2018-08-21',1,7,'刘晓二','深加工56100131、56100131B产品WM库存存在负数','WMM6400正负核销',7,NULL,34,'10.128.113.137','2018-08-21 03:51:12'),(3376,1,'2018-08-21',4,3,'张保英','添加员工账号：HR109404、HR259632','填写好信息后OA走S4_01流程',7,NULL,34,'10.128.113.137','2018-08-21 03:52:24'),(3377,1,'2018-08-21',2,5,'杨林峰','64单据日期超前','SS-GBM44800',7,NULL,34,'10.128.113.137','2018-08-21 04:21:21'),(3378,1,'2018-08-21',1,7,'管凤先','SS账号添加权限:FMM03300、FMM43300、DCM10000','SS-GBM05000',7,NULL,34,'10.128.113.137','2018-08-21 06:01:36'),(3379,1,'2018-08-22',2,7,'管凤先','SS账号添加权限：SRP01000、DCM12000','SS-GBM05000',7,NULL,34,'10.128.114.53','2018-08-22 04:11:20'),(3380,1,'2018-08-22',8,7,'梁丽艳','14号无法日结','协助确认14号原料蛋入库',7,NULL,34,'10.128.114.53','2018-08-22 04:12:27'),(3381,1,'2018-08-22',1,1,'刘晓二','53501030无库存也能开单子','PA仓位存在负数造成，核销A202、A303仓库存在负数的库存',7,NULL,34,'10.128.114.53','2018-08-22 04:14:08'),(3382,1,'2018-08-22',5,1,'蔡得华','12142原料出现负数','核销负数',1,NULL,34,'10.128.112.254','2018-08-22 08:40:59'),(3383,1,'2018-08-22',3,7,'石欣旺','添加员工到正大蛋业吉林分公司','OA,SAP',1,NULL,34,'10.128.112.254','2018-08-22 08:41:43'),(3384,1,'2018-08-23',1,5,'张宁','调拔单在入库界面搜不到','删除调拨单重新下',3,NULL,34,'10.128.114.177','2018-08-23 03:00:02'),(3385,1,'2018-08-22',1,1,'刘晓二','53501030实际有库存但系统开不出单子','将负数库存移到RT仓位',7,NULL,34,'10.128.114.186','2018-08-23 03:47:57'),(3386,1,'2018-08-23',1,7,'于海洋','修改10006431客户信用额度','OA中走s4_01，SS-GBM18000',7,NULL,34,'10.128.114.186','2018-08-23 03:50:11'),(3387,1,'2018-08-23',1,3,'于海洋','修改10006194客户信用额度','OA中走s4_01，SS-GBM18000',7,NULL,34,'10.128.114.186','2018-08-23 03:50:54'),(3388,1,'2018-08-23',1,3,'于海洋','调整10006394客户信用额度','OA走S4_01流程，SS-GBM18000',7,NULL,34,'10.128.114.186','2018-08-23 03:53:25'),(3389,1,'2018-08-23',4,2,'于海洋','添加客户：北京古船面包食品有限公司','MDM、SS、SAP',7,NULL,34,'10.128.114.186','2018-08-23 03:57:12'),(3390,1,'2018-08-23',1,7,'刘伟','CUBEG020菜单无法导出客户的信用额度','CUBEM020',7,NULL,34,'10.128.114.186','2018-08-23 03:59:32'),(3391,1,'2018-08-23',1,1,'杨林峰','55133030产品WM和SS库存不一致','整理文档提交IA调整库存',7,NULL,34,'10.128.114.186','2018-08-23 04:01:50'),(3392,1,'2018-08-23',6,1,'王国华','54405043产品PGUNL01仓位存在负数','联系IA核销',7,NULL,34,'10.128.114.186','2018-08-23 04:02:54'),(3393,1,'2018-08-23',4,3,'何凤鹏','添加供应商：北京捷杰顺达货物运输有限公司','MDM、SS、SAP',7,NULL,34,'10.128.114.186','2018-08-23 04:13:33'),(3394,1,'2018-08-23',3,7,'姜伟','杨柏松状态变成离职','返聘',1,NULL,34,'10.128.112.254','2018-08-23 06:51:19'),(3395,1,'2018-08-23',5,7,'杜雪松','18803原料修改规格50改成1000','SS',1,NULL,34,'10.128.112.254','2018-08-23 06:53:56'),(3396,1,'2018-08-23',4,3,'张保英','添加员工账号：HR295290','OA中走s4_01，ZFI074添加银行账号信息',7,NULL,34,'10.128.114.186','2018-08-23 08:14:41'),(3397,1,'2018-08-23',4,2,'于海洋','添加客户：点食诚心食品（北京）有限公司','MDM、SS、SAP',7,NULL,34,'10.128.114.186','2018-08-23 08:15:09'),(3398,1,'2018-08-23',4,2,'于海洋','添加客户：北京市裕农优质农产品种植有限公司怀柔分公司','MDM、SS、SAP',7,NULL,34,'10.128.114.186','2018-08-23 08:15:32'),(3399,1,'2018-08-23',1,3,'李玉','修改10008500客户名称','MDM-GBM15020、GBM15030',7,NULL,34,'10.128.114.186','2018-08-23 08:16:47'),(3400,1,'2018-08-23',4,3,'刘伟','将920010供应商扩展到0128','MDM04010',7,NULL,34,'10.128.114.186','2018-08-23 08:17:49'),(3401,1,'2018-08-24',3,7,'蔡林木','开头OA帐号','OA-人事',1,NULL,34,'10.128.112.254','2018-08-24 03:24:39'),(3402,1,'2018-08-24',5,7,'韩东亮','希杰（聊城）生物科技供应商冻结','供应商重复，使用未冻结的，SS系统设置未冻结GBM20000',1,NULL,34,'10.128.112.254','2018-08-24 07:09:05'),(3403,1,'2018-08-24',1,5,'张宁','现销客户审核无法通过','6月份单据占用帐上钱，取消单据或打款',7,NULL,34,'10.128.115.56','2018-08-24 07:29:11'),(3404,1,'2018-08-24',4,3,'于海洋','修改客户10006178信用额度','OA走S4_01流程，SS-GBM18000',7,NULL,34,'10.128.115.56','2018-08-24 07:30:26'),(3405,1,'2018-08-24',4,3,'李小静','修改客户10006299信用额度','OA中走s4_01，SS-GBM18000',7,NULL,34,'10.128.115.56','2018-08-24 07:30:57'),(3406,1,'2018-08-24',4,3,'刘艳霞','修改客户10006270信用额度','OA中走s4_01，SS-GBM18000',7,NULL,34,'10.128.115.56','2018-08-24 07:31:37'),(3407,1,'2018-08-24',3,5,'彭艳楠','签呈选错审批人要求退回到申请人','强制收回',7,NULL,34,'10.128.115.56','2018-08-24 07:32:11'),(3408,1,'2018-08-26',1,7,'张超','删除单据50180804188','ＳＳ　　ＳＬＵ３０００删除',3,NULL,34,'10.128.115.155','2018-08-26 02:49:35'),(3409,1,'2018-08-26',3,1,'闫宜','ＯＡ提交流程失败','ＯＡ删除掉重新新建流程',3,NULL,34,'10.128.115.155','2018-08-26 02:51:22'),(3410,1,'2018-08-26',1,5,'朱冰冰','结转凭证报错','ＳＳ删除掉对应单据重新开',3,NULL,34,'10.128.115.155','2018-08-26 02:52:52'),(3411,1,'2018-08-27',1,5,'张宁','无法登陆WM系统','QQ远程，可以登陆ＷＭ系统',7,NULL,35,'10.128.113.58','2018-08-27 02:15:51'),(3412,1,'2018-08-27',1,5,'高敬欣','55133030对应车牌号提示库存不足','调拨转移入库未做ＷＭＭ58400确认入库',7,NULL,35,'10.128.113.58','2018-08-27 02:33:13'),(3413,1,'2018-08-27',2,3,'冯渊','采购单不能入库','统一物料，sap，ss三个平台税号',1,NULL,35,'10.128.112.254','2018-08-27 07:47:45'),(3414,1,'2018-08-27',3,5,'张晓磊','付款计划PG04-2018080385、PG04-2018070362添加新内容需要退回','OA流程干预',1,NULL,35,'10.128.112.254','2018-08-27 07:49:21'),(3415,1,'2018-08-27',3,1,'韩东亮','FY02-1签呈打印没有领导签名','联系总部管理员修改。',1,NULL,35,'10.128.112.254','2018-08-27 08:44:51'),(3416,1,'2018-08-28',5,3,'杜雪松','A23131供应商收款账号修改成黑龙江公生泰饲料有限公司','SAP联系林业修改账户持有人',1,NULL,35,'10.128.112.254','2018-08-28 02:01:37'),(3417,1,'2018-08-28',4,3,'于海洋','修改10006194客户信用额度','OA中走s4_01，SS-GBM18000',7,NULL,35,'10.128.113.58','2018-08-28 02:04:01'),(3418,1,'2018-08-28',5,7,'杜雪松','10003383重新关联ss编码211459','OA-S4_01-客户供应商运维',1,NULL,35,'10.128.112.254','2018-08-28 02:04:09'),(3419,1,'2018-08-28',1,3,'李小静','修改SH405001账期','SS-GBM18000',7,NULL,35,'10.128.113.58','2018-08-28 02:05:05'),(3420,1,'2018-08-28',1,1,'刘晓二','27号四张单子确认发货报错','SS-SLU03000取消单子重新下，备货前将报错产品移到PB仓位',7,NULL,35,'10.128.113.58','2018-08-28 02:06:36'),(3421,1,'2018-08-28',3,7,'王国华','PG33-客诉处理单会签设置成非必选','OA',1,NULL,35,'10.128.112.254','2018-08-28 02:11:29'),(3422,1,'2018-08-28',4,3,'杜雪松','10029556停掉，错误的税号，款已经结算完毕','联系sap李立磊',1,NULL,35,'10.128.112.254','2018-08-28 03:12:44'),(3423,1,'2018-08-28',4,7,'何雪琴','A23131SAP修改总部为10120611','联系SAP李立磊修改',1,NULL,35,'10.128.112.254','2018-08-28 04:20:00'),(3424,1,'2018-08-28',2,5,'王玉明','SS系统一层密码忘记','SS密码重置',1,NULL,35,'10.128.112.254','2018-08-28 04:20:39'),(3425,1,'2018-08-28',4,3,'张保英','添加员工账号：HR294116','OA中走s4_01，ZFI074添加银行账号信息',7,NULL,35,'10.128.113.58','2018-08-28 05:09:37'),(3426,1,'2018-08-28',1,5,'刘翔鹤','TJ502009客户由赊销改成现销后，账上有欠款还能走货','SS-GBM18000，只将额度和账期改为0，客户类别未修改成现销',7,NULL,35,'10.128.113.58','2018-08-28 05:11:05'),(3427,1,'2018-08-28',1,1,'陈晶伟','对应车牌号提示库存不足','移仓处理',7,NULL,35,'10.128.113.58','2018-08-28 07:29:25'),(3428,1,'2018-08-28',1,7,'王艺','10042530由赊销改成现销后，账户有欠款还能走货','10042530该客户存在自提户，自提户未修改成现销户，OA走s4_01签呈将客户额度修改为0',7,NULL,35,'10.128.113.58','2018-08-28 07:31:41'),(3429,1,'2018-08-28',6,7,'王瑜善','修改50206018产品系列','MDM-GBM29000修改产品系列，联系IA审核',7,NULL,35,'10.128.113.58','2018-08-28 07:32:19'),(3430,1,'2018-08-28',4,3,'彭艳楠','添加供应商：上海椰椰食品有限公司','SAP-ZFI074',7,NULL,35,'10.128.113.58','2018-08-28 07:32:57'),(3431,1,'2018-08-28',4,3,'杜雪松','A13500通顺粮贸修改付款账号和总部A11018','SAP李立磊处理',1,NULL,35,'10.128.112.254','2018-08-28 07:47:31'),(3432,1,'2018-08-29',3,5,'梁丽艳','PG29-2018080673没有选择总裁','OA-流程干预',1,NULL,35,'10.128.112.254','2018-08-29 02:35:54'),(3433,1,'2018-08-29',4,3,'张晓磊','添加供应商：北京广澄腾达贸易有限公司','MDM、SS、SAP',7,NULL,35,'10.128.113.58','2018-08-29 02:48:43'),(3434,1,'2018-08-29',4,2,'蔡林木','添加客户：北京健坤餐饮集团有限责任公司','MDM、SS、SAP',7,NULL,35,'10.128.113.58','2018-08-29 02:49:44'),(3435,1,'2018-08-29',4,3,'朱琳','修改供应商10004488中文名称','MDM发送税号到SS，SS-GBM15000',7,NULL,35,'10.128.113.58','2018-08-29 02:50:44'),(3436,1,'2018-08-29',4,3,'秦鹏飞','添加供应商：佳乐商贸（中国）有限公司','MDM、SS、SAP',7,NULL,35,'10.128.113.58','2018-08-29 02:51:17'),(3437,1,'2018-08-29',4,3,'刘翔鹤','910459客户业务伙伴类型错误','联系IA发送到SAP',7,NULL,35,'10.128.113.58','2018-08-29 02:52:19'),(3438,1,'2018-08-29',2,5,'赵佳丽','SS账号忘记密码','重置密码',7,NULL,35,'10.128.113.58','2018-08-29 02:52:50'),(3439,1,'2018-08-29',7,7,'廉络','702000056和702000211主数据不存在','在SAP，zmm013创建映射',1,NULL,35,'10.128.112.254','2018-08-29 05:01:23'),(3440,1,'2018-08-29',2,7,'曹鹏辉','优包佰味变更犇腾餐饮','犇腾餐饮为集团内客户，只能重新下载，重新设置，停用优包佰味',1,NULL,35,'10.128.112.254','2018-08-29 06:55:02'),(3441,1,'2018-08-29',1,3,'李虹宇','BJ302108添加深加工事业线','SS',3,NULL,35,'10.128.114.77','2018-08-29 07:51:24'),(3442,1,'2018-08-29',1,3,'蔡林木','开户1012075','MDM、SS、SAP',3,NULL,35,'10.128.114.77','2018-08-29 08:02:47'),(3443,1,'2018-08-29',3,5,'彭艳楠','签呈提交错误审核人','流程强制收回',7,NULL,35,'10.128.113.58','2018-08-29 08:27:18'),(3444,1,'2018-08-29',1,7,'张宁','64单据日期超前','SS-GBM44800、GBM44I00',7,NULL,35,'10.128.113.58','2018-08-29 08:39:46'),(3445,1,'2018-08-29',1,3,'李小静','修改TJ502002客户账期','SS-GBM18000',7,NULL,35,'10.128.113.58','2018-08-29 08:47:04'),(3446,1,'2018-08-29',4,3,'于海洋','修改10041068客户信用额度','OA中走s4_01，SS-GBM18000',7,NULL,35,'10.128.113.58','2018-08-29 08:47:41'),(3447,1,'2018-08-30',6,7,'郭金蕊','删除62生产领料单','SS-STM14001',7,NULL,35,'10.128.113.58','2018-08-30 01:56:17'),(3448,1,'2018-08-30',1,7,'张宁','现销户TJ502009账上有钱，但单子审核过不去','50单重新保存',7,NULL,35,'10.128.113.58','2018-08-30 01:57:15'),(3449,1,'2018-08-30',1,7,'刘翔鹤','10005555当天下单子当天到账期问题','总户211519未设置20440事业线',7,NULL,35,'10.128.113.58','2018-08-30 02:22:50'),(3450,1,'2018-08-30',1,7,'张承勇','SS帐号到期无法等录','重新设置登录密码',3,NULL,35,'10.128.114.215','2018-08-30 02:44:57'),(3451,1,'2018-08-30',4,7,'刘永银','删除外围单据号51180802347','提交SAP',3,NULL,35,'10.128.114.215','2018-08-30 02:47:27'),(3452,1,'2018-08-30',9,7,'黄贺群','61单据日期超前','SS-GBM44800',7,NULL,35,'10.128.113.58','2018-08-30 03:11:17'),(3453,1,'2018-08-30',3,7,'李小静','添加OA账号：杨健','OA人事管理',7,NULL,35,'10.128.113.58','2018-08-30 05:17:01'),(3454,1,'2018-08-30',1,3,'张立立','将BJ404001账期改为45天，20430事业线改为赊销（20440事业线为赊销）','SS-GBM18000',7,NULL,35,'10.128.113.58','2018-08-30 08:07:27'),(3455,1,'2018-08-31',3,7,'李小静','添加OA账号（五个）','OA人事管理',7,NULL,35,'10.128.115.103','2018-08-31 01:19:26'),(3456,1,'2018-08-31',3,1,'王瑜善','FY01签呈收款人错误','签呈强制退回到费用会计，费用会计退回到9环节，重新选择收款人',7,NULL,35,'10.128.115.103','2018-08-31 01:20:43'),(3457,1,'2018-08-31',1,2,'金雨莹','添加客户北京思诺新锐科技有限公司','MDM、SS、SAP',9,NULL,35,'10.128.113.210','2018-08-31 03:07:02'),(3458,1,'2018-08-31',3,5,'廉络','庞柳的成本中选择错误导致FY01流程报错','修改成本中心【泰国专家服务科】',1,NULL,35,'10.128.112.254','2018-08-31 04:53:37'),(3459,1,'2018-08-31',3,7,'石欣旺','刘成离职注销OA','OA-人员状态修改',1,NULL,35,'10.128.112.254','2018-08-31 05:03:41'),(3460,1,'2018-08-31',4,3,'朱琳','北京绿谷鑫雨科技有限公司开户','MDM、SS、SAP',9,NULL,35,'10.128.113.210','2018-08-31 09:01:53'),(3461,1,'2018-09-01',1,1,'张承勇','确认发货单提示have no stock to issue in wms','恢复到对应车排号之前重新试',2,NULL,35,'10.128.115.206','2018-09-01 02:53:34'),(3462,1,'2018-09-01',1,1,'张承勇','对应车排号提示库存不足','产品在PG仓位也没有占用移库到PB仓位',2,NULL,35,'10.128.115.206','2018-09-01 06:28:29'),(3463,1,'2018-09-01',1,7,'张鹏','SAP提示供应商在0128中不存在','MDM04010发送到SS',2,NULL,35,'10.128.115.206','2018-09-01 08:14:30'),(3464,1,'2018-09-01',1,5,'杜爱宇','现销户开立订单后信审不过','支票需要银行收款后才能过',2,NULL,35,'10.128.115.206','2018-09-01 09:17:17'),(3465,1,'2018-09-03',4,2,'张立立','添加客户：北京畅盛发源运输部','MDM、SS、SAP',7,NULL,36,'10.128.115.103','2018-09-03 01:49:10'),(3466,1,'2018-09-03',4,3,'张立立','修改10006296客户信用额度','OA走S4_01流程，SS-GBM18000',7,NULL,36,'10.128.115.103','2018-09-03 01:49:50'),(3467,1,'2018-09-03',4,3,'秦鹏飞','天津市鼎爱环境科技有限公司','MDM、SS、SAP',9,NULL,36,'10.128.113.210','2018-09-03 03:30:09'),(3468,1,'2018-09-03',4,7,'王瑜善','更新银行信息，原北京银行更新中国银行','sap',1,NULL,36,'10.128.112.254','2018-09-03 04:24:49'),(3469,1,'2018-09-03',4,7,'曹鹏辉','银行信息被停用','重新提交银行信息',1,NULL,36,'10.128.112.254','2018-09-03 07:04:28'),(3470,1,'2018-09-03',2,7,'杜雪松','经常需要修改原料规格','开通权限GBM29000',1,NULL,36,'10.128.112.254','2018-09-03 07:05:06'),(3471,1,'2018-09-03',5,7,'蔡得华','18808规格修改成50','GBM29000',1,NULL,36,'10.128.112.254','2018-09-03 07:12:56'),(3472,1,'2018-09-03',4,7,'刘翔鹤','980166北京谷大农业投资有限公司商贸分公司拓展成供应商','MDM-MDM04010',1,NULL,36,'10.128.112.254','2018-09-03 08:21:43'),(3473,1,'2018-09-04',3,5,'张晓磊','PG29-2018090682退回到申请人，用车时间有变化','OA-流程干预',1,NULL,36,'10.128.112.254','2018-09-04 03:08:22'),(3474,2,'2018-09-04',3,7,'田海婷','CX12-商业客户价格申报单，总部要求时间用选择框，部门自动带出','OA-流程设置',1,NULL,36,'10.128.112.254','2018-09-04 03:09:41'),(3475,1,'2018-09-04',4,7,'何雪琴','910563正大蛋业（开封）有限公司扩展到1028','MDM',1,NULL,36,'10.128.112.254','2018-09-04 03:34:00'),(3476,1,'2018-09-04',4,7,'何雪琴','冻结：10041088	正大蛋业（开封）有限公司','联系SAP李立磊冻结',1,NULL,36,'10.128.112.254','2018-09-04 06:07:09'),(3477,1,'2018-09-04',3,7,'张志强','PG18打印无领导签字','OA-开启打印流转意见',1,NULL,36,'10.128.112.254','2018-09-04 06:45:59'),(3478,1,'2018-09-04',1,1,'刘伟','BJ502004国家体育总局税号丢失','MDM重新发送税号',1,NULL,36,'10.128.112.254','2018-09-04 08:57:50'),(3479,1,'2018-09-04',1,7,'李小静','更改供应商送货地址','SS',3,NULL,36,'192.128.100.58','2018-09-04 11:41:54'),(3480,1,'2018-09-04',1,2,'张晓磊','开供应商','MDM、SAP',3,NULL,36,'192.128.100.58','2018-09-04 11:44:59'),(3481,1,'2018-09-04',1,1,'张超','对应车牌号报错','移库',3,NULL,36,'192.128.100.58','2018-09-04 11:46:09'),(3482,1,'2018-09-05',4,3,'陈光','添加员工账号：HR295477','填写好信息后OA走S4_01流程，ZFI047添加银行信息',7,NULL,36,'10.128.114.113','2018-09-05 01:26:40'),(3483,1,'2018-09-05',4,3,'李小静','修改客户10006085信用额度','OA中走s4_01，SS-GBM18000',7,NULL,36,'10.128.114.113','2018-09-05 01:27:13'),(3484,1,'2018-09-05',4,2,'马红峪','添加客户：正大电子商务（浙江）有限公司~五彩城','MDM、SS、SAP',7,NULL,36,'10.128.114.113','2018-09-05 01:27:41'),(3485,1,'2018-09-05',4,2,'马红峪','添加客户：正大电子商务（浙江）有限公司~大族广场店','MDM、SS、SAP',7,NULL,36,'10.128.114.113','2018-09-05 01:28:01'),(3486,1,'2018-09-05',3,5,'杨雪梅','PG23-2018091692退回到申请人，流程有问题','OA-流程干预',1,NULL,36,'10.128.112.254','2018-09-05 02:53:35'),(3487,1,'2018-09-06',4,7,'韩东亮','10120611黑龙江公生泰饲料有限公司添加银行信息','SAP-银行信息维护',1,NULL,36,'10.128.112.254','2018-09-06 04:06:06'),(3488,1,'2018-09-06',4,3,'刘伟','10007055客户由赊销变现销','OA中走s4_01，SS-GBM18000',7,NULL,36,'10.128.114.251','2018-09-06 05:37:05'),(3489,1,'2018-09-06',1,1,'刘翔鹤','发货单备注信息为空','备注信息第一行为空白（回车符）',7,NULL,36,'10.128.114.251','2018-09-06 05:39:46'),(3490,1,'2018-09-05',3,5,'陈国民','签呈无法获取银行账号','换谷歌浏览器',7,NULL,36,'10.128.114.251','2018-09-06 06:07:39'),(3491,1,'2018-09-05',3,5,'崔进争','系统账号注销签呈提交时报错','未勾选注销账号类型',7,NULL,36,'10.128.114.251','2018-09-06 06:09:07'),(3492,1,'2018-09-07',4,3,'刘伟','10023001客户由赊销变现销','OA中走s4_01，SS-GBM18000',7,NULL,36,'10.128.114.251','2018-09-07 00:35:32'),(3493,1,'2018-09-07',1,5,'刘晓二','55133030产品WM和SS库存不一致','退货入库操作不当，未选择入库仓位；提交IA调整WM系统库存',7,NULL,36,'10.128.114.251','2018-09-07 01:59:18'),(3494,1,'2018-09-07',2,7,'李建秋','添加SS账号：朱建敏','SS-GBM4000，GBM5000',7,NULL,36,'10.128.114.251','2018-09-07 02:00:41'),(3495,1,'2018-09-07',1,2,'于海洋','北京蓉么么餐饮服务有限公司开户','MDM、SS、SAP',9,NULL,36,'10.128.113.221','2018-09-07 03:57:04'),(3496,1,'2018-09-07',4,3,'朱琳','增加供应商濮阳中石空气炮有限公司','MDM、SS、SAP',9,NULL,36,'10.128.113.221','2018-09-07 03:58:48'),(3497,1,'2018-09-07',4,3,'秦鹏飞','增加供应商诸城市利特食品机械有限公司','MDM、SS、SAP',9,NULL,36,'10.128.113.221','2018-09-07 04:00:36'),(3498,1,'2018-09-07',4,3,'李泽祥','添加供应商：福州市欣和劳务派遣有限公司','MDM、SS、SAP',7,NULL,36,'10.128.114.251','2018-09-07 07:48:46'),(3499,1,'2018-09-07',4,3,'孙艺航','修改10006430客户信用额度','OA走S4_01流程，SS-GBM18000',7,NULL,36,'10.128.114.251','2018-09-07 07:50:12'),(3500,1,'2018-09-07',3,5,'邓君平','将签呈FY01_1-20180901074退回到申请人','OA签呈强制退回',7,NULL,36,'10.128.114.251','2018-09-07 07:51:09'),(3501,1,'2018-09-07',2,7,'王国华','添加SS账号：赵星楠','SS-GBM4000，GBM5000',7,NULL,36,'10.128.114.251','2018-09-07 07:52:41'),(3502,1,'2018-09-08',1,1,'张超','对应车牌号报错','移库',3,NULL,36,'192.128.100.70','2018-09-08 10:54:39'),(3503,1,'2018-09-10',3,5,'邓君平','FY01_1-20180901074退回','签呈强制退回',7,NULL,37,'10.128.114.251','2018-09-10 02:17:07'),(3504,1,'2018-09-11',4,2,'李虎','10121802客户天津祥睿麟餐饮服务中心开户','MDM、SS、SAP',9,NULL,37,'10.128.113.219','2018-09-11 01:14:24'),(3505,1,'2018-09-11',4,2,'王刚','10121821客户北京市牧家科技有限公司开户','MDM、SS、SAP',9,NULL,37,'10.128.113.219','2018-09-11 02:27:13'),(3506,1,'2018-09-10',4,2,'冯渊','添加客户：北京正大饲料有限公司','MDM、SS、SAP',7,NULL,37,'10.128.114.66','2018-09-11 02:42:43'),(3507,1,'2018-09-11',4,3,'李爱芝','10006123修改客户信用额度','OA中走s4_01，SS-GBM18000',7,NULL,37,'10.128.114.66','2018-09-11 02:43:27'),(3508,1,'2018-09-11',4,2,'李虹宇','添加客户：散户-全员销售2~自提户','MDM、SS、SAP',7,NULL,37,'10.128.114.66','2018-09-11 02:44:00'),(3509,1,'2018-09-11',1,1,'李小静','打印发货单备注信息显示不全','提交IA取消备注信息字数限制',7,NULL,37,'10.128.114.66','2018-09-11 02:48:01'),(3510,1,'2018-09-11',7,1,'赵琴琴','农场点击010103报错：NO LICENSE FOR THIS SERVER 244','查找报错的机器，然后重启服务器',1,NULL,37,'10.128.112.254','2018-09-11 02:59:58'),(3511,1,'2018-09-11',3,7,'王国华','PG16赊销开户客户简称字符限制8个汉字','OA-流程设置',1,NULL,37,'10.128.112.254','2018-09-11 03:17:21'),(3512,1,'2018-09-11',4,2,'冯渊','10042523客户天津兴阳包装有限责任公司开户','MDM、SS、SAP',9,NULL,37,'10.128.113.219','2018-09-11 03:23:20'),(3513,1,'2018-09-11',4,2,'冯渊','添加客户 北京安洁康生物科技有限公司','MDM、SS、SAP',9,NULL,37,'10.128.113.219','2018-09-11 03:24:54'),(3514,1,'2018-09-11',6,7,'郭金蕊','无法删除611809E001780入库单','该入库单入库的产品已经销售，不能删除',7,NULL,37,'10.128.114.66','2018-09-11 07:11:55'),(3515,1,'2018-09-12',4,2,'马红裕','添加客户：谭越','MDM、SS、SAP',9,NULL,37,'10.128.114.228','2018-09-12 01:11:08'),(3516,1,'2018-09-12',4,3,'石新旺','添加员工 刘慧敏','MDM、SS、SAP',9,NULL,37,'10.128.114.228','2018-09-12 01:12:32'),(3517,1,'2018-09-12',6,5,'郭金蕊','分级1-10号日结包装物日结中600000000056091包材爆红（当时做日结时没有问题）','退库退多了，删除多退的ML单',7,NULL,37,'10.128.114.230','2018-09-12 04:15:30'),(3518,1,'2018-09-12',3,5,'王瑜善','无法删除PG31-2018090302签呈','该签呈已到部门主管审批，OA强制收回到申请人后，申请人自行删除',7,NULL,37,'10.128.114.230','2018-09-12 04:21:38'),(3519,1,'2018-09-12',3,7,'张程','添加OA账号（卢林、张栋、刘洋）','OA人事管理',7,NULL,37,'10.128.114.230','2018-09-12 05:21:24'),(3520,1,'2018-09-12',4,3,'张宁','10008503客户信用额度修改','OA走S4_01流程，SS-GBM18000',7,NULL,37,'10.128.114.230','2018-09-12 07:01:10'),(3521,1,'2018-09-12',4,2,'博会双','添加客户：正大贸易(中国)有限公司','MDM、SS、SAP',7,NULL,37,'10.128.114.230','2018-09-12 08:46:36'),(3522,1,'2018-09-12',1,7,'马红峪','10121916客户开不了订单','未设置运输路线，SS-DCM06000',7,NULL,37,'10.128.114.230','2018-09-12 08:49:20'),(3523,1,'2018-09-12',3,7,'马仁涛','PG30预付款申请不在使用','OA-流程设置成无效',1,NULL,37,'10.128.112.254','2018-09-13 00:27:16'),(3524,1,'2018-09-13',3,7,'姜伟','CYCW01-餐饮用款申请单，没有正大蛋业收款信息','联系总部OA管理员添加',1,NULL,37,'10.128.112.254','2018-09-13 03:22:56'),(3525,1,'2018-09-13',4,3,'彭艳楠','10006430客户信用额度修改','OA中走s4_01，SS-GBM18000',7,NULL,37,'10.128.115.100','2018-09-13 03:47:29'),(3526,1,'2018-09-13',2,5,'王涛','忘记SS系统一层账号密码','重置密码',7,NULL,37,'10.128.115.100','2018-09-13 05:23:31'),(3527,1,'2018-09-13',1,1,'刘晓二','确认发货报错','恢复单据重新对应车牌号',7,NULL,37,'10.128.115.100','2018-09-13 05:27:01'),(3528,1,'2018-09-13',1,1,'刘晓二','WM备注找不到SP单号','SS手动发送SP单据到WM',7,NULL,37,'10.128.115.100','2018-09-13 06:39:34'),(3529,1,'2018-09-13',6,5,'宋宇航','12号日结54405043产品数量与入库数量不符','12号有一张入库单选了13号PO单，删除61入库单重新入库',7,NULL,37,'10.128.115.100','2018-09-13 06:41:06'),(3530,1,'2018-09-13',6,7,'王瑜善','62领料单搜不到包材600000000054640','该包材状态已取消，上MDM修改状态联系IA审核，重新发送',7,NULL,37,'10.128.115.100','2018-09-13 08:25:03'),(3531,1,'2018-09-13',3,5,'梁丽艳','IT05申请CPC账号提交时报错','未勾选申请账号类型',7,NULL,37,'10.128.115.100','2018-09-13 08:25:43'),(3532,1,'2018-09-13',4,2,'杜爱宇','添加客户：北京永辉超市有限公司~房山龙湖天街店','MDM、SS、SAP',7,NULL,37,'10.128.115.100','2018-09-13 08:26:25'),(3533,1,'2018-09-13',4,2,'马红峪','添加客户：云牛时代（北京）科技有限公司','MDM、SS、SAP',7,NULL,37,'10.128.115.100','2018-09-13 08:26:46'),(3534,1,'2018-09-13',4,2,'马红峪','添加客户：云牛时代（北京）科技有限公司~自提户','MDM、SS、SAP',7,NULL,37,'10.128.115.100','2018-09-13 08:27:06'),(3535,1,'2018-09-13',6,5,'包材库','系统里搜不到6000000000159399包材','包材编码错误，为16位，多了一个0',7,NULL,37,'10.128.115.100','2018-09-13 08:29:09'),(3536,1,'2018-09-13',6,5,'刘瑞昱','OA填写内容有误','删除',3,NULL,37,'192.128.100.89','2018-09-13 11:36:47'),(3537,1,'2018-09-13',1,7,'张宁','改日期','SS 44800改日期',3,NULL,37,'192.128.100.89','2018-09-13 11:42:22'),(3538,1,'2018-09-14',4,3,'孙少英','添加员工账号：HR299622','OA中走s4_01，ZFI074添加银行账号信息',7,NULL,37,'10.128.115.237','2018-09-14 02:46:25'),(3539,1,'2018-09-14',4,2,'马红峪','添加客户：绍兴真诺食品有限公司','MDM、SS、SAP',7,NULL,37,'10.128.115.237','2018-09-14 08:10:06'),(3540,1,'2018-09-14',4,2,'于海洋','添加客户：北京金马欧兰食品有限公司','MDM、SS、SAP',7,NULL,37,'10.128.115.237','2018-09-14 08:10:36'),(3541,1,'2018-09-14',9,1,'黄贺群','PO单WMM58300确认出库出现小数','提交IA处理',7,NULL,37,'10.128.115.237','2018-09-14 08:11:16'),(3542,1,'2018-09-15',1,7,'杨燕','BJ614001填加20450事业线','SSBJ614001填加20450事业线',3,NULL,37,'10.128.113.107','2018-09-15 08:02:04'),(3543,2,'2018-09-15',1,5,'潘军亮','开立订单界面搜不到客户','MDM将供应商选项变成客户',3,NULL,37,'10.128.113.107','2018-09-15 08:04:23'),(3544,1,'2018-09-17',3,7,'张程','潘岩开通OA','OA-人事',1,NULL,38,'10.128.112.254','2018-09-17 01:03:45'),(3545,1,'2018-09-17',4,2,'马红峪','添加客户：唐山绿远供应链管理有限公司','MDM、SS、SAP',7,NULL,38,'10.128.115.237','2018-09-17 02:24:22'),(3546,1,'2018-09-17',1,7,'杨燕','TJ305001添加20440销售事业线','SS-GBM17000、GBM18000、DCM06000',7,NULL,38,'10.128.115.237','2018-09-17 02:24:52'),(3547,1,'2018-09-17',1,7,'杨燕','删除50180902172单据（客户不要了，改天送）','SS-SLU03000',7,NULL,38,'10.128.115.237','2018-09-17 02:25:50'),(3548,1,'2018-09-17',8,1,'梁丽艳','深加工600000000056325辅料无法做耗用','整理文档提交IA',7,NULL,38,'10.128.115.237','2018-09-17 02:26:19'),(3549,1,'2018-09-17',2,7,'刘阳','SS一层账号无法登陆','重置密码',7,NULL,38,'10.128.115.237','2018-09-17 02:26:52'),(3550,1,'2018-09-17',4,3,'秦鹏飞','修改10120805供应商银行信息','SAP-ZBP002、ZFI074',7,NULL,38,'10.128.115.237','2018-09-17 02:31:21'),(3551,1,'2018-09-17',2,7,'何雪琴','开通权限FMP20000和FMP20100，借贷单据打印','SS-权限',1,NULL,38,'10.128.112.254','2018-09-17 05:51:31'),(3552,1,'2018-09-17',4,3,'石欣旺','添加员工账号：HR305045','OA中走s4_01，ZFI074添加银行账号信息',7,NULL,38,'10.128.115.237','2018-09-17 05:54:25'),(3553,1,'2018-09-17',1,7,'马红峪','10041401客户添加A2始发仓位','SS-DCM06000',7,NULL,38,'10.128.115.237','2018-09-17 06:30:14'),(3554,2,'2018-09-17',4,3,'吴宝川','供应商开户：浙江省化工产品质量检验站有限公司','MDM、SS、SAP',1,NULL,38,'10.128.112.254','2018-09-17 08:22:00'),(3555,2,'2018-09-17',4,3,'王斌','供应商修改银行信息：上海绿地优鲜超市有限公司','SAP',1,NULL,38,'10.128.112.254','2018-09-17 08:51:58'),(3556,1,'2018-09-18',4,3,'薄会双','10005305修改银行信息','SAP-ZBP002、ZFI074',7,NULL,38,'10.128.115.237','2018-09-18 00:55:42'),(3557,1,'2018-09-18',4,3,'刘洋','增加员工HR304528','MDM、SS、SAP',9,NULL,38,'10.128.114.149','2018-09-18 01:56:15'),(3558,1,'2018-09-18',4,3,'潘岩','增加员工HR305604','MDM、SS、SAP',9,NULL,38,'10.128.114.149','2018-09-18 01:56:57'),(3559,1,'2018-09-18',1,7,'管凤先','BJ10101161增加A202始发仓位','SS-DCM06000',7,NULL,38,'10.128.115.237','2018-09-18 03:28:44'),(3560,1,'2018-09-18',1,7,'管凤先','BJ10101146添加A202始发仓位','SS-DCM06000',7,NULL,38,'10.128.115.237','2018-09-18 03:29:20'),(3561,1,'2018-09-18',3,7,'徐笑','将上级主管改为慈溪正大蛋业“李斌”','OA人事管理',7,NULL,38,'10.128.115.237','2018-09-18 03:30:29'),(3562,1,'2018-09-18',3,7,'徐笑','FY02_1-20180902800签呈退回','强制收回',7,NULL,38,'10.128.115.237','2018-09-18 03:31:09'),(3563,1,'2018-09-18',6,1,'宋宇航','确认重打包入库缺产品','取消重打包申请单，重新下',7,NULL,38,'10.128.115.237','2018-09-18 03:56:31'),(3564,1,'2018-09-18',3,7,'董伟国','FY02_1-20180903108退回到申请人','强制收回',7,NULL,38,'10.128.115.237','2018-09-18 04:09:28'),(3565,1,'2018-09-18',3,5,'曹鹏辉','FY06-20180600040点错了','OA-流程干预',1,NULL,38,'10.128.112.254','2018-09-18 06:22:37'),(3566,1,'2018-09-18',3,7,'马仁涛','PG19-新品上市通知，营销部修改为销售负责人','OA',1,NULL,38,'10.128.112.254','2018-09-18 08:20:23'),(3567,1,'2018-09-18',3,7,'马然套','PG03-产品价格促销专项提报申请，抄送添加闫亭亭','OA',1,NULL,38,'10.128.112.254','2018-09-18 08:21:09'),(3568,2,'2018-09-18',4,2,'万杰','10122309，余姚市晋盘食品店','MDM、SS、SAP',1,NULL,38,'10.128.112.254','2018-09-18 08:49:50'),(3569,2,'2018-09-18',4,2,'万杰','10122310，阿松干货经营部','MDM、SS、SAP',1,NULL,38,'10.128.112.254','2018-09-18 08:50:08'),(3570,2,'2018-09-18',4,2,'万杰','10122311，方双龙干货店','MDM、SS、SAP',1,NULL,38,'10.128.112.254','2018-09-18 08:50:26'),(3571,2,'2018-09-18',4,2,'任开峰','10122312，慈溪市坎墩景平食品店','MDM、SS、SAP',1,NULL,38,'10.128.112.254','2018-09-18 08:51:22'),(3572,2,'2018-09-18',4,2,'冯佳维','10122313，上海萍喆蔬果专业合作社','MDM、SS、SAP',1,NULL,38,'10.128.112.254','2018-09-18 08:51:47'),(3573,2,'2018-09-18',4,2,'戚得松','10122346，戚得松鄞州首南金俊小吃店','MDM、SS、SAP',1,NULL,38,'10.128.112.254','2018-09-18 08:52:47'),(3574,2,'2018-09-19',4,3,'茹丹','扩展供应商：上海正圆计算机科技有限公司','MDM、SS、SAP',1,NULL,38,'10.128.112.254','2018-09-19 00:31:02'),(3575,1,'2018-09-19',3,5,'马红峪','PG05-2018090501退回，领导不同意','OA-流程干预',1,NULL,38,'10.128.112.254','2018-09-19 01:01:11'),(3576,2,'2018-09-19',1,5,'陆科栋','删除501809Q0985业务说不送','SS',1,NULL,38,'10.128.112.254','2018-09-19 03:10:07'),(3577,1,'2018-09-19',1,7,'杨燕','单据日期超前','SS-GBM44800、GBM44I00',7,NULL,38,'10.128.115.237','2018-09-19 03:32:32'),(3578,1,'2018-09-19',2,5,'王涛','SS一层账号无法登陆','重置密码',7,NULL,38,'10.128.115.237','2018-09-19 03:33:38'),(3579,1,'2018-09-19',5,5,'石樂誌','无法删除FMM07000下100%品检结果','该入库原料被占用，取消占用的移库单',7,NULL,38,'10.128.115.237','2018-09-19 03:53:15'),(3580,1,'2018-09-19',3,7,'金雨莹','郑帅上传签名文件','OA',1,NULL,38,'10.128.112.254','2018-09-19 06:12:00'),(3581,1,'2018-09-19',4,2,'郑帅','添加客户：北京伍捌伍伍贸易有限公司（签呈未走完，有总裁请示截图）','MDM、SS、SAP',7,NULL,38,'10.128.115.237','2018-09-19 06:44:10'),(3582,1,'2018-09-19',4,2,'彭艳楠','添加客户：浙江浙农茂阳农产品配送有限公司','MDM、SS、SAP',7,NULL,38,'10.128.115.237','2018-09-19 07:26:16'),(3583,1,'2018-09-19',4,3,'刘伟','TJ617012由赊销变现销','OA走S4_01流程，SS-GBM18000',7,NULL,38,'10.128.115.237','2018-09-19 07:53:48'),(3584,2,'2018-09-19',1,5,'陈婷','删除501809Q1049，单子不要了','SS',1,NULL,38,'10.128.112.254','2018-09-19 08:18:53'),(3585,1,'2018-09-19',4,2,'曹彭辉','添加客户：青岛宜万佳餐饮管理有限公司','MDM、SS、SAP',7,NULL,38,'10.128.115.237','2018-09-19 08:25:45'),(3586,1,'2018-09-19',4,2,'马红峪','添加客户：正大电子商务（浙江）有限公司~天津南开店','MDM、SS、SAP',7,NULL,38,'10.128.115.237','2018-09-19 08:26:50'),(3587,1,'2018-09-19',4,2,'王国华','添加客户：华风气象传媒集团有限责任公司','MDM、SS、SAP',7,NULL,38,'10.128.115.237','2018-09-19 08:53:44'),(3588,2,'2018-09-19',4,3,'徐凌峰','扩展供应商：10005358，上海五研工业过滤设备有限公司','MDM、SAP',1,NULL,38,'10.128.112.254','2018-09-19 08:58:47'),(3589,1,'2018-09-19',4,2,'杨健','添加客户：北京圣初东方教育咨询有限公司','MDM、SS、SAP',7,NULL,38,'10.128.115.237','2018-09-19 09:09:58'),(3590,1,'2018-09-20',4,3,'朱琳','添加供应商北京日兴弘晟商贸中心','MDM、SS、SAP',9,NULL,38,'10.128.115.98','2018-09-20 01:41:33'),(3591,2,'2018-09-20',4,3,'王储君','添加供应商：宁波展航纸制品有限公司','MDM、SS、SAP',1,NULL,38,'10.128.112.254','2018-09-20 03:42:09'),(3592,2,'2018-09-20',3,7,'罗娇','修改成本中心为总裁办服务科','OA-人事',1,NULL,38,'10.128.112.254','2018-09-20 05:36:30'),(3593,1,'2018-09-20',2,7,'黄佩臣','开通EGM06001记录生产订单权限','SS-权限管理',1,NULL,38,'10.128.112.254','2018-09-20 07:04:39'),(3594,1,'2018-09-20',2,7,'黄佩臣','开通EGM04200生产日结权限','SS-权限',1,NULL,38,'10.128.112.254','2018-09-20 07:04:38'),(3595,1,'2018-09-20',3,7,'何平','签呈标题添加签呈编号','OA-流程设置',1,NULL,38,'10.128.112.254','2018-09-20 06:33:58'),(3596,1,'2018-09-20',4,3,'石新旺','增加员工马雪梅HR282996','MDM、SS、SAP',9,NULL,38,'10.128.115.98','2018-09-20 06:44:20'),(3597,1,'2018-09-20',3,5,'张保英','FY05_1A-20180900962未选王芳','OA-流程干预',1,NULL,38,'10.128.112.254','2018-09-20 08:22:33'),(3598,1,'2018-09-20',3,7,'何平','PG16，王总意见栏修改成非必填','OA-流程设置',1,NULL,38,'10.128.112.254','2018-09-20 08:23:29'),(3599,1,'2018-09-20',1,7,'彭艳楠','BJ302014开通液蛋事业线','SS-GBM1700,GBM18000,路线',1,NULL,38,'10.128.112.254','2018-09-20 08:31:14'),(3600,1,'2018-09-20',1,7,'刘伟','10030234&10041160重新签合同，开启','MDM-GBM15000',1,NULL,38,'10.128.112.254','2018-09-20 08:47:51'),(3601,1,'2018-09-20',9,7,'黄贺群','修改日期','SS  44800',3,NULL,38,'10.128.115.169','2018-09-20 11:18:12'),(3602,1,'2018-09-20',1,2,'金玉莹','爱玛客-JD开户','MDM、SS、SAP',3,NULL,38,'10.128.115.169','2018-09-20 11:18:59'),(3603,1,'2018-09-20',1,1,'潘静','SAP审核看不到单子','SS重新发送',3,NULL,38,'10.128.115.169','2018-09-20 11:21:11'),(3604,2,'2018-09-21',4,3,'戎露','客户开户：沈春梅','MDM、SS、SAP',1,NULL,38,'10.128.112.254','2018-09-21 00:27:29'),(3605,1,'2018-09-21',4,3,'金雨莹','客户爱玛客服务产业有限公司开户','MDM、SS、SAP',9,NULL,38,'10.128.115.98','2018-09-21 00:36:32'),(3606,1,'2018-09-21',4,3,'何凤鹏','添加供应商北京优美鲜供应链管理有限公司','MDM、SS、SAP',9,NULL,38,'10.128.115.98','2018-09-21 01:09:12'),(3607,1,'2018-09-21',1,7,'张立立','BJ616017修改客户账期（40变成55天）','SS-GBM18000',7,NULL,38,'10.128.115.237','2018-09-21 06:13:36'),(3608,1,'2018-09-21',2,7,'张超','SS账号添加权限（DCM01000、DCM09000）','SS-DCM05000',7,NULL,38,'10.128.115.237','2018-09-21 06:14:46'),(3609,1,'2018-09-21',3,7,'石欣旺','注销OA账号：刁庆龙','OA人事管理',7,NULL,38,'10.128.115.237','2018-09-21 06:40:57'),(3610,1,'2018-09-21',2,7,'李鹏飞','添加SS账号：姜思博','SS-GBM04000、GBM05000',7,NULL,38,'10.128.115.237','2018-09-21 06:41:59'),(3611,1,'2018-09-21',5,7,'李鹏飞','FMM02100取样30取样员增加姜思博的名字','SS-设定信息文件，具体操作请见BBS',7,NULL,38,'10.128.115.237','2018-09-21 07:38:43'),(3612,1,'2018-09-21',5,7,'李鹏飞','跟新12854这个原料标准','CTS01007、CTS01008，详见BBS',7,NULL,38,'10.128.115.237','2018-09-21 07:39:45'),(3613,1,'2018-09-21',1,3,'薄会双','修改BJ505027客户账期','SS-GBM18000',7,NULL,38,'10.128.115.237','2018-09-21 08:31:43'),(3614,1,'2018-09-21',3,7,'刘洋','OA设成本中心','OA设成本中心',3,NULL,38,'10.128.113.69','2018-09-21 10:58:47'),(3615,1,'2018-09-23',1,7,'杜爱宇','64日期超前','SS-GBM44800、GBM44I00',7,NULL,38,'10.128.115.237','2018-09-23 09:08:58'),(3616,1,'2018-09-25',3,5,'张晓磊','PG24-2018070784退回，需要修改内容','OA',1,NULL,39,'10.128.112.254','2018-09-25 01:45:44'),(3617,1,'2018-09-25',2,7,'杜雪松','000999玉米散户采购账户被停','联系IA开启',1,NULL,39,'10.128.112.254','2018-09-25 02:34:29'),(3618,2,'2018-09-25',4,3,'鲁晓婉','开户：有机肥零售专用账户','MDM、SS、SAP',1,NULL,39,'10.128.112.254','2018-09-25 02:35:56'),(3619,1,'2018-09-25',4,2,'张志刚','添加客户：北京瑞可兹农业科技有限公司','MDM、SS、SAP',7,NULL,39,'10.128.115.237','2018-09-25 02:53:19'),(3620,1,'2018-09-25',3,7,'郭丹','刁庆龙离职，OA注销，但是有未处理流程，需要重新开启','OA-人事',1,NULL,39,'10.128.112.254','2018-09-25 03:15:56'),(3621,2,'2018-09-25',4,3,'徐凌峰','添加供应商：沧州旺发生物技术研究所有限公司','MDM、SS、SAP',7,NULL,39,'10.128.115.237','2018-09-25 03:22:25'),(3622,1,'2018-09-25',4,3,'陈凡','添加员工账号：HR299647-陈凡','OA中走s4_01，ZFI074添加银行账号信息',7,NULL,39,'10.128.115.237','2018-09-25 05:49:57'),(3623,1,'2018-09-25',4,3,'刘翔鹤','980730正大食品企业(上海)有限公司第二分公司扩展到0128','MDM',1,NULL,39,'10.128.112.254','2018-09-25 06:21:14'),(3624,2,'2018-09-25',4,3,'汤飘','扩展供应商910401，青岛正大有限公司','MDM',1,NULL,39,'10.128.112.254','2018-09-25 06:31:50'),(3625,1,'2018-09-25',4,3,'魏俊莲','修改TJ302007-10006531客户信用额度','OA走S4_01流程，SS-GBM18000',7,NULL,39,'10.128.115.237','2018-09-25 06:34:44'),(3626,1,'2018-09-25',1,1,'朱军','确认发货找不到50180903499单据','取消单据重新下',7,NULL,39,'10.128.115.237','2018-09-25 08:10:45'),(3627,1,'2018-09-25',1,1,'张宁','调拨确认入库数量与调拨数量不符','SS手动发送64至WM，WMM58400确认入库',7,NULL,39,'10.128.115.237','2018-09-25 08:49:15'),(3628,1,'2018-09-26',3,5,'黄玉婷','PG09-2018091786签呈王总看不到','签呈中公司总裁选择错误',7,NULL,39,'10.128.115.237','2018-09-26 01:51:17'),(3629,1,'2018-09-26',2,7,'高慧','重置杨林峰SS账号密码','重置密码',7,NULL,39,'10.128.115.237','2018-09-26 03:21:35'),(3630,1,'2018-09-26',8,5,'梁丽艳','25号日结无法通过（库房说原料蛋已确认入库）','检查25号未做原料蛋申请',7,NULL,39,'10.128.115.237','2018-09-26 04:12:52'),(3631,1,'2018-09-26',8,7,'梁丽艳','64单据日期超前','SS-GBM44800、GBM44I00',7,NULL,39,'10.128.115.237','2018-09-26 04:13:20'),(3632,1,'2018-09-26',1,7,'刘伟','佳乐商贸（中国）有限公司，没有额度和账期','佳乐商贸（中国）有限公司为供应商',7,NULL,39,'10.128.115.237','2018-09-26 04:23:37'),(3633,1,'2018-09-26',3,7,'杨雪梅','PG23-2018091790撤回到申请人','签呈强制退回',7,NULL,39,'10.128.115.237','2018-09-26 05:38:25'),(3634,1,'2018-09-26',1,7,'刘伟','919971客户由赊销变现销','OA走S4_01流程，SS-GBM18000',7,NULL,39,'10.128.115.237','2018-09-26 06:39:40'),(3635,1,'2018-09-26',4,5,'秦鹏飞','10005421供应商税号不正确','联系IA停用老税号，GBM15010、GBM15020',7,NULL,39,'10.128.115.237','2018-09-26 06:40:21'),(3636,1,'2018-09-26',2,7,'高慧','添加SS账号：高慧','SS-GBM04000、GBM05000',7,NULL,39,'10.128.115.237','2018-09-26 07:56:54'),(3637,1,'2018-09-27',2,7,'陈晶伟','因11服务器无法登陆，登陆10服务器SS一层账号忘记密码','重置密码',7,NULL,39,'10.128.115.237','2018-09-27 01:09:00'),(3638,1,'2018-09-26',4,3,'于海洋','BJ301021变更信用额度','OA走S4_01流程，SS-GBM18000',7,NULL,39,'10.128.115.237','2018-09-27 01:10:24'),(3639,1,'2018-09-26',4,2,'魏陈','添加客户：北京物美商业集团股份有限公司~河滩店','MDM、SS、SAP',7,NULL,39,'10.128.115.237','2018-09-27 01:11:22'),(3640,1,'2018-09-26',4,2,'魏兰蕊','添加客户：北京物美商业集团股份有限公司~马坡店','MDM、SS、SAP',7,NULL,39,'10.128.115.237','2018-09-27 01:13:36'),(3641,1,'2018-09-27',3,5,'朱磊','FY01_1-20180903081退回','OA-流程干预',1,NULL,39,'10.128.112.254','2018-09-27 01:13:48'),(3642,1,'2018-09-26',4,2,'魏兰蕊','添加客户：北京物美商业集团股份有限公司~双井店','MDM、SS、SAP',7,NULL,39,'10.128.115.237','2018-09-27 01:14:19'),(3643,1,'2018-09-27',4,2,'魏兰蕊','添加客户：北京物美商业集团股份有限公司~望京乐天店','MDM、SS、SAP',7,NULL,39,'10.128.115.237','2018-09-27 01:14:52'),(3644,1,'2018-09-27',3,5,'梁丽艳','IT05-2018-01373退回到申请人，提交表格有问题','流程干预退回到申请人',7,NULL,39,'10.128.115.237','2018-09-27 05:13:18'),(3645,1,'2018-09-27',1,5,'彭艳楠','销售订单财务信审看不到','下订单选错客户',7,NULL,39,'10.128.115.237','2018-09-27 06:31:55'),(3646,1,'2018-09-27',4,3,'刘伟','910101由赊销变成现销','OA走S4_01流程，SS-GBM18000',7,NULL,39,'10.128.115.237','2018-09-27 07:33:31'),(3647,1,'2018-09-27',2,7,'杜雪松','添加SS账号：韩东亮','SS-GBM04000、GBM05000',7,NULL,39,'10.128.115.237','2018-09-27 08:33:18'),(3648,1,'2018-09-27',1,5,'刘永银','整理分销商城资料','将9.5－9.10号不合格户删除',3,NULL,39,'192.128.100.113','2018-09-27 10:51:39'),(3649,2,'2018-09-28',4,3,'卢晶晶','员工开户：陈明铜','SAP',1,NULL,39,'10.128.112.254','2018-09-28 00:48:20'),(3650,1,'2018-09-28',2,7,'王涛','910256无法入账','MDM-MDM04010，将910256扩展为0128供应商',7,NULL,39,'10.128.115.237','2018-09-28 01:20:06'),(3651,1,'2018-09-28',2,7,'刘翔鹤','10122533无法调账，需将10122533SAP中总部项设置为空','OA中走s4_01，联系杨茹修改',7,NULL,39,'10.128.115.237','2018-09-28 01:22:09'),(3652,1,'2018-09-28',2,7,'张鹏','SS账号添加权限：GBM36100、SHSM0410，财务值班用','SS-GBM05000',7,NULL,39,'10.128.115.237','2018-09-28 02:17:38'),(3653,1,'2018-09-28',4,3,'管凤先','10003052信用额度调整','OA走S4_01流程，SS-GBM18000',7,NULL,39,'10.128.115.237','2018-09-28 02:50:16'),(3654,1,'2018-09-28',4,3,'赵佳丽','添加员工账号：杨林峰-HR299671','OA中走s4_01，ZFI074添加银行账号信息',7,NULL,39,'10.128.115.237','2018-09-28 02:50:52'),(3655,1,'2018-09-28',4,3,'秦鹏飞','添加供应商：北京质友机械设备有限公司','MDM、SS、SAP',7,NULL,39,'10.128.115.237','2018-09-28 02:52:24'),(3656,1,'2018-09-28',3,7,'邓君平','FY02_1-20180908941撤回到申请人','强制收回',7,NULL,39,'10.128.115.237','2018-09-28 02:52:56'),(3657,1,'2018-09-28',4,7,'邓君平','北京世纪捷诚物流有限公司修改默认账户','SAP-ZBP002',1,NULL,39,'10.128.112.254','2018-09-28 03:14:53'),(3658,1,'2018-09-28',3,1,'刘艳霞','FY02_1-20180901553费用会计批准报错','退回到申请人，让申请人用谷歌浏览器提交签呈',1,NULL,39,'10.128.112.254','2018-09-28 03:20:47'),(3659,1,'2018-09-28',1,7,'张立立','变更10030234客户20430业务员','SS-GBM23100',7,NULL,39,'10.128.115.237','2018-09-28 05:53:18'),(3660,1,'2018-09-28',1,3,'王艺','10122533设置扣点14%','SS-GBM17000',7,NULL,39,'10.128.115.237','2018-09-28 08:54:55'),(3661,1,'2018-09-28',4,2,'金雨莹','添加客户：央视后勤服务发展（北京）有限责任公司','MDM、SS、SAP',7,NULL,39,'10.128.115.237','2018-09-28 08:57:41'),(3662,1,'2018-09-29',3,7,'张保英','修改王春歌上级主管为姬小飞','OA-人事',1,NULL,39,'10.128.112.254','2018-09-29 00:55:01'),(3663,1,'2018-09-29',1,7,'朱军','开SS权限','开查询库存权限',3,NULL,39,'10.128.113.146','2018-09-29 02:49:26'),(3664,1,'2018-09-29',4,3,'秦鹏飞','添加供应商：泰兴市振牧畜禽器材厂','MDM、SS、SAP',7,NULL,39,'10.128.115.237','2018-09-29 03:17:53'),(3665,2,'2018-09-29',1,5,'陈杰','开户报错SQL 22291','17000重新设事业线',3,NULL,39,'10.128.113.146','2018-09-29 07:42:16'),(3666,1,'2018-09-29',4,3,'刘伟','910688由赊销变为现销','OA走S4_01流程，SS-GBM18000',7,NULL,39,'10.128.115.237','2018-09-29 07:44:27'),(3667,2,'2018-09-29',2,1,'陈杰','总帐有没有发到SAP的51单据','SS重新发送',3,NULL,39,'10.128.113.146','2018-09-29 07:49:40'),(3668,1,'2018-09-30',4,3,'刘伟','10008731由赊销变为现销','OA走S4_01流程，SS-GBM18000',7,NULL,39,'10.128.114.18','2018-09-30 03:39:57'),(3669,1,'2018-09-30',4,2,'郝玉红','添加客户：北京顺利伟食品有限公司','MDM、SS、SAP',7,NULL,39,'10.128.114.18','2018-09-30 03:40:38'),(3670,1,'2018-09-30',1,3,'彭艳楠','修改10007820客户名称（SS系统改了，SAP没改）','MDM-GBM15000、MDM04000',7,NULL,39,'10.128.114.18','2018-09-30 04:15:55'),(3671,1,'2018-09-30',9,7,'黄贺群','62单据日期超前','SS-GBM44I00',7,NULL,39,'10.128.114.18','2018-09-30 04:17:20'),(3672,1,'2018-09-30',2,7,'梁丽艳','添加SS账号：王学敏','SS-GBM04000、GBM05000',7,NULL,39,'10.128.114.18','2018-09-30 08:18:35'),(3673,1,'2018-09-30',4,3,'秦鹏飞','添加供应商：湖北弘创汽车销售有限公司','MDM、SS、SAP',7,NULL,39,'10.128.114.18','2018-09-30 08:19:14'),(3674,1,'2018-10-02',1,5,'陆科栋','退货报错','退货按实际需要退的填数量',3,NULL,40,'10.128.114.180','2018-10-02 08:26:57'),(3675,1,'2018-10-02',1,7,'王艺','10008731现销改赊销','SS  GBM18000',3,NULL,40,'10.128.114.180','2018-10-02 08:43:40'),(3676,1,'2018-10-08',1,1,'付国成','确认时找不到单据号','SS单据打印查找',3,NULL,41,'10.128.115.247','2018-10-08 00:38:45'),(3677,1,'2018-10-08',8,7,'东方','SS密码到期无法登入','重新设密码',3,NULL,41,'10.128.115.247','2018-10-08 00:41:30'),(3678,2,'2018-10-08',1,7,'潘静','排完号查询状态不变','SS',3,NULL,41,'10.128.115.247','2018-10-08 00:42:36'),(3679,1,'2018-10-08',6,1,'杨雪梅','SS导出生产报表出错','SS重新导出',3,NULL,41,'10.128.115.247','2018-10-08 00:48:57'),(3680,1,'2018-10-08',1,7,'杨燕','开液蛋事业线000889','SS',3,NULL,41,'10.128.115.247','2018-10-08 00:53:09'),(3681,1,'2018-10-08',1,7,'马红峪','开自提户10127137，10127125','MDM、SS、SAP',3,NULL,41,'10.128.115.247','2018-10-08 00:54:13'),(3682,1,'2018-10-08',2,5,'冯渊','211181鄂尔多斯的采购单作废','SS-采购拦截',1,NULL,41,'10.128.112.254','2018-10-08 01:09:38'),(3683,1,'2018-10-08',3,7,'马仁涛','PG09用章申请流程去掉合同章','OA',1,NULL,41,'10.128.112.254','2018-10-08 01:32:54'),(3684,1,'2018-10-08',1,7,'付国成','报错日期超前','SS  44800',3,NULL,41,'10.128.115.247','2018-10-08 07:26:55'),(3685,1,'2018-10-08',1,7,'付国成','重新打印退货单','SS恢复原状重新打印',3,NULL,41,'10.128.115.247','2018-10-08 07:27:47'),(3686,1,'2018-10-08',1,7,'刘晓二','查不到10.1日退货单','SS  SHS10700',3,NULL,41,'10.128.115.247','2018-10-08 07:29:18'),(3687,1,'2018-10-09',9,7,'黄贺群','61单据日期超前','SS-GBM44800',7,NULL,41,'10.128.114.18','2018-10-09 03:02:19'),(3688,1,'2018-10-09',9,5,'黄贺群','10月4号WM系统LQPP01仓位包材数量与实际不符','号那天生产结束以后，库房全做退库了',7,NULL,41,'10.128.114.18','2018-10-09 03:28:09'),(3689,1,'2018-10-09',4,2,'马红峪','添加客户：济南嘉和世纪酒店管理有限公司（无签呈，有微信请示截图）','MDM、SS、SAP',7,NULL,41,'10.128.114.18','2018-10-09 03:29:08'),(3690,1,'2018-10-09',2,7,'赵琴琴','800000702000211取消采用重量记录','MDM修改，然后找IA审核',1,NULL,41,'10.128.112.254','2018-10-09 05:17:09'),(3691,1,'2018-10-09',2,5,'李建秋','SS忘记密码','重置密码',7,NULL,41,'10.128.114.18','2018-10-09 05:23:35'),(3692,1,'2018-10-09',3,7,'崔荣荣','添加OA账号：吴秀月','OA人事管理',7,NULL,41,'10.128.114.18','2018-10-09 05:30:14'),(3693,1,'2018-10-09',1,7,'张宁','64单据日期超前','SS-GBM44800、GBM44I00',7,NULL,41,'10.128.114.18','2018-10-09 06:51:20'),(3694,1,'2018-10-09',4,7,'彭艳楠','10007837变更中文名称','联系IA停用老税号，GBM15010、GBM15020',7,NULL,41,'10.128.114.18','2018-10-09 08:26:56'),(3695,1,'2018-10-09',4,3,'彭艳楠','10006164变更中文名称','MDM-GBM15010、GBM15020；SS-GBM15000',7,NULL,41,'10.128.114.18','2018-10-09 08:27:53'),(3696,1,'2018-10-09',4,3,'刘艳霞','10006213变更中文名称','与对账组沟通，建议重新开户',7,NULL,41,'10.128.114.18','2018-10-09 08:28:52'),(3697,1,'2018-10-09',1,3,'刘艳霞','10072452修改账期','SS-GBM18000',7,NULL,41,'10.128.114.18','2018-10-09 09:04:27'),(3698,1,'2018-10-10',9,7,'黄贺群','61单据日期超前','SS-GBM44800',7,NULL,41,'10.128.114.18','2018-10-10 01:33:11'),(3699,1,'2018-10-10',1,3,'薄会双','10030354将通路修改为611-LKA','SS-GBM16000',7,NULL,41,'10.128.114.18','2018-10-10 01:35:50'),(3700,1,'2018-10-10',1,3,'薄会双','10073219将通路改为其他','SS-GBM16000',7,NULL,41,'10.128.114.18','2018-10-10 01:37:42'),(3701,1,'2018-10-10',3,5,'张晓磊','TZ05-2018-1523，TZ02-2018-160退回到申请','OA-流程干预',1,NULL,41,'10.128.112.254','2018-10-10 07:03:13'),(3702,1,'2018-10-10',4,3,'石新旺','添加供应商华夏瑞达（北京）建筑劳务服务有限公司','MDM、SS、SAP',9,NULL,41,'10.128.114.66','2018-10-10 07:23:31'),(3703,1,'2018-10-11',1,5,'高敬欣','取消调拔单','取消调拔单',3,NULL,41,'10.128.114.171','2018-10-11 01:55:45'),(3704,1,'2018-10-11',1,1,'刘晓二','打印调拨单错误','连续打印有问题，单独打印一张没有问题，整理问题文档提交IA',7,NULL,41,'10.128.114.18','2018-10-11 03:00:36'),(3705,1,'2018-10-11',2,7,'孔庆敏','添加SS账号：孔庆敏','SS-GBM04000、GBM05000',7,NULL,41,'10.128.114.18','2018-10-11 03:04:42'),(3706,1,'2018-10-11',3,5,'张保英','PG09-2018101841填写错误需要撤回','OA-流程干预',1,NULL,41,'10.128.112.254','2018-10-11 04:15:02'),(3707,1,'2018-10-11',4,2,'马红峪','添加客户：正大电子商务（浙江）有限公司~天猫平台','MDM、SS、SAP',7,NULL,41,'10.128.114.18','2018-10-11 07:39:55'),(3708,1,'2018-10-11',1,5,'刘晓二','退货确认数量误输入错误','已生成53凭证，联系财务调整',7,NULL,41,'10.128.114.18','2018-10-11 07:59:01'),(3709,1,'2018-10-11',3,5,'郭金蕊','OA填写内容不完整','流程干预，退回到申请人',3,NULL,41,'10.128.114.171','2018-10-11 08:48:51'),(3710,1,'2018-10-12',2,1,'冯渊','211525保定星联商贸有限公司SS系统税号最后一位是字母o','MDM发送正确的税号，正确的税号最后一位是数字0',1,NULL,41,'10.128.112.254','2018-10-12 04:00:47'),(3711,1,'2018-10-12',1,3,'曹彭辉','910189修改账期为60天','SS系统账期本来就为60天，无需修改',7,NULL,41,'10.128.114.18','2018-10-12 05:34:49'),(3712,1,'2018-10-11',1,5,'陈龙辉','每日销售分析数据下找不到51181000873、51181000866','改单据客户为分户，分户结账归结于总户编码设置错误，总户编码应设置为SS系统编码',7,NULL,41,'10.128.114.18','2018-10-12 05:37:49'),(3713,1,'2018-10-12',1,5,'田雅丽','审批确认入库找不到退货单','未做确认入库操作，联系相关人员做确认入库操作',7,NULL,41,'10.128.114.18','2018-10-12 05:39:27'),(3714,1,'2018-10-12',4,3,'彭艳楠','10008731由现销变赊销','OA走S4_01流程，SS-GBM18000',7,NULL,41,'10.128.114.18','2018-10-12 06:44:49'),(3715,1,'2018-10-12',7,7,'肖婧','找不到采购单，维护后面的三个药品','维护800070105000026，600000000031747，800070308000011',1,NULL,41,'10.128.112.254','2018-10-12 06:58:36'),(3716,1,'2018-10-12',2,5,'冯渊','北京华益，北京嘉正，天津兴阳的单子全部作废','SS-PUI03000',1,NULL,41,'10.128.112.254','2018-10-12 08:46:43'),(3717,1,'2018-10-15',8,7,'梁丽艳','深加工14号辅料领用12.23，但日结显示40','查看WM系统存在负数库存（库存总数正确），进行核销操作',7,NULL,42,'10.128.114.18','2018-10-15 02:12:56'),(3718,1,'2018-10-15',7,7,'肖婧','药品疫苗重量负数无法出库','写文档联系IA，需要程序程序员修改',1,NULL,42,'10.128.112.254','2018-10-15 04:02:07'),(3719,1,'2018-10-15',1,5,'高敬欣','TJ201043客户9月份订单总金额不正确','9月份设置的53203019促销价格中设置了折扣点',7,NULL,42,'10.128.114.18','2018-10-15 07:29:23'),(3720,1,'2018-10-15',4,3,'张立立','修改BJ204039中文名称','MDM-GBM15020、GBM15000、MDM04000，SS-GBM15000',7,NULL,42,'10.128.114.18','2018-10-15 08:30:09'),(3721,1,'2018-10-15',2,7,'郭金蕊','添加SS账号：郭金蕊','SS-GBM04000、GBM05000',7,NULL,42,'10.128.114.18','2018-10-15 08:31:42'),(3722,1,'2018-10-15',2,7,'王瑜善','添加SS账号：王瑜善','SS-GBM04000、GBM05000',7,NULL,42,'10.128.114.18','2018-10-15 08:32:16'),(3723,1,'2018-10-16',3,7,'刘伟','谷歌浏览器登陆OA乱码','卸载谷歌浏览器，重新安装',7,NULL,42,'10.128.114.18','2018-10-16 01:25:10'),(3724,1,'2018-10-16',3,7,'张程','添加OA账号：张翠林、肖谦','OA人事管理',7,NULL,42,'10.128.114.18','2018-10-16 01:26:12'),(3725,1,'2018-10-16',3,5,'张晓磊','PG24-2018090964孟总要求走集团流程','退回到申请人',1,NULL,42,'10.128.112.254','2018-10-16 01:46:33'),(3726,1,'2018-10-16',3,7,'赵琴琴','添加OA账号：朱文洋','OA人事管理',7,NULL,42,'10.128.114.18','2018-10-16 01:50:22'),(3727,1,'2018-10-16',1,3,'蔡林木','添加供应商北京泽众家诚商贸有限公司','添加供应商北京泽众家诚商贸有限公司',9,NULL,42,'10.128.113.218','2018-10-16 05:25:29'),(3728,1,'2018-10-16',6,5,'郭金蕊','无法登陆SS系统','密码输入错误',7,NULL,42,'10.128.114.18','2018-10-16 06:22:49'),(3729,1,'2018-10-16',3,7,'杨雪梅','PG23-2018091814退回到申请人，签呈有变动重新打签呈','OA流程干预',7,NULL,42,'10.128.114.18','2018-10-16 06:59:47'),(3730,1,'2018-10-16',3,7,'石欣旺','修改正大食品马春梅、刘秀敏修改上级主管','联系OA管理员修改',1,NULL,42,'10.128.112.254','2018-10-16 08:03:27'),(3731,1,'2018-10-16',4,3,'冯渊','由于原中国帐号对应两个CV编码，被系统删除了','重新添加中国银行帐号',1,NULL,42,'10.128.112.254','2018-10-16 08:45:28'),(3732,1,'2018-10-17',1,5,'杨燕','DCI01000下查询不到50181002324单','选错送货日期',7,NULL,42,'10.128.114.18','2018-10-17 05:10:48'),(3733,1,'2018-10-17',3,7,'赵肖肖','报销签呈中取不到10005447银行账号','换谷歌浏览器',7,NULL,42,'10.128.114.18','2018-10-17 05:11:45'),(3734,1,'2018-10-17',1,7,'张宁','64单据日期超前','SS-GBM44800、GBM44I00',7,NULL,42,'10.128.114.18','2018-10-17 05:58:33'),(3735,1,'2018-10-17',5,7,'杜雪松','从中央服务器下载供应商A22423','SS-CTG11000',7,NULL,42,'10.128.114.18','2018-10-17 06:12:33'),(3736,2,'2018-10-17',1,2,'陈杰','添加供应商报数据重复','MDM重发送CV、统一代码到SS',3,NULL,42,'10.128.114.88','2018-10-17 07:03:43'),(3737,1,'2018-10-17',4,7,'张鹏','张志强中国银行账号绑了两个人，被系统删除','重新添加账号',1,NULL,42,'10.128.112.254','2018-10-17 08:20:32'),(3738,1,'2018-10-18',2,7,'李鹏飞','开通权限GBM1A000设置原料及产品保质期','SS-GBM05000',1,NULL,42,'10.128.112.254','2018-10-18 00:50:43'),(3739,1,'2018-10-18',9,7,'刘晓二','液蛋日结菜单生产日期错误','系统中文名称翻译错误，应为配方有效开始日期，GBM00000将生产日期显示，配方日期隐藏',7,NULL,42,'10.128.114.18','2018-10-18 01:30:06'),(3740,1,'2018-10-18',1,7,'张宁','10122418增加B402始发仓库','SS-DCM06000',7,NULL,42,'10.128.114.18','2018-10-18 01:38:51'),(3741,1,'2018-10-18',1,7,'张宁','10122418将B4仓库设置为默认仓库','SS-GBM17000',7,NULL,42,'10.128.114.18','2018-10-18 01:39:48'),(3742,1,'2018-10-18',4,3,'张保英','添加员工账号：HR280031','OA中走s4_01，ZFI074添加银行账号信息',7,NULL,42,'10.128.114.18','2018-10-18 06:36:24'),(3743,1,'2018-10-18',1,1,'马给峪','BJ501002开单无法过信审','SS重新发送',3,NULL,42,'10.128.114.218','2018-10-18 06:49:28'),(3744,2,'2018-10-18',1,7,'陈杰','MDM无法开供应商','MDM重发送CV、统一代码到SS',3,NULL,42,'10.128.114.218','2018-10-18 06:50:38'),(3745,1,'2018-10-19',4,7,'杜雪松','中国银行卡账号被删除，原因是绑定了多个CV','重新添加银行信息',1,NULL,42,'10.128.112.254','2018-10-19 03:17:59'),(3746,1,'2018-10-19',3,5,'刘翔贺','PG09-2018101862批注意见错误，修改或删除意见','无法修改或删除，流程干预到申请人，重新提交',7,NULL,42,'10.128.114.18','2018-10-19 05:16:56'),(3747,1,'2018-10-19',3,7,'石欣旺','PG33-客诉处理单签呈完毕后抄送给石欣旺','OA，流程节点添加抄送人力',1,NULL,42,'10.128.115.167','2018-10-19 06:10:18'),(3748,1,'2018-10-19',4,2,'张宁','添加客户：禧云世纪供应链管理（天津）有限公司（签呈未走完，请示李晓东，有王总请示截图）','MDM、SS、SAP',7,NULL,42,'10.128.114.18','2018-10-19 06:49:14'),(3749,1,'2018-10-19',4,7,'郭碧佳','910105供应商SAP生成付款单时提示付款银行账号与默认的银行账号不一致','SAP-ZBP002修改默认银行账号',7,NULL,42,'10.128.114.18','2018-10-19 06:51:49'),(3750,1,'2018-10-19',4,3,'秦鹏飞','添加供应商：上海维特锐实业发展有限公司','MDM、SS、SAP',7,NULL,42,'10.128.114.18','2018-10-19 07:06:16'),(3751,1,'2018-10-19',4,2,'张宁','添加客户：北京永军齐天商贸有限公司（签呈未走完，有王总请示截图）','MDM、SS、SAP',7,NULL,42,'10.128.114.18','2018-10-19 08:22:23'),(3752,1,'2018-10-19',1,7,'张宁','64单据B402 单据日期超前','SS-GBM44800、GBM44I00',7,NULL,42,'10.128.114.18','2018-10-19 08:41:57'),(3753,1,'2018-10-19',3,7,'张保英','FY02签呈，员工石昌明银行账号错误，无报销公司','OA人事，将石昌明账号添加报销公司、成本中心及上级主管',7,NULL,42,'10.128.114.18','2018-10-19 08:53:54'),(3754,1,'2018-10-21',1,7,'朱军','对应车牌号报错','恢复单据重新对应车牌号',3,NULL,42,'10.128.113.34','2018-10-21 03:35:48'),(3755,1,'2018-10-21',6,7,'陈新文','SS入库后数据卡在WM','SS手动发送WM',3,NULL,42,'10.128.113.34','2018-10-21 03:36:46'),(3756,1,'2018-10-21',1,5,'付国成','对应车牌号后确认备货搜寻不到数据','重新对应车牌号',3,NULL,42,'10.128.113.34','2018-10-21 03:38:05'),(3757,1,'2018-10-22',8,7,'刘晓二','D101仓库64日期超前','SS-GBM44800、GBM44I00',7,NULL,43,'10.128.114.18','2018-10-22 00:56:59'),(3758,1,'2018-10-22',3,7,'杨雪梅','PG23-2018101871签呈撤回到申请人，时间临时有变动','OA流程干预',7,NULL,43,'10.128.114.18','2018-10-22 01:21:20'),(3759,1,'2018-10-22',4,3,'张保英','SAP中添加刘金凤 ，用于代缴社保','查询SAP中已存在',7,NULL,43,'10.128.114.18','2018-10-22 03:55:14'),(3760,1,'2018-10-22',4,3,'邓君平','10005376修改默认银行账号','SAP-ZMM016、ZBP002',7,NULL,43,'10.128.114.18','2018-10-22 04:00:56'),(3761,1,'2018-10-22',5,7,'杜雪松','10119244下载供应商','SS-CTG11000',1,NULL,43,'10.128.112.254','2018-10-22 08:44:31'),(3762,2,'2018-10-22',1,5,'陈杰','退货报错','SS退货单批号补充完整',3,NULL,43,'10.128.113.98','2018-10-22 09:08:23'),(3763,1,'2018-10-23',3,5,'张保英','FY01_1-20181003056打错了需要退回','OA-流程干预',1,NULL,43,'10.128.112.254','2018-10-23 03:00:42'),(3764,1,'2018-10-23',5,1,'韩东亮','erp开立的采购单没有发送到ss服务器','联系IA王玉重新发送',1,NULL,43,'10.128.112.254','2018-10-23 03:01:30'),(3765,1,'2018-10-23',4,3,'秦鹏飞','10007748修改供应商中文名称','OA中走s4_01停用原银行账号，ZFI074添加银行账号信息，IA停用税号',7,NULL,43,'10.128.113.243','2018-10-23 04:19:53'),(3766,1,'2018-10-23',2,7,'高峰','无法登陆SS系统','账号密码到期，需修改密码',7,NULL,43,'10.128.113.243','2018-10-23 04:24:40'),(3767,1,'2018-10-23',9,7,'刘小二','液蛋产品保质期不是7天，为21天','将EGM06001菜单INI中EXPIRE_DAY改为21',7,NULL,43,'10.128.113.243','2018-10-23 04:58:56'),(3768,1,'2018-10-23',7,1,'赵琴琴','看不到采购单4141810080001','经查询在农场的畜禽中心',1,NULL,43,'10.128.112.254','2018-10-23 08:54:12'),(3769,1,'2018-10-23',7,7,'朱琳','600000000079117新药品需要维护','MDM修改药品信息，找IA审核',1,NULL,43,'10.128.112.254','2018-10-23 08:55:04'),(3770,1,'2018-10-24',9,5,'黄贺群','液蛋22号半成品日结中获取不到分级L','分级22号日结录入分级L时忘勾选“转至液蛋厂”，取消61入库单，重新入库',7,NULL,43,'10.128.114.119','2018-10-24 02:51:06'),(3771,1,'2018-10-24',4,3,'彭艳楠','修改910264客户信用额度','OA走S4_01流程，SS-GBM18000',7,NULL,43,'10.128.114.119','2018-10-24 02:51:53'),(3772,1,'2018-10-24',4,3,'魏陈','修改10005577中文名称','联系IA修改，GBM15000',7,NULL,43,'10.128.114.119','2018-10-24 02:54:08'),(3773,1,'2018-10-24',4,3,'杨柳','修改永旺9个客户的中文名称','联系IA修改，GBM15000',7,NULL,43,'10.128.114.119','2018-10-24 03:01:27'),(3774,1,'2018-10-24',4,3,'何凤鹏','添加供应商：北京冯咏梅货物运输队','MDM-MDM04010，将10127942扩展为0128供应商',7,NULL,43,'10.128.114.119','2018-10-24 03:10:34'),(3775,1,'2018-10-24',3,7,'王艺','手机如何安装OA，如何登陆','扫码安装',7,NULL,43,'10.128.114.119','2018-10-24 03:13:00'),(3776,1,'2018-10-24',4,3,'李泽祥','添加供应商：辽宁永辉超市有限公司','联系李立磊扩展到0128，ZFI074添加银行信息',7,NULL,43,'10.128.114.119','2018-10-24 06:09:21'),(3777,1,'2018-10-24',4,3,'李泽祥','添加供应商：北京永辉商业有限公司','MDM、SS、SAP，ZFI074添加银行信息',7,NULL,43,'10.128.114.119','2018-10-24 06:10:10'),(3778,1,'2018-10-24',6,5,'宋宇航','检查5号分级L入库是否有问题','查看5号分级L录入时未勾选“转至液蛋厂”，取消重新录入，联系液蛋厂',7,NULL,43,'10.128.114.119','2018-10-24 06:34:11'),(3779,1,'2018-10-25',2,7,'高慧','将10040972扩展为客户（预付转其他应收），不走货','MDM-MDM0410',7,NULL,43,'10.128.114.119','2018-10-25 03:14:44'),(3780,1,'2018-10-25',4,3,'李鹏飞','添加供应商：泊头市钰泰环保机械有限公司','MDM添加，联系SAP扩展，SS修改税号',7,NULL,43,'10.128.114.119','2018-10-25 05:08:18'),(3781,1,'2018-10-25',4,3,'冯渊','添加供应商：北京九州恒远科贸中心','MDM、SS、SAP',9,NULL,43,'10.128.115.4','2018-10-25 05:12:00'),(3782,1,'2018-10-26',4,2,'于海洋','添加客户：北京大众康乐食品有限公司','MDM、SS、SAP',7,NULL,43,'10.128.114.119','2018-10-26 02:05:33'),(3783,1,'2018-10-26',3,7,'张鹏','添加OA账号：高慧','OA人事管理',7,NULL,43,'10.128.114.119','2018-10-26 05:56:33'),(3784,1,'2018-10-26',4,3,'李小静','修改10006085信用额度','OA走S4_01流程，SS-GBM18000',7,NULL,43,'10.128.114.119','2018-10-26 07:50:43'),(3785,1,'2018-10-26',4,3,'许崇','增加客户北京一麦香城餐饮管理有限公司','MDM、SS、SAP',9,NULL,43,'10.128.115.128','2018-10-26 08:31:43'),(3786,1,'2018-10-29',4,3,'刘伟','10007984改为现销','OA走S4_01流程，SS-GBM18000',7,NULL,44,'10.128.114.119','2018-10-29 01:19:46'),(3787,1,'2018-10-29',2,7,'薄会双','物料系统采购单无法发送到SAP系统','采购单对应的供应商在SAP中0128中不存在，联系相关人员提交PG07',7,NULL,44,'10.128.114.119','2018-10-29 02:08:51'),(3788,1,'2018-10-29',2,5,'赵星楠','无法登陆SS系统','一层账号错误，，远程桌面协助',7,NULL,44,'10.128.114.119','2018-10-29 02:10:58'),(3789,1,'2018-10-29',4,1,'管凤仙','订单审核不过去','MDM、SS、SAP',9,NULL,44,'10.128.113.130','2018-10-29 02:20:13'),(3790,1,'2018-10-29',1,7,'肖谦','OA上传签章','OA上传签章',3,NULL,44,'10.128.115.131','2018-10-29 03:23:21'),(3791,1,'2018-10-29',1,7,'张翠林','OA上传签章','OA上传签章',3,NULL,44,'10.128.115.131','2018-10-29 03:24:12'),(3792,1,'2018-10-29',4,3,'秦鹏飞','修改10005344税号','查看SAP，苏州赛诺沃机械科技有限公司，存在两个，BP编码不同，联系SAP项目组停用',7,NULL,44,'10.128.114.119','2018-10-29 04:19:18'),(3793,1,'2018-10-29',2,7,'薄会双','51单据SS系统已记账，但SAP没有','SS-ITGS0100，手动将51发送到SAP',7,NULL,44,'10.128.114.119','2018-10-29 04:21:19'),(3794,1,'2018-10-29',8,1,'梁丽艳','600000000099948做耗用，PP01库存数量不对','WM库存存在负数，取消耗用单，WMM64000核销后重新做耗用',7,NULL,44,'10.128.114.119','2018-10-29 04:24:09'),(3795,1,'2018-10-29',4,3,'彭艳楠','添加供应商：郑州香雪儿食品有限公司','MDM、SS、SAP',7,NULL,44,'10.128.114.119','2018-10-29 07:12:19'),(3796,1,'2018-10-29',7,7,'廉络','农场发送43单据到sap提示000000000102901物料主数据不存在','详见BBS。',1,NULL,44,'10.128.112.254','2018-10-29 07:51:31'),(3797,1,'2018-10-29',4,2,'梁红伟','添加客户：上海宝燕网络科技有限公司天津一分公司','MDM、SS、SAP',7,NULL,44,'10.128.114.119','2018-10-30 00:49:39'),(3798,1,'2018-10-30',6,1,'包材库','411810G0220包材入库单在入库时报错了，WM确认入库下找不到','查询入库包材SS库存已增加，WM库存未增加，手动发送没有入库单，整理文档提交IA',7,NULL,44,'10.128.114.119','2018-10-30 00:51:42'),(3799,1,'2018-10-29',1,7,'管凤先','HB616004、HB302008、HN402006添加20430事业线','SS-GBM17000、GBM18000、DCM06000',7,NULL,44,'10.128.114.119','2018-10-30 01:06:37'),(3800,1,'2018-10-30',4,3,'王继伟','修改10006124客户名称','MDM-GBM15010、GBM15020；SS-GBM15000',7,NULL,44,'10.128.114.119','2018-10-30 01:18:38'),(3801,1,'2018-10-30',2,5,'朱文洋','删除蛋鸡场饲料盘点的64单子，选错日期','SS-STM01310',7,NULL,44,'10.128.114.119','2018-10-30 02:09:21'),(3802,1,'2018-10-30',3,7,'张晓磊','PG04-2018100439退回到提报人','OA强制收回',7,NULL,44,'10.128.114.119','2018-10-30 02:44:52'),(3803,1,'2018-10-30',9,5,'陈海波','单据打印里搜寻不到411302L003077入库单','子事业线和票据开立点重新选一下',7,NULL,44,'10.128.114.119','2018-10-30 03:06:02'),(3804,1,'2018-10-30',1,3,'苗雅迪','增加ss账号','增加ss账号',9,NULL,44,'10.128.113.130','2018-10-30 03:06:42'),(3805,1,'2018-10-30',6,1,'王国华','600000000124586包材WM系统库存不对','联系IA调整库存',7,NULL,44,'10.128.114.119','2018-10-30 05:58:30'),(3806,1,'2018-10-30',4,2,'于海洋','添加客户：北京福德源农业科技有限公司','MDM、SS、SAP',7,NULL,44,'10.128.114.119','2018-10-30 08:05:06'),(3807,1,'2018-10-30',4,2,'彭艳楠','添加客户：曼可顿食品（上海）有限公司','MDM、SS、SAP',7,NULL,44,'10.128.114.119','2018-10-30 08:05:30'),(3808,1,'2018-10-30',4,2,'周帅','添加客户：济宁岳华食品有限公司','MDM、SS、SAP',7,NULL,44,'10.128.114.119','2018-10-30 08:05:57'),(3809,1,'2018-10-30',3,7,'马云霞','SC06-2018585退回到申请人','OA强制收回',7,NULL,44,'10.128.114.119','2018-10-30 08:06:43'),(3810,1,'2018-10-30',1,7,'张宁','改日期','SS改日期',3,NULL,44,'10.128.113.251','2018-10-30 08:26:29'),(3811,1,'2018-10-30',1,7,'刘小二','A2系统日期超前','SS-GBM44800、GBM44I00',9,NULL,44,'10.128.113.130','2018-10-30 08:57:27'),(3812,1,'2018-10-30',1,5,'朱军','58100011对应车牌号提示库存不足','新入库产品，WMM58400确认入库后重新对应车牌号',7,NULL,44,'10.128.114.119','2018-10-31 01:40:35'),(3813,1,'2018-10-31',1,5,'陈晶伟','58100011对应车牌号提示库存不足','新入库产品，WMM58400确认入库后重新对应车牌号',7,NULL,44,'10.128.114.119','2018-10-31 01:41:01'),(3814,1,'2018-10-31',1,5,'杨燕','54604040订单分配界面库存大于实际库存','人为将PA移到正常仓位，造成PA仓位存在负数，将PA负数移到正常仓位进行核销',7,NULL,44,'10.128.114.119','2018-10-31 01:42:30'),(3815,1,'2018-10-31',4,2,'金雨莹','添加客户：宝宝爱吃分户（方庄、望京、马家堡）','MDM、SS、SAP',7,NULL,44,'10.128.114.119','2018-10-31 07:05:14'),(3816,1,'2018-10-31',2,7,'薄会双','物料系统采购单无法发送到SAP系统','将10009303供应商扩展到0128',7,NULL,44,'10.128.114.119','2018-10-31 07:27:32'),(3817,1,'2018-10-31',4,3,'蔡林木','增加客户 北京心畅商贸发展有限公司','MDM、SS、SAP',9,NULL,44,'10.128.114.143','2018-10-31 07:52:02'),(3818,1,'2018-10-31',4,3,'蔡林木','增加客户北京锦绣宏业商贸有限公司','MDM、SS、SAP',9,NULL,44,'10.128.114.143','2018-10-31 07:52:39'),(3819,1,'2018-10-31',1,7,'陈晶伟','58100011对应车牌号提示库存不足','将PG仓位移到正常仓位',7,NULL,44,'10.128.114.119','2018-10-31 08:56:30'),(3820,1,'2018-11-01',6,1,'高慧','13号分级日结后删除重打包数据，但系统未取消对应的71入库单','联系IA取消71入库单',7,NULL,44,'10.128.114.119','2018-11-01 05:12:06'),(3821,1,'2018-11-01',1,1,'刘晓二','SS与WM53501030库存不一致','提交程序员',3,NULL,44,'10.128.114.254','2018-11-01 06:36:13'),(3822,1,'2018-11-01',1,3,'刘翔贺','修改客户省市和区（14）','SS-GBM15000、MDM-GBM15000、MDM04000',7,NULL,44,'10.128.114.119','2018-11-01 07:58:36'),(3823,1,'2018-11-01',6,5,'郭金蕊','56091包材财务调完损耗后PP仓位还存在','调损耗选错仓位，选了PK仓位，应选PP，',7,NULL,44,'10.128.114.119','2018-11-01 08:39:16'),(3824,1,'2018-11-01',4,3,'秦鹏飞','修改银行账号','MDM、SS、SAP',9,NULL,44,'10.128.115.11','2018-11-01 08:45:54'),(3825,1,'2018-11-02',3,5,'韩东亮','签呈FY06-20181100033退回到申请人','OA-干预',1,NULL,44,'10.128.112.254','2018-11-02 01:31:22'),(3826,1,'2018-11-02',6,5,'王瑜善','删除11月1号50213010产品入库记录，单位设置错误','SS-EGM04110',7,NULL,44,'10.128.114.119','2018-11-02 01:35:54'),(3827,1,'2018-11-02',6,5,'王国华','分级1号日结中50213010数量与实际入库不符','查询WM库存，入库单选错日期，SS-EGM04110取消入库单重新入库',7,NULL,44,'10.128.114.119','2018-11-02 03:32:26'),(3828,1,'2018-11-02',1,1,'马红峪','订单分配后DCI01000下可查询到两条一样的50单','整理文档提交IA',7,NULL,44,'10.128.114.119','2018-11-02 05:20:00'),(3829,1,'2018-11-02',1,5,'苗雅迪','ss登不上去','更改密码',9,NULL,44,'10.128.115.128','2018-11-02 05:52:44'),(3830,1,'2018-11-02',4,2,'蔡林木','10133144华腾恒逸（北京）国际投资管理有限公司开户','MDM、SS、SAP',1,NULL,44,'10.128.112.254','2018-11-02 08:57:08'),(3831,1,'2018-11-03',4,3,'陈光','添加供应商：北京质友机械设备有限公司','查询SS和SAP已存在',7,NULL,44,'10.128.114.119','2018-11-04 03:06:14'),(3832,1,'2018-11-04',4,3,'郭丹','添加供应商：北京洪生通辉营销策划有限公司','MDM、SS、SAP',7,NULL,44,'10.128.114.119','2018-11-04 03:06:40'),(3833,1,'2018-11-04',6,5,'王瑜善','50213010入库包材扣重错误','产品包装重量和数量设置错误，SS-GBM66000、EGGM0710',7,NULL,44,'10.128.114.119','2018-11-04 08:26:53'),(3834,1,'2018-11-05',1,7,'张宁','64单据B402 单据日期超前','SS-GBM44800、GBM44I00',7,NULL,45,'10.128.114.119','2018-11-05 03:01:55'),(3835,1,'2018-11-05',4,3,'秦鹏飞','添加供应商：北京京恒智达五金机电有限公司','MDM、SS、SAP',7,NULL,45,'10.128.114.119','2018-11-05 03:47:23'),(3836,1,'2018-11-05',1,7,'马红峪','10127336修改通路','SS-GBM15000',7,NULL,45,'10.128.114.119','2018-11-05 03:47:53'),(3837,1,'2018-11-05',1,7,'马红峪','10127336添加20440、20450销售事业线','SS-GBM17000、GBM18000、DCM06000',7,NULL,45,'10.128.114.119','2018-11-05 03:48:23'),(3838,1,'2018-11-05',4,3,'张志刚','修改客户BJ301054中文名称','MDM-GBM15010、GBM15020；SS-GBM15000',7,NULL,45,'10.128.114.119','2018-11-05 06:56:27'),(3839,1,'2018-11-05',4,3,'张晓磊','添加供应商：北京万华智汇文化产业管理有限公司','MDM、SS、SAP',7,NULL,45,'10.128.114.119','2018-11-05 06:56:50'),(3840,1,'2018-11-05',4,7,'刘翔贺','修改10028475客户名称，去掉中文名称中“~”号','MDM-GBM15020、GBM15000、MDM04000',7,NULL,45,'10.128.114.119','2018-11-05 08:56:38'),(3841,1,'2018-11-06',5,7,'韩东亮','SS系统里没有99108，25%色氨酸这个原料代码','SS-总账-20-1，从上海服务器导入原料信息',1,NULL,45,'10.128.112.254','2018-11-06 01:10:33'),(3842,1,'2018-11-06',5,7,'韩东亮','10008378没有设置GBM2000','设置GBM20000A1',1,NULL,45,'10.128.112.254','2018-11-06 02:02:31'),(3843,1,'2018-11-06',4,3,'杜雪松','新增供应商浙江拜克生物科技有限公司','MDM、SS、SAP',9,NULL,45,'10.128.114.15','2018-11-06 03:35:33'),(3844,1,'2018-11-06',4,3,'李泽祥','添加供应商：吉林永辉超市有限公司','MDM-MDM04010，ZFI074',7,NULL,45,'10.128.114.119','2018-11-06 03:55:08'),(3845,1,'2018-11-06',4,3,'李泽祥','添加供应商：黑龙江永辉超市有限公司大庆万达广场店','MDM-MDM04010，ZFI074',7,NULL,45,'10.128.114.119','2018-11-06 03:55:48'),(3846,1,'2018-11-06',3,7,'魏陈','FY02签呈修改后重新提交提示“收款人未填写”','将报销人重新选择一下',7,NULL,45,'10.128.114.119','2018-11-06 05:40:07'),(3847,1,'2018-11-06',4,3,'李泽祥','维护客户黑龙江永辉超市有限公司哈西万达店银行信息','MDM、SS、SAP',9,NULL,45,'10.128.114.15','2018-11-06 05:41:04'),(3848,1,'2018-11-06',4,3,'李泽祥','维护客户黑龙江永辉超市有限公司齐齐哈尔建华万达店银行信息','MDM、SS、SAP',9,NULL,45,'10.128.114.15','2018-11-06 05:41:49'),(3849,1,'2018-11-06',4,3,'李泽祥','维护客户黑龙江永辉超市有限公司哈尔滨松北万达城店银行信息','MDM、SS、SAP',9,NULL,45,'10.128.114.15','2018-11-06 05:42:22'),(3850,1,'2018-11-06',4,3,'李泽祥','维护客户黑龙江永辉超市有限公司大庆经六街店银行信息','MDM、SS、SAP',9,NULL,45,'10.128.114.15','2018-11-06 05:42:56'),(3851,1,'2018-11-06',4,3,'李泽祥','维护客户黑龙江永辉超市有限公司佳木斯解放路店银行信息','MDM、SS、SAP',9,NULL,45,'10.128.114.15','2018-11-06 05:43:28'),(3852,1,'2018-11-06',4,3,'秦鹏飞','添加供应商：北京安合成友工程机械配件商店','MDM、SS、SAP',7,NULL,45,'10.128.114.119','2018-11-06 06:39:05'),(3853,1,'2018-11-06',4,3,'秦鹏飞','添加供应商河北奥森特科技有限公司','MDM、SS、SAP',9,NULL,45,'10.128.114.15','2018-11-06 07:07:07'),(3854,1,'2018-11-06',8,5,'梁丽艳','600000000099948查询库存为0，但D101日结中DRPP01仓位库存为40','WMM07000单位设置错误，按SS修改单位',7,NULL,45,'10.128.114.119','2018-11-06 07:40:42'),(3855,1,'2018-11-07',8,7,'朱军','D101仓库64日期超前','SS-GBM44800、GBM44I00',7,NULL,45,'10.128.114.119','2018-11-07 01:56:39'),(3856,1,'2018-11-07',1,3,'朱建敏','修改10073832送货地址和联系人','MDM-GBM15000、MDM04000',7,NULL,45,'10.128.114.119','2018-11-07 02:38:58'),(3857,1,'2018-11-07',3,5,'李爱芝','OA签呈提交时提示附件错误','换谷歌浏览器',7,NULL,45,'10.128.114.119','2018-11-07 04:03:07'),(3858,1,'2018-11-07',4,2,'马红峪','添加客户：	 正大电子商务（浙江）有限公司~廊坊万向城','MDM、SS、SAP',7,NULL,45,'10.128.114.119','2018-11-07 04:12:01'),(3859,1,'2018-11-07',5,7,'胡海杰','将T04筒仓对应豆粕筒仓改为对应酒糟筒仓','SS-STM19000',7,NULL,45,'10.128.114.119','2018-11-07 05:21:13'),(3860,1,'2018-11-07',6,5,'郭金蕊','2363、56091包材PP01仓位数量不正确','5号包材库未做退库，联系库房做退库',7,NULL,45,'10.128.114.119','2018-11-07 06:00:38'),(3861,1,'2018-11-07',2,5,'冯渊','北京华益、天津兴阳、北京嘉正采购单删除','SS-拦截采购单',1,NULL,45,'10.128.115.167','2018-11-07 08:01:18'),(3862,1,'2018-11-07',2,5,'冯渊','211317合阳县秦顺删除采购单','SS-采购单拦截',1,NULL,45,'10.128.115.167','2018-11-07 08:07:16'),(3863,1,'2018-11-08',4,3,'周帅','客户北京怡斯宝特开户','MDM、SS、SAP',9,NULL,45,'10.128.115.8','2018-11-08 00:34:07'),(3864,1,'2018-11-08',4,3,'吕俊玲','修改客户BJ101024中文名称','SS-GBM15000，联系SAP项目组重新设置信用额度，将分户中“总部”修改成新编码',7,NULL,45,'10.128.114.119','2018-11-08 01:23:20'),(3865,1,'2018-11-08',3,7,'马云霞','SC06-2018597撤回到申请人，修改内容','OA强制收回',7,NULL,45,'10.128.114.119','2018-11-08 02:47:10'),(3866,1,'2018-11-08',2,5,'朱琳','河北远征禾木药业有限公司，被冻结，要求恢复','SAP中该供应商有两个编码，用新编码',7,NULL,45,'10.128.114.119','2018-11-08 02:48:15'),(3867,1,'2018-11-08',3,5,'梁丽艳','PG08-2018110399退回到申请人，事业部主管选错了','OA强制收回',7,NULL,45,'10.128.114.119','2018-11-08 03:46:30'),(3868,1,'2018-11-08',3,7,'魏陈','打印FY02_1-20181100610签呈，不显示白洁白总签字','转发的意见不显示',7,NULL,45,'10.128.114.119','2018-11-08 06:12:46'),(3869,1,'2018-11-08',1,7,'魏小颖','华联订单SAP记账还记在旧编码上','联系SAP项目组将SAP华联冻结编码中SS系统编码删除',7,NULL,45,'10.128.114.119','2018-11-08 07:05:05'),(3870,1,'2018-11-08',1,7,'薄会双','修改910189通路','SS-GBM16000',7,NULL,45,'10.128.114.119','2018-11-08 07:36:01'),(3871,1,'2018-11-08',4,3,'刘伟','10006207由赊销改为现销','OA走S4_01流程，SS-GBM18000',7,NULL,45,'10.128.114.119','2018-11-08 07:55:51'),(3872,1,'2018-11-08',4,3,'刘伟','修改BJ302042客户SS系统名称，与SAP系统统一，统一为：北京蛋之初食品有限公司','MDM-GBM15030、SS-GBM15000',7,NULL,45,'10.128.114.119','2018-11-08 07:57:29'),(3873,1,'2018-11-08',4,3,'廉络','将客户10042754业务类型ZD05改为ZD01','MDM-GBM16000、MDM04000',7,NULL,45,'10.128.114.119','2018-11-08 07:58:47'),(3874,1,'2018-11-08',4,3,'廉络','将10006299客户类型ZD05改为ZD01','MDM-GBM16000、MDM04000',7,NULL,45,'10.128.114.119','2018-11-08 07:59:32'),(3875,1,'2018-11-09',4,3,'冯渊','添加供应商：饶阳县靖海福纸制品销售有限公司','MDM、SS、SAP',7,NULL,45,'10.128.114.119','2018-11-09 05:28:55'),(3876,1,'2018-11-09',2,5,'朱琳','211534北京向阳程茂，取消采购单','SS-采购单拦截',1,NULL,45,'10.128.112.254','2018-11-09 07:53:58'),(3877,1,'2018-11-09',8,5,'东方','入库单需要改日期','SS  44800',3,NULL,45,'10.128.115.181','2018-11-09 11:20:20'),(3878,1,'2018-11-10',1,7,'高敬欣','TJ302007客户20430事业线无法开立订单','TJ302007客户增加20430事业线信用额度',2,NULL,45,'10.128.115.214','2018-11-10 05:14:04'),(3879,1,'2018-11-11',1,7,'杨燕','对应车排号提示库存不足','对应库产品产品仓位移库',2,NULL,45,'10.128.115.214','2018-11-11 04:29:26'),(3880,1,'2018-11-11',1,7,'张宁','10122184找不到送货路线','DCM06000增加对应仓位的路线',2,NULL,45,'10.128.115.214','2018-11-11 07:59:29'),(3881,1,'2018-11-12',4,7,'韩东亮','A22423供应商在ss系统有，sap没有','登录MDM，重新发送此供应商',1,NULL,46,'10.128.112.254','2018-11-12 01:08:09'),(3882,1,'2018-11-12',2,7,'郭碧佳','发送41单据至SAP时提示A22423供应商在SAP中不存在','联系原料采购提交PG07',7,NULL,46,'10.128.114.119','2018-11-12 02:58:46'),(3883,1,'2018-11-12',8,7,'付国成','D101仓库64日期超前','SS-GBM44800、GBM44I00',7,NULL,46,'10.128.114.119','2018-11-12 02:59:28'),(3884,1,'2018-11-12',1,7,'张宁','B402日期超前','SS-GBM44800、GBM44I00',7,NULL,46,'10.128.114.119','2018-11-12 03:00:09'),(3885,1,'2018-11-12',1,3,'马红峪','10023226修改通路','SS-GBM16000',7,NULL,46,'10.128.114.119','2018-11-12 03:00:50'),(3886,1,'2018-11-12',2,3,'王涛','SAP生成收款凭证时提示10005536在0128中不存在','将10005536 MDM重发送至SS',7,NULL,46,'10.128.114.119','2018-11-12 03:03:30'),(3887,1,'2018-11-12',4,3,'秦鹏飞','添加供应商：上海航欧机电设备有限公司','MDM、SS、SAP',7,NULL,46,'10.128.114.119','2018-11-12 03:04:04'),(3888,1,'2018-11-12',4,2,'刘艳霞','添加客户：北京淏瀚非凡商贸有限责任公司','MDM、SS、SAP',7,NULL,46,'10.128.114.119','2018-11-12 03:04:28'),(3889,1,'2018-11-12',2,7,'田雅丽','无法登陆SS系统','重置密码',7,NULL,46,'10.128.114.119','2018-11-12 03:05:48'),(3890,1,'2018-11-12',2,7,'张宁','添加STI23000权限','PG07-天津销管组团添加STI23000权限，为其下SS账号重新赋PG07权限',7,NULL,46,'10.128.114.119','2018-11-12 03:21:30'),(3891,1,'2018-11-12',7,7,'王国华','需要农场权限','农场ADM开通所有权限',1,NULL,46,'10.128.112.254','2018-11-12 05:38:47'),(3892,1,'2018-11-12',4,2,'吕俊玲','添加客户：物美康庄路店','MDM、SS、SAP',7,NULL,46,'10.128.114.119','2018-11-12 06:34:51'),(3893,1,'2018-11-12',4,3,'赵帅','修改10007953信用额度','OA走S4_01流程，SS-GBM18000',7,NULL,46,'10.128.114.119','2018-11-12 06:36:30'),(3894,1,'2018-11-12',3,7,'石欣旺','刁庆龙离职OA事宜交接和注销','OA后台权限调整和注销',2,NULL,46,'10.128.113.99','2018-11-12 07:11:33'),(3895,1,'2018-11-12',3,5,'郭丹','FY01_1-20181101781金额填写错误需要退回','OA-退回',1,NULL,46,'10.128.112.254','2018-11-12 07:53:50'),(3896,1,'2018-11-12',3,5,'何平','删除PG31的31个，PG29的76个，PG28的 65个','OA-批量删除',1,NULL,46,'10.128.112.254','2018-11-12 08:37:51'),(3897,1,'2018-11-12',3,7,'崔荣荣','添加石珊OA账号','石珊OA账号已存在，重置密码',7,NULL,46,'10.128.114.119','2018-11-12 09:00:44'),(3898,1,'2018-11-13',2,5,'朱琳','SS系统密码忘记','重置密码。',1,NULL,46,'10.128.112.254','2018-11-13 03:53:59'),(3899,1,'2018-11-13',4,3,'于海洋','添加客户北京顶风针食品有限公司','MDM、SS、SAP',9,NULL,46,'10.128.113.243','2018-11-13 05:32:15'),(3900,1,'2018-11-13',3,7,'王玉明','把高慧添加到OA矩阵，查看相关流程','OA-矩阵管理',1,NULL,46,'10.128.112.254','2018-11-13 07:07:17'),(3901,1,'2018-11-14',4,3,'张立立','客户眉州更改供应商名称东坡餐饮管理（北京）有限公司','MDM、SS、SAP',9,NULL,46,'10.128.113.243','2018-11-14 01:31:23'),(3902,1,'2018-11-14',4,2,'李爱芝','添加客户：北京鲜蔬美商贸有限公司','MDM、SS、SAP',7,NULL,46,'10.128.114.119','2018-11-14 06:31:25'),(3903,1,'2018-11-14',4,5,'魏小颖','10121916客户不超期不超额，信审不自动通过，需手动批准','该客户SAP未设置信用额度',7,NULL,46,'10.128.114.119','2018-11-14 06:32:35'),(3904,1,'2018-11-14',3,7,'马云霞','SC06-2018592撤回到申请人，内容有修改','OA流程干预',7,NULL,46,'10.128.114.119','2018-11-14 06:33:43'),(3905,1,'2018-11-14',3,7,'马红峪','FY02_1-20181104642撤回到申请人','OA强制收回',7,NULL,46,'10.128.114.119','2018-11-14 06:34:19'),(3906,1,'2018-11-14',1,7,'魏小颖','50180504559单据SS系统已取消，但SAP系统记账凭证未取消','SS-RCI019S0，将50单重发送到SAP',7,NULL,46,'10.128.114.119','2018-11-14 06:35:52'),(3907,1,'2018-11-14',3,7,'刘艳霞','将李娜休和朱让让的签呈转移到张志刚下','将离职人员状态恢复，在将权限转移',7,NULL,46,'10.128.114.119','2018-11-14 07:59:45'),(3908,1,'2018-11-14',3,5,'郭丹','PG05-2018110593价格变动，需要退回','OA-流程干预',1,NULL,46,'10.128.112.254','2018-11-14 08:26:46'),(3909,1,'2018-11-14',1,1,'魏小颖','51单无法发送到SAP','删除单据重新开单',3,NULL,46,'10.128.113.227','2018-11-14 08:51:51'),(3910,1,'2018-11-14',1,7,'刘晓二','PG移库到PB','PG移库到PB',3,NULL,46,'10.128.113.227','2018-11-14 08:52:34'),(3911,1,'2018-11-14',1,1,'朱军','打印发货单报错','提交IA',3,NULL,46,'10.128.113.227','2018-11-14 08:53:09'),(3912,1,'2018-11-14',7,7,'赵琴琴','无法导入进鸡计划','设定处清空关闭日期',3,NULL,46,'10.128.113.227','2018-11-14 08:54:16'),(3913,1,'2018-11-14',1,7,'陈晶伟','对应车牌号报错','WM手动发送，58400确认',3,NULL,46,'10.128.113.227','2018-11-14 08:55:20'),(3914,1,'2018-11-15',4,3,'蔡林木','添加客户北京市颐和园管理处职工食堂','MDM、SS、SAP',9,NULL,46,'10.128.114.197','2018-11-15 01:40:56'),(3915,1,'2018-11-15',4,5,'刘伟','10096066、10096022供应商无法付款','银行账号填写错误，重新申请正确的银行账号',7,NULL,46,'10.128.114.119','2018-11-15 02:35:16'),(3916,1,'2018-11-15',2,7,'管凤先先','VPN连接不上','开通VPN权限',7,NULL,46,'10.128.114.119','2018-11-15 02:56:19'),(3917,1,'2018-11-15',1,7,'魏小颖','50171100181单据SS系统已取消，但SAP记账凭证未取消','SS-RCI019S0，将50单重发送到SAP',7,NULL,46,'10.128.114.119','2018-11-15 04:19:49'),(3918,1,'2018-11-15',4,5,'魏小颖','10041623赊销客户SAP未设置信用额度','OA中走s4_01',7,NULL,46,'10.128.114.119','2018-11-15 05:10:47'),(3919,1,'2018-11-15',1,7,'魏小颖','50单SS系统已取消，但SAP信审界面还有记录','将该客户记账修改为自己，重发送SAp',7,NULL,46,'10.128.114.119','2018-11-15 07:53:41'),(3920,1,'2018-11-15',4,3,'彭艳楠','修改10006202客户中文名称','MDM-GBM15010、GBM15020；SS-GBM15000',7,NULL,46,'10.128.114.119','2018-11-15 08:24:10'),(3921,1,'2018-11-15',4,3,'石欣旺','新增员工账号：HR298732-任义','OA中走s4_01，ZFI074添加银行账号信息',7,NULL,46,'10.128.114.119','2018-11-15 08:53:19'),(3922,1,'2018-11-15',1,7,'魏小颖','51单无法发送到SAP','更改GBM16000此户记账归属',3,NULL,46,'10.128.114.199','2018-11-15 08:55:00'),(3923,1,'2018-11-15',3,7,'马仁涛','创建固定资产报废申请表流程','OA-流程建立',1,NULL,46,'10.128.112.254','2018-11-15 08:56:50'),(3924,1,'2018-11-16',4,3,'朱琳','添加供应商：宿豫区惠佳商行','MDM、SS、SAP',7,NULL,46,'10.128.114.119','2018-11-16 03:00:25'),(3925,1,'2018-11-16',4,3,'张保英','添加员工账号：HR282711-陈晓青','OA中走s4_01，ZFI074添加银行账号信息',7,NULL,46,'10.128.114.119','2018-11-16 04:13:01'),(3926,1,'2018-11-16',4,2,'张宁','添加客户：天津农垦农产品有限公司','MDM、SS、SAP',7,NULL,46,'10.128.114.119','2018-11-16 07:05:51'),(3927,1,'2018-11-16',1,7,'张宁','B402仓库64单据超前','SS-GBM44800、GBM44I00',7,NULL,46,'10.128.114.119','2018-11-16 07:06:14'),(3928,1,'2018-11-16',4,3,'王艺','10008384添加账期，因无签呈，信用额度暂未设定','SS-GBM18000',7,NULL,46,'10.128.114.119','2018-11-16 08:02:13'),(3929,1,'2018-11-19',9,7,'黄贺群','62单据日期超前','SS-GBM44I00',7,NULL,47,'10.128.114.119','2018-11-19 02:51:54'),(3930,1,'2018-11-19',6,1,'高峰','领用包材报错','两种规格包材单独领用',9,NULL,47,'10.128.113.35','2018-11-19 04:12:01'),(3931,1,'2018-11-19',3,7,'张保英','陈晓青OA中未填上级领导','OA人事管理',7,NULL,47,'10.128.114.119','2018-11-19 04:18:55'),(3932,1,'2018-11-19',4,2,'李爱芝','添加客户：北京爱福超市有限公司','MDM、SS、SAP',7,NULL,47,'10.128.114.119','2018-11-19 04:19:36'),(3933,1,'2018-11-19',4,7,'刘艳霞','修改10006270客户信用额度','OA走S4_01流程，SS-GBM18000',7,NULL,47,'10.128.114.119','2018-11-19 05:09:44'),(3934,1,'2018-11-19',4,3,'王国华','修改10006270税号','MDM-GBM15010、GBM15020；SS-GBM15000',7,NULL,47,'10.128.114.119','2018-11-19 05:10:08'),(3935,1,'2018-11-19',4,2,'张立立','添加客户：北京明盛隆发商贸有限公司','MDM、SS、SAP',7,NULL,47,'10.128.114.119','2018-11-19 05:31:49'),(3936,1,'2018-11-19',3,1,'梁丽艳','TZ05-2018-1699预算外签呈中有预算编号和预算金额','因在申请时先选择的预算内做了保存，提交时改为了预算外，系统未清空预算编号和预算金额',7,NULL,47,'10.128.114.119','2018-11-19 06:33:42'),(3937,1,'2018-11-19',4,3,'郭丹','修改10008384信用额度','OA走S4_01流程，SS-GBM18000',7,NULL,47,'10.128.114.119','2018-11-19 07:12:17'),(3938,1,'2018-11-19',1,1,'魏小颖','50170402420单据SS系统已经取消，但SAP系统仍然占用信用额度','整理文档提交IA',7,NULL,47,'10.128.114.119','2018-11-19 07:13:36'),(3939,1,'2018-11-20',4,3,'王伟男','修改10006306信用额度','OA走S4_01流程，SS-GBM18000',7,NULL,47,'10.128.114.119','2018-11-20 02:27:48'),(3940,1,'2018-11-20',4,3,'许崇','变更银行信息','ZFI074',7,NULL,47,'10.128.114.119','2018-11-20 02:28:41'),(3941,1,'2018-11-20',4,2,'周帅','添加客户：沈阳怡斯宝特面包工业有限公司','MDM、SS、SAP',7,NULL,47,'10.128.114.119','2018-11-20 03:57:13'),(3942,1,'2018-11-20',1,1,'魏小颖','发送51单到SAP失败','GBM16000修改结帐归属',3,NULL,47,'10.128.113.150','2018-11-20 05:16:10'),(3943,1,'2018-11-20',1,1,'魏小颖','发货单走完，SAP还在占用金额','SAP相关单据打上出库标记',3,NULL,47,'10.128.113.150','2018-11-20 05:17:18'),(3944,1,'2018-11-20',1,7,'魏小颖','系统自动过的单据需要手动审核','SAP去掉审核有效期',3,NULL,47,'10.128.113.150','2018-11-20 05:18:43'),(3945,1,'2018-11-20',3,7,'刘翔鹤','创建：PG41-固定资产、在建工程-验收单','OA-流程',1,NULL,47,'10.128.112.254','2018-11-20 05:20:12'),(3946,1,'2018-11-21',4,3,'秦鹏飞','10133365更新银行账号','联系SAP停用老账号，ZFI074添加新账号',7,NULL,47,'10.128.114.119','2018-11-21 02:38:39'),(3947,1,'2018-11-21',4,3,'张宁','添加客户天津惠商供应链科技有限公司','MDM、SS、SAP',9,NULL,47,'10.128.114.31','2018-11-21 02:56:31'),(3948,1,'2018-11-21',1,3,'张宁','添加业务员：朱帅','MDM、SS、SAP',9,NULL,47,'10.128.114.31','2018-11-21 02:57:29'),(3949,1,'2018-11-21',4,2,'邓君平','添加客户：CPF HONG KONG COMPANY LIMITED','MDM、SS、SAP',7,NULL,47,'10.128.114.119','2018-11-21 05:02:23'),(3950,1,'2018-11-21',7,1,'朱琳','41入库单传输到SAP的金额是农场的双倍，SAP将赠品的金额也算到采购上了','联系农场IA秦培',7,NULL,47,'10.128.114.119','2018-11-21 06:33:12'),(3951,1,'2018-11-21',3,7,'许佳蕊','添加OA账号：许佳蕊','OA人事管理',7,NULL,47,'10.128.114.119','2018-11-21 08:33:07'),(3952,1,'2018-11-21',4,3,'张安','修改BJ502004客户名称','SS-GBM15000',7,NULL,47,'10.128.114.119','2018-11-21 08:33:53'),(3953,1,'2018-11-21',4,2,'邹盛东','添加客户：青青优农（北京）农产品贸易有限公司','MDM、SS、SAP',7,NULL,47,'10.128.114.119','2018-11-21 08:34:30'),(3954,1,'2018-11-22',4,2,'马红峪','添加客户：正大食品（徐州）有限公司山东分公司（无签呈，有王总孟总请示截图）','MDM、SS、SAP',7,NULL,47,'10.128.114.119','2018-11-22 05:11:18'),(3955,1,'2018-11-22',1,5,'陈龙辉','每日销售分析数据下找不到51181102713、51181102714单据','导出时忘取消事业线',7,NULL,47,'10.128.114.119','2018-11-22 05:14:41'),(3956,1,'2018-11-22',4,2,'邹盛东','添加客户：北京泰鲜达农产品有限公司','MDM、SS、SAP',7,NULL,47,'10.128.114.119','2018-11-22 07:13:17'),(3957,1,'2018-11-22',3,5,'张晓磊','FY02_1-20181107646退回到申请人','OA-流程干预',1,NULL,47,'10.128.112.254','2018-11-22 07:48:46'),(3958,1,'2018-11-22',7,1,'朱琳','两个药品疫苗的1688单子，一个到畜禽中心，一个到蛋鸡场','联系IA查询是什么原因导致单子不都进入蛋鸡场',1,NULL,47,'10.128.112.254','2018-11-22 08:11:17'),(3959,1,'2018-11-22',1,7,'刘晓二','删除72申请单','删除72申请单',3,NULL,47,'10.128.114.14','2018-11-22 09:08:17'),(3960,1,'2018-11-23',2,5,'朱琳','取消采购单E8441811200013','ss-系统取消订单审核',1,NULL,47,'10.128.112.254','2018-11-23 01:49:31'),(3961,1,'2018-11-22',9,5,'王国华','液蛋蛋黄、蛋白半成品8月期末库存与9月期初库存不符','因结账号有人操作了8月份的入库单，联系财务重新结转期末库存至期初',7,NULL,47,'10.128.114.119','2018-11-23 01:55:35'),(3962,1,'2018-11-23',4,3,'秦鹏飞','10133365付款银行名称错误','联系SAP停用，ZFI047重新申请',7,NULL,47,'10.128.114.119','2018-11-23 04:18:45'),(3963,1,'2018-11-26',4,3,'杨燕','更新付款银行账号','SAP-ZFI074',7,NULL,48,'10.128.114.119','2018-11-26 00:40:15'),(3964,1,'2018-11-26',4,3,'邓君平','添加供应商：正大电子商务（浙江）有限公司','MDM、SS、SAP',7,NULL,48,'10.128.114.119','2018-11-26 03:06:53'),(3965,1,'2018-11-26',7,1,'朱琳','药品600000000079110采购单请年假看不到','维护供应商，维护药品',1,NULL,48,'10.128.112.254','2018-11-26 03:15:53'),(3966,1,'2018-11-26',2,5,'朱琳','采购单作废E8441811090011','SS-拦截采购单',1,NULL,48,'10.128.112.254','2018-11-26 03:16:48'),(3967,1,'2018-11-26',3,7,'王国华','PG16账期客户开户添加单位','OA-流程维护',1,NULL,48,'10.128.112.254','2018-11-26 05:55:10'),(3968,1,'2018-11-26',4,2,'孙艺航','添加客户：呼和浩特市汇鑫园食品有限公司','MDM、SS、SAP',7,NULL,48,'10.128.114.119','2018-11-26 06:19:58'),(3969,1,'2018-11-26',4,3,'李建秋','更新付款银行账号','SAP-ZFI074',7,NULL,48,'10.128.114.119','2018-11-26 06:20:52'),(3970,1,'2018-11-26',4,3,'马红峪','添加供应商：朱建敏，用于报销','MDM、SS、SAP',7,NULL,48,'10.128.114.119','2018-11-26 06:32:20'),(3971,1,'2018-11-26',4,3,'马红峪','添加供应商：管凤先，用于报销','MDM、SS、SAP',7,NULL,48,'10.128.114.119','2018-11-26 06:32:53'),(3972,1,'2018-11-26',3,7,'邓君平','FY02_1-20181108514退回到申请人','OA强制收回',7,NULL,48,'10.128.114.119','2018-11-26 06:36:35'),(3973,1,'2018-11-26',3,7,'崔进争','FY05_1A-20181101315退回到申请人，修改内容','OA强制收回',7,NULL,48,'10.128.114.119','2018-11-26 07:03:07'),(3974,1,'2018-11-26',3,7,'崔进争','FY05_1A-20181101318、FY0、20181101317退回到申请人，增加王总会签','OA强制收回',7,NULL,48,'10.128.114.119','2018-11-26 07:08:13'),(3975,1,'2018-11-26',2,5,'朱琳','采购单E8441811090010拦截','SS-采购单拦截',1,NULL,48,'10.128.112.254','2018-11-26 08:04:46'),(3976,1,'2018-11-27',4,3,'孙艺航','修改 10135083客户信用额度','OA走S4_01流程，SS-GBM18000',7,NULL,48,'10.128.114.119','2018-11-27 07:56:37'),(3977,1,'2018-11-27',3,7,'刘艳霞','手机版OA中人员无法显示','卸载APP重新安装最新版',7,NULL,48,'10.128.114.119','2018-11-27 07:57:34'),(3978,1,'2018-11-27',1,1,'魏小颖','50171204774单据SS系统已取消，但SAP仍然占用信用额度','ITGS0100恢复作废，RCI019S0重新发送',7,NULL,48,'10.128.114.119','2018-11-27 08:00:30'),(3979,1,'2018-11-27',4,3,'刘艳霞','西贝汇通改为西贝天然派','SAp中已存在西贝天然派，要求业务确认是否重新开户',7,NULL,48,'10.128.114.119','2018-11-27 08:02:14'),(3980,1,'2018-11-28',4,3,'杨立红','新增员工账号：HR305995-杨立红','OA中走s4_01，ZFI074添加银行账号信息',7,NULL,48,'10.128.114.119','2018-11-28 02:47:42'),(3981,1,'2018-11-28',4,7,'魏小颖','永旺商业有限公司天津和平路分公司维护额度','永旺商业有限公司天津和平路分公司维护额度',3,NULL,48,'10.128.113.183','2018-11-28 03:24:10'),(3982,1,'2018-11-28',7,7,'张鹏','农场发送41单提示702000115主数据不存在','BBS有详细方法',1,NULL,48,'192.128.100.73','2018-11-28 06:19:24'),(3983,1,'2018-11-28',1,1,'杨燕','确认发货报错','恢复单据重新对应车牌号（重新对应前将报错产品移到PB仓位）',7,NULL,48,'10.128.114.119','2018-11-28 07:55:16'),(3984,1,'2018-11-28',1,7,'杨燕','50219001产品WM库存箱数量为负数','联系IA调整库存',7,NULL,48,'10.128.114.119','2018-11-28 08:06:16'),(3985,1,'2018-11-29',4,3,'张晓磊','增加供应商北京稷福守建筑工程有限公司','MDM、SS、SAP',9,NULL,48,'10.128.114.33','2018-11-29 01:28:13'),(3986,1,'2018-11-29',9,7,'黄贺群','取消621811L00028单据','SS-EGU01000恢复打印、STM14011',7,NULL,48,'10.128.114.119','2018-11-29 03:44:45'),(3987,1,'2018-11-29',4,2,'周帅','添加客户：天津怡斯宝特面包工业有限公司','MDM、SS、SAP',7,NULL,48,'10.128.114.119','2018-11-29 07:12:10'),(3988,1,'2018-11-29',9,7,'黄贺群','62单据日期超前','SS-GBM44I00',7,NULL,48,'10.128.114.119','2018-11-29 07:50:44'),(3989,1,'2018-11-30',2,7,'薄会双','物料采购发送到SAP提示10120221在0128不存在','MDM-MDM04010',7,NULL,48,'10.128.114.119','2018-11-30 01:40:54'),(3990,1,'2018-11-30',4,3,'杜雪松','添加供应商：广州立达尔生物科技股份有限公司','MDM、SS、SAP',7,NULL,48,'10.128.114.119','2018-11-30 05:19:37'),(3991,1,'2018-11-30',5,5,'蔡德华','电脑重启，抓拍画面花屏','初始化摄像头程序，重新打开抓拍程序',1,NULL,48,'10.128.112.254','2018-11-30 07:07:36'),(3992,1,'2018-11-30',2,7,'冯渊','上海VPN忘记密码','CPC联系马玉霞重置密码',7,NULL,48,'10.128.114.119','2018-11-30 07:17:28'),(3993,1,'2018-11-30',9,1,'黄鹤群','要求标签不走PO单，走62领用','GBM66000将标签取消自动领用，但取消后，日结中取不到耗用，联系IA修改程序',7,NULL,48,'10.128.114.119','2018-11-30 07:21:31'),(3994,1,'2018-11-30',4,2,'吕俊玲','添加客户：北京超市发连锁股份有限公司~车公庄店','MDM、SS、SAP',7,NULL,48,'10.128.114.119','2018-11-30 08:00:20'),(3995,1,'2018-11-30',4,3,'刘伟','修改10071832客户名称，改为北京永辉超市有限公司~会员店','MDM-MDM04000、GBM15000',7,NULL,48,'10.128.114.119','2018-11-30 08:38:30'),(3996,1,'2018-11-30',4,3,'吕俊玲','修改10135510客户名称','MDM-GBM15000、MDM04000',7,NULL,48,'10.128.114.119','2018-11-30 08:39:10'),(3997,1,'2018-12-02',5,5,'韩东亮','忘记SS密码','重新设置密码',3,NULL,48,'10.128.114.176','2018-12-02 06:06:40'),(3998,1,'2018-12-02',1,7,'朱军','打印机发货单提示日期超前','修改发货单日期',3,NULL,48,'10.128.114.176','2018-12-02 06:40:54'),(3999,1,'2018-12-02',6,7,'宋宇航','车间手工记录损耗与系统不一致','财务调帐',3,NULL,48,'10.128.114.176','2018-12-02 06:42:07'),(4000,1,'2018-12-02',3,7,'杨燕','OA提交跳过上级领导','完成OA资料',3,NULL,48,'10.128.114.176','2018-12-02 06:43:38'),(4001,1,'2018-12-02',1,7,'冯渊','包材无法入库','GBM2000完善供应商资料',3,NULL,48,'10.128.114.176','2018-12-02 06:45:21'),(4002,1,'2018-12-03',1,7,'刘伟','将客户改为暂停状态，停止发货（10008725、10008741、10041248、1007156）','SS-GBM15000',7,NULL,49,'10.128.114.119','2018-12-03 06:34:54'),(4003,1,'2018-12-03',1,5,'魏小颖','SH302002客户超期，信审壳蛋单子能自动，液蛋单子不能自动过','1、账期设置错误（账期为45天，系统设置为90天）、2、不能过的液蛋单子超额',7,NULL,49,'10.128.114.119','2018-12-03 07:27:37'),(4004,1,'2018-12-03',1,7,'王国华','修改SH302002账期','SS-GBM18000',7,NULL,49,'10.128.114.119','2018-12-03 07:29:04'),(4005,1,'2018-12-03',4,3,'周帅','添加供应商：杭州速然运输有限公司','MDM、SS、SAP',7,NULL,49,'10.128.114.119','2018-12-03 08:37:27'),(4006,1,'2018-12-04',4,3,'杜雪松','添加供应商新乐市益红货运中心','MDM、SS、SAP',9,NULL,49,'10.128.114.33','2018-12-04 04:12:02'),(4007,1,'2018-12-04',4,3,'孙艺航','添加供应商 甘肃汇鑫园食品有限公司','MDM、SS、SAP',9,NULL,49,'10.128.114.33','2018-12-04 04:13:16'),(4008,1,'2018-12-04',4,3,'刘艳霞','添加客户北京馨环农业科技开发有限公司','MDM、SS、SAP',9,NULL,49,'10.128.114.33','2018-12-04 04:14:38'),(4009,1,'2018-12-04',4,2,'刘艳霞','添加客户：北京西贝天然派供应链管理有限公司','MDM、SS、SAP',7,NULL,49,'10.128.114.119','2018-12-04 05:33:35'),(4010,1,'2018-12-04',1,1,'魏小颖','50单SS系统已取消，但SAP信审界面还有记录','SS-RCI019S0，将50单重发送到SAP',7,NULL,49,'10.128.114.119','2018-12-04 07:26:16'),(4011,1,'2018-12-04',1,1,'魏小颖','50单已生成51，但信审界面还占用额度','联系IA处理',7,NULL,49,'10.128.114.119','2018-12-04 07:26:59'),(4012,1,'2018-12-04',1,7,'张宁','B402仓库64单据超前','SS-GBM44800、GBM44I00',7,NULL,49,'10.128.114.119','2018-12-04 07:32:26'),(4013,1,'2018-12-04',6,7,'杨燕','53503017产品在PA仓位','手动将61单发送WM系统',7,NULL,49,'10.128.114.119','2018-12-04 07:34:39'),(4014,1,'2018-12-04',3,5,'阴攀','SC06-2018616退回到申请人','OA-流程干预',1,NULL,49,'10.128.112.254','2018-12-04 08:53:21'),(4015,1,'2018-12-05',4,3,'于海洋','10007345修改信用额度','OA走S4_01流程，SS-GBM18000',7,NULL,49,'10.128.114.119','2018-12-05 00:50:55'),(4016,1,'2018-12-05',4,3,'秦鹏飞','添加供应商：北京市顺义福鑫源建材商店','MDM、SS、SAP',7,NULL,49,'10.128.114.119','2018-12-05 01:40:34'),(4017,1,'2018-12-05',3,1,'何雪琴','FY01_1-20181103262流程走完，没有在sap生成凭证','流程退回到费用会计，重新审批，用chrome浏览器',1,NULL,49,'10.128.112.254','2018-12-05 01:43:30'),(4018,1,'2018-12-05',3,7,'石欣旺','注销OA账号：黄玉婷','OA人事管理',7,NULL,49,'10.128.114.119','2018-12-05 02:18:23'),(4019,1,'2018-12-05',1,7,'张宁','10072539增加B402始发仓位','SS-DCM06000',7,NULL,49,'10.128.114.119','2018-12-05 03:07:31'),(4020,1,'2018-12-05',4,3,'李淑贤','添加供应商北京慧普企业管理有限公司','MDM、SS、SAP',9,NULL,49,'10.128.114.33','2018-12-05 04:05:48'),(4021,1,'2018-12-05',2,7,'高慧','设置600000000101795辅料税率，用于PUM03900调整金额','SS-GBM29000、GBM15000',7,NULL,49,'10.128.114.119','2018-12-05 07:10:02'),(4022,1,'2018-12-05',3,5,'魏陈','FY02_1-20181200980退回到申请人，选错审批二级领导','OA强制收回',7,NULL,49,'10.128.114.119','2018-12-05 08:49:25'),(4023,1,'2018-12-06',2,7,'马仁涛','重置SS系统yangs一层账号密码','重置密码',7,NULL,49,'10.128.114.119','2018-12-06 01:50:00'),(4024,1,'2018-12-06',4,3,'张保英','添加员工账号：HR249533-杨健波','OA中走s4_01，ZFI074添加银行账号信息',7,NULL,49,'10.128.114.119','2018-12-06 01:51:30'),(4025,1,'2018-12-06',9,7,'黄贺群','日结58100020产品包材耗用数量不正确','重新设置装箱标准和产品包装重量和数量',7,NULL,49,'10.128.114.119','2018-12-06 02:06:12'),(4026,1,'2018-12-06',7,7,'朱琳','物料采购单E414接口信息是20420，应该是20422','联系苏亚欣修改',1,NULL,49,'10.128.112.254','2018-12-06 02:27:12'),(4027,1,'2018-12-06',4,3,'于海洋','增加供应商北京曼可顿食品科技有限公司','MDM、SS、SAP',9,NULL,49,'10.128.114.33','2018-12-06 05:08:37'),(4028,1,'2018-12-06',4,3,'于海洋','增加供应商北京星物语食品有限公司','MDM、SS、SAP',9,NULL,49,'10.128.114.33','2018-12-06 05:09:05'),(4029,1,'2018-12-06',4,3,'于海洋','增加供应商四川曼可顿食品有限公司','MDM、SS、SAP',9,NULL,49,'10.128.114.33','2018-12-06 05:09:39'),(4030,1,'2018-12-06',1,7,'李虹宇','B702仓库64单据超前','SS-GBM44800、GBM44I00',7,NULL,49,'10.128.114.119','2018-12-06 06:17:24'),(4031,1,'2018-12-06',3,5,'梁丽艳','TZ05-2018-1796、TZ05-2018-1795退回到申请人，金额两个签呈填反','OA强制收回',7,NULL,49,'10.128.114.119','2018-12-06 07:07:11'),(4032,1,'2018-12-06',4,3,'李小静','添加供应商：张锁','MDM、SS、SAP',7,NULL,49,'10.128.114.119','2018-12-06 07:51:14'),(4033,1,'2018-12-06',4,7,'王志超','修改10006176税号','联系IA停用老税号，GBM15010、GBM15020',7,NULL,49,'10.128.114.119','2018-12-06 09:00:29'),(4034,1,'2018-12-07',4,3,'闫宜','10126511增加付款银行账号','SAP-ZFI074',7,NULL,49,'10.128.114.119','2018-12-07 01:49:34'),(4035,1,'2018-12-07',1,5,'杜爱宇','SS系统二层账号无法登陆','选错UAT，应选Product',7,NULL,49,'10.128.114.119','2018-12-07 01:55:33'),(4036,1,'2018-12-07',4,3,'张栋','添加员工账号：HR306209-张栋','OA中走s4_01，ZFI074添加银行账号信息',7,NULL,49,'10.128.114.119','2018-12-07 08:10:29'),(4037,1,'2018-12-07',4,3,'张翠林','添加员工账号：张翠林-HR306224','OA中走s4_01，ZFI074添加银行账号信息',7,NULL,49,'10.128.114.119','2018-12-07 08:11:03'),(4038,1,'2018-12-07',4,3,'肖谦','添加员工账号：肖谦-HR305344','OA中走s4_01，ZFI074添加银行账号信息',7,NULL,49,'10.128.114.119','2018-12-07 08:11:34'),(4039,1,'2018-12-09',9,5,'杨学会','删除65单','MDM、SS、SAP',9,NULL,49,'10.128.114.46','2018-12-09 02:21:21'),(4040,1,'2018-12-09',9,5,'杨学会','删除62单','MDM、SS、SAP',9,NULL,49,'10.128.114.46','2018-12-09 02:21:51'),(4041,1,'2018-12-09',4,2,'刘洋','添加客户	 唯美动力（北京）科贸有限公司','MDM、SS、SAP',9,NULL,49,'10.128.114.46','2018-12-09 02:23:09'),(4042,1,'2018-12-10',1,7,'张宁','B402仓库64单据超前','SS-GBM44800、GBM44I00',7,NULL,50,'10.128.114.119','2018-12-10 01:42:00'),(4043,1,'2018-12-10',4,3,'刘翔鹤','修改10041247、10008335业务伙伴类型','MDM-GBM15010、GBM15020',7,NULL,50,'10.128.114.119','2018-12-10 04:07:49'),(4044,1,'2018-12-10',4,2,'张立立','添加客户：北京苏顺疏康商贸有限公司','MDM、SS、SAP',7,NULL,50,'10.128.114.119','2018-12-10 05:22:03'),(4045,1,'2018-12-10',1,7,'杜爱宇','BJ302061添加B702始发仓位','SS-DCM06000',7,NULL,50,'10.128.114.119','2018-12-10 05:49:36'),(4046,1,'2018-12-10',6,1,'刘晓二','51004090产品重打包申请4箱，可确认只能确认一箱','联系IA修改WM系统产品重量',7,NULL,50,'10.128.114.119','2018-12-10 07:56:37'),(4047,1,'2018-12-10',1,7,'吕俊玲','修改10135510业务员','SS-GBM23100',7,NULL,50,'10.128.114.119','2018-12-10 07:57:33'),(4048,1,'2018-12-10',1,1,'金雨莹','BJ306006发货单不显示备注信息','备注信息中含有回车符，联系IA处理',7,NULL,50,'10.128.114.119','2018-12-10 07:58:23'),(4049,1,'2018-12-10',1,7,'杜爱宇','53503017入库144，可订单分配界面库存为1','SS手动发送61至WM，WMM58400确认入库',7,NULL,50,'10.128.114.119','2018-12-10 09:00:43'),(4050,1,'2018-12-10',1,5,'杨燕','53503017订单分配界面库存大于实际库存','人为将PA移到正常仓位，造成PA仓位存在负数，将PA负数移到正常仓位进行核销',7,NULL,50,'10.128.114.119','2018-12-10 09:01:57'),(4051,1,'2018-12-11',3,7,'张保英','修改杨健波上级主管','OA人事管理',7,NULL,50,'10.128.114.119','2018-12-11 01:28:02'),(4052,1,'2018-12-11',3,7,'张栋','FY01提交提示流程流转错误','设置审批级别（一般员工）',7,NULL,50,'10.128.114.119','2018-12-11 03:42:21'),(4053,1,'2018-12-11',1,3,'薄会双','修改BJ101004M9通路','SS-GBM16000',7,NULL,50,'10.128.114.119','2018-12-11 05:01:33'),(4054,1,'2018-12-11',4,2,'李小静','添加客户：邬春锋','MDM、SS、SAP',7,NULL,50,'10.128.114.119','2018-12-11 07:14:17'),(4055,1,'2018-12-12',4,3,'廉络','10005548扩展为供应商','MDM-MDM04010',7,NULL,50,'10.128.114.119','2018-12-12 03:26:47'),(4056,1,'2018-12-12',3,7,'孙睿','FY05签呈提交错误','重新选择供应商，收款人为空',7,NULL,50,'10.128.114.119','2018-12-12 03:50:45'),(4057,1,'2018-12-12',6,7,'刘晓二','取消重打包申请单：721812P000003、721812P000004','SS-STM15000、STM14002',7,NULL,50,'10.128.114.119','2018-12-12 03:53:37'),(4058,1,'2018-12-12',3,7,'王国华','添加客户状态变更流程，对账组使用','OA流程搭建，PG42',7,NULL,50,'10.128.114.119','2018-12-12 04:17:25'),(4059,1,'2018-12-12',4,3,'彭艳楠','添加客户：广州曼可顿食品有限公司','MDM、SS、SAP',9,NULL,50,'10.128.114.46','2018-12-12 06:36:52'),(4060,1,'2018-12-12',4,3,'周帅','添加客户：大连美益食品有限公司','MDM、SS、SAP',9,NULL,50,'10.128.114.46','2018-12-12 06:37:37'),(4061,1,'2018-12-12',4,2,'吕俊玲','添加客户：中方广场物美、神威北路物美、燕兴街物美','MDM、SS、SAP',7,NULL,50,'10.128.114.119','2018-12-12 06:42:07'),(4062,1,'2018-12-12',5,7,'韩东亮','SAP发票校验下找不到A13500供应商121月份的采购单','A13500付款记在A11018下',7,NULL,50,'10.128.114.119','2018-12-12 06:43:54'),(4063,1,'2018-12-12',4,3,'韩东亮','A13500付款记在自己上','OA走S4_01流程取消“总部”项设置',7,NULL,50,'10.128.114.119','2018-12-12 06:45:20'),(4064,1,'2018-12-13',4,3,'卢林','新增员工：卢林','MDM、SS、SAP',9,NULL,50,'10.128.113.7','2018-12-13 01:04:26'),(4065,1,'2018-12-13',1,7,'魏小颖','10126478物美分户记账记在分户上','SS-GBM16000',7,NULL,50,'10.128.114.119','2018-12-13 05:21:48'),(4066,1,'2018-12-13',1,1,'魏小颖','调整16年51单据，53调减发送SAP失败，52发送成功','联系SAP项目组手动添加16年51单据XML',7,NULL,50,'10.128.114.119','2018-12-13 05:33:52'),(4067,1,'2018-12-13',1,3,'彭艳楠','BJ304002添加20440事业线','SS-GBM17000、GBM18000、DCM06000',7,NULL,50,'10.128.114.119','2018-12-13 05:34:27'),(4068,1,'2018-12-13',4,3,'张保英','将910846扩展到0128','MDM-MDM04010',7,NULL,50,'10.128.114.119','2018-12-13 05:46:32'),(4069,1,'2018-12-13',4,3,'赵佳丽','添加供应商：维正知识产权服务有限公司','MDM、SS、SAP',9,NULL,50,'10.128.113.7','2018-12-13 09:04:43'),(4070,1,'2018-12-13',4,3,'秦鹏飞','增加供应商：震坤行工业超市（上海）有限公司','MDM、SS、SAP',9,NULL,50,'10.128.113.7','2018-12-13 09:05:48'),(4071,2,'2018-12-13',1,5,'陈杰','删除重打包单据','SS',3,NULL,50,'10.128.115.248','2018-12-13 09:07:04'),(4072,1,'2018-12-13',4,3,'卢林','增加员工：卢林','MDM、SS、SAP',9,NULL,50,'10.128.113.7','2018-12-13 09:07:34'),(4073,1,'2018-12-13',6,5,'王云','忘记SS密码','重新设定密码',3,NULL,50,'10.128.115.248','2018-12-13 09:07:53'),(4074,1,'2018-12-13',4,3,'吕俊玲','添加客户：北京物美超市有限公司隆达路物美','MDM、SS、SAP',9,NULL,50,'10.128.113.7','2018-12-13 09:09:48'),(4075,1,'2018-12-13',4,3,'杨建','添加客户：萤吧（广州）商贸有限公司','MDM、SS、SAP',9,NULL,50,'10.128.113.7','2018-12-13 09:11:43'),(4076,1,'2018-12-14',5,3,'杜雪松','取消A23131大庆博润生物科技有限公司的总部关联','提交OA-S4_01-客户供应商运维',1,NULL,50,'10.128.112.254','2018-12-14 00:43:27'),(4077,1,'2018-12-14',3,5,'蔡得华','签呈TZ03-2018-364没有选择相应的领导','退回到申请人',1,NULL,50,'10.128.112.254','2018-12-14 01:08:22'),(4078,1,'2018-12-14',9,5,'赵伟','取消液蛋原料蛋申请单6518121000050','SS-STM14001',7,NULL,50,'10.128.114.119','2018-12-14 02:16:43'),(4079,1,'2018-12-14',4,3,'张鹏','将10004738、10134262扩展到0128供应商','MDM-MDM04010',7,NULL,50,'10.128.114.119','2018-12-14 02:17:59'),(4080,1,'2018-12-14',3,7,'张保英','PG24-2018121139退货到申请人','OA强制收回',7,NULL,50,'10.128.114.119','2018-12-14 02:19:35'),(4081,1,'2018-12-14',4,2,'吕俊玲','添加客户：京港城物美、庑殿路物美','MDM、SS、SAP',7,NULL,50,'10.128.114.119','2018-12-14 07:03:29'),(4082,1,'2018-12-14',4,3,'冯渊','添加供应商：廊坊市安次区落垡锦阳纸制品加工厂','MDM、SS、SAP',7,NULL,50,'10.128.114.119','2018-12-14 08:56:17'),(4083,1,'2018-12-16',1,7,'冯渊','10008752修改客户送货地址','MDM修改和审核',2,NULL,50,'10.128.114.30','2018-12-16 03:01:37'),(4084,1,'2018-12-16',9,5,'张学会','62领用单取消，库存不够','SS恢复和取消',2,NULL,50,'10.128.114.30','2018-12-16 03:03:16'),(4085,1,'2018-12-16',1,5,'金雨莹','BJ614010客户状态修改为正常','GBM15000，之前缺合同',2,NULL,50,'10.128.114.30','2018-12-16 08:18:05'),(4086,1,'2018-12-17',4,7,'刘伟','10006093赊销变现销','OA走S4_01流程，SS-GBM18000',7,NULL,51,'10.128.114.119','2018-12-17 02:46:05'),(4087,1,'2018-12-17',3,7,'彭艳楠','将李斌报销公司改为北京正大','OA人事管理',7,NULL,51,'10.128.114.119','2018-12-17 03:22:28'),(4088,1,'2018-12-17',4,2,'杜雪松','更新A13500付款银行账号','SAP-ZFI074',7,NULL,51,'10.128.114.119','2018-12-17 06:07:01'),(4089,1,'2018-12-18',4,3,'张宁','添加供应商：葛宝明','MDM、SS、SAP',7,NULL,51,'10.128.114.119','2018-12-18 00:51:22'),(4090,1,'2018-12-18',4,3,'张宁','添加供应商：晏福东','MDM、SS、SAP',7,NULL,51,'10.128.114.119','2018-12-18 00:51:46'),(4091,1,'2018-12-18',3,7,'王玉明','费用会计和应付会计添加张珺轩','OA，矩阵管理添加',1,NULL,51,'10.128.112.254','2018-12-18 01:08:32'),(4092,1,'2018-12-18',1,7,'张宁','B402仓库64单据超前','SS-GBM44800、GBM44I00',7,NULL,51,'10.128.114.119','2018-12-18 02:04:22'),(4093,1,'2018-12-18',3,5,'张晓磊','PG10-2018121163合同有问题需要退回','OA-流程干预',1,NULL,51,'10.128.112.254','2018-12-18 02:10:47'),(4094,1,'2018-12-18',4,3,'李小静','修改10132910客户简称','MDM-GBM15000、MDM04000',7,NULL,51,'10.128.114.119','2018-12-18 02:41:08'),(4095,1,'2018-12-18',4,3,'李小静','修改10132909、10132911客户简称','MDM-GBM15000、MDM04000',7,NULL,51,'10.128.114.119','2018-12-18 02:49:34'),(4096,1,'2018-12-18',4,3,'张宁','添加供应商：韩超月','MDM、SS、SAP',7,NULL,51,'10.128.114.119','2018-12-18 03:17:56'),(4097,1,'2018-12-18',3,7,'马仁涛','朱金金上级主管修改成自己','OA-人事',1,NULL,51,'10.128.112.254','2018-12-18 05:40:10'),(4098,1,'2018-12-18',1,7,'魏小颖','10006306不超期不超额，订单需要手动信审','需手工信审的单据在回款入账之前下的订单，只需将单据重新保存一下',7,NULL,51,'10.128.114.119','2018-12-18 05:47:17'),(4099,1,'2018-12-18',4,3,'刘阳','10008725重新开户（PG42-2018120002）','MDM-GBM15000、MDM04000，现销户',7,NULL,51,'10.128.114.119','2018-12-18 08:13:41'),(4100,1,'2018-12-18',3,5,'秦鹏飞','PG18-2018120545人员选择错误','OA-干预',1,NULL,51,'10.128.112.254','2018-12-18 08:15:12'),(4101,2,'2018-12-18',3,7,'陈杰','CX05、CX11、CX14、CX15、CX16、CX25、CX27','CX28、CX23、CX35、CX36慈溪流程添加营销总监节点',1,NULL,51,'10.128.112.254','2018-12-18 08:49:34');
/*!40000 ALTER TABLE `system_problem` ENABLE KEYS */;
UNLOCK TABLES;

--
-- Table structure for table `system_types`
--

DROP TABLE IF EXISTS `system_types`;
/*!40101 SET @saved_cs_client     = @@character_set_client */;
/*!40101 SET character_set_client = utf8 */;
CREATE TABLE `system_types` (
  `s_id` int(5) unsigned NOT NULL AUTO_INCREMENT COMMENT '系统类型ID',
  `system_type` char(20) DEFAULT NULL COMMENT '系统类型',
  PRIMARY KEY (`s_id`)
) ENGINE=MyISAM AUTO_INCREMENT=101 DEFAULT CHARSET=utf8 COMMENT='系统类型';
/*!40101 SET character_set_client = @saved_cs_client */;

--
-- Dumping data for table `system_types`
--

LOCK TABLES `system_types` WRITE;
/*!40000 ALTER TABLE `system_types` DISABLE KEYS */;
INSERT INTO `system_types` VALUES (1,'程序问题'),(2,'客户开户'),(3,'客商物料维护'),(5,'人为因素'),(7,'系统维护');
/*!40000 ALTER TABLE `system_types` ENABLE KEYS */;
UNLOCK TABLES;

--
-- Table structure for table `user`
--

DROP TABLE IF EXISTS `user`;
/*!40101 SET @saved_cs_client     = @@character_set_client */;
/*!40101 SET character_set_client = utf8 */;
CREATE TABLE `user` (
  `id` int(5) unsigned NOT NULL AUTO_INCREMENT COMMENT '员工id',
  `name` char(12) NOT NULL COMMENT '工员名字',
  `a_id` int(5) unsigned NOT NULL COMMENT '地区ID',
  `status` int(5) unsigned NOT NULL COMMENT '状态',
  PRIMARY KEY (`id`)
) ENGINE=MyISAM AUTO_INCREMENT=12 DEFAULT CHARSET=utf8 COMMENT='it员工表';
/*!40101 SET character_set_client = @saved_cs_client */;

--
-- Dumping data for table `user`
--

LOCK TABLES `user` WRITE;
/*!40000 ALTER TABLE `user` DISABLE KEYS */;
INSERT INTO `user` VALUES (1,'胡海杰',1,1),(2,'马仁涛',1,1),(3,'刘永银',1,1),(4,'髙君',1,0),(5,'张丽',1,0),(6,'韩峥辉',2,0),(7,'王国华',1,1),(8,'郝永超',1,0),(9,'王志超',1,1),(10,'潘军亮',2,0),(11,'陈杰',2,1);
/*!40000 ALTER TABLE `user` ENABLE KEYS */;
UNLOCK TABLES;
/*!40103 SET TIME_ZONE=@OLD_TIME_ZONE */;

/*!40101 SET SQL_MODE=@OLD_SQL_MODE */;
/*!40014 SET FOREIGN_KEY_CHECKS=@OLD_FOREIGN_KEY_CHECKS */;
/*!40014 SET UNIQUE_CHECKS=@OLD_UNIQUE_CHECKS */;
/*!40101 SET CHARACTER_SET_CLIENT=@OLD_CHARACTER_SET_CLIENT */;
/*!40101 SET CHARACTER_SET_RESULTS=@OLD_CHARACTER_SET_RESULTS */;
/*!40101 SET COLLATION_CONNECTION=@OLD_COLLATION_CONNECTION */;
/*!40111 SET SQL_NOTES=@OLD_SQL_NOTES */;

-- Dump completed on 2018-12-19  1:00:03
